index,BloodMercuryTotalUgl,WTMEC2YR
5855,0.34,72730.2184845763
4635,0.2,135954.264094674
5246,0.2,56868.9076569545
4576,0.64,20129.6560992774
5045,0.2,29793.2607505817
1690,0.68,44391.2730553701
966,0.4,37869.6656773812
604,0.79,249636.771221841
6592,0.2,302433.214834838
4815,1.13,22175.8813958306
