index,EverToldYouHadHeartAttack,WTMEC2YR
4372,0.0,15117.5975722344
1669,0.0,57787.5361604703
6625,0.0,110963.928550483
3108,0.0,30927.8978904449
1884,0.0,35452.470348723
7571,1.0,93072.6615693225
5434,0.0,176836.544071642
2259,0.0,55698.23768138
