index,BloodMercuryTotalUgl,WTMEC2YR
6887,0.2,110410.528826236
7751,0.79,24207.5428588122
270,0.46,34528.9184393303
4525,0.2,57912.2750558106
7056,0.71,28916.0541446019
4635,0.2,135954.264094674
6899,0.72,73691.9906495254
