index,BloodMercuryTotalUgl,WTMEC2YR
3642,0.2,25920.5474995777
3383,0.63,34429.0129387237
5221,1.28,155778.335889233
5804,2.1,177758.498982912
5916,0.92,45824.1053315667
52,2.84,212848.251290738
448,1.71,28042.849734712
3521,1.97,306729.710255991
5738,0.98,24155.0167790912
