index,EverToldYouHadHeartAttack,WTMEC2YR
2871,0.0,12914.2202625423
1566,1.0,27937.1752801487
6625,0.0,110963.928550483
6633,0.0,20208.9489573388
7249,0.0,38238.4687385411
1669,0.0,57787.5361604703
1884,0.0,35452.470348723
1066,0.0,22192.8058437188
