index,HaveSeriousDifficultyConcentrating,WTMEC2YR
7089,0.0,35975.3630535982
814,0.0,58858.0154090526
5853,0.0,7125.98454860852
634,0.0,237630.139583614
2587,0.0,69702.8795367565
5564,0.0,24978.4267837715
5321,0.0,125218.485607075
3636,1.0,116445.203712449
7364,0.0,136083.096688325
7721,0.0,221691.66278433
3309,0.0,83947.5173918593
2444,0.0,51369.4330730185
254,0.0,95031.561744197
3080,0.0,99750.0347598769
4704,0.0,51475.1799882992
