index,HaveSeriousDifficultyConcentrating,WTMEC2YR
1594,0.0,15043.6835121143
5616,0.0,181531.267242831
2933,0.0,49790.657395719
5697,0.0,13329.4547485306
737,0.0,203543.196846148
3326,0.0,137719.501162492
6499,0.0,41459.1428509424
2243,0.0,63984.1703066683
2724,0.0,262904.172567268
208,0.0,125800.888013629
3499,0.0,54358.8587778983
4129,0.0,281271.94059347
3521,0.0,306729.710255991
4113,0.0,110582.131352321
4783,0.0,53278.9083099047
5535,0.0,46459.7365430318
1885,0.0,26808.6084186776
