index,CoveredByHealthInsurance,WTMEC2YR
7864,1.0,117835.461348118
2249,1.0,207852.912081517
1976,1.0,115815.10712497
7514,1.0,98716.9523304193
817,1.0,78281.8750170408
7235,1.0,118365.248924027
3192,1.0,37354.5131771682
378,1.0,177352.782966259
1715,1.0,172750.291185162
5058,1.0,62405.1023901247
6842,1.0,27615.4419657602
1650,1.0,75823.2953275086
7877,1.0,43005.0219688712
