index,CoveredByHealthInsurance,WTMEC2YR
5322,1.0,158002.053973426
1426,1.0,217665.468272573
4001,1.0,6924.16140351584
3887,1.0,37266.2168105907
1041,1.0,221581.408308498
2373,1.0,123868.246903015
3289,1.0,88937.1678854062
3196,1.0,24032.8503921122
867,1.0,181104.408586445
838,1.0,180878.018051287
8104,1.0,121635.669672066
7240,0.0,19416.6222364779
1932,1.0,151305.124969893
4531,1.0,14716.9337409178
5416,1.0,70857.0411331257
