index,BloodCadmiumUgl,WTMEC2YR
5600,0.58,23109.6638996512
5566,0.19,150147.039038896
1282,0.33,10809.3963551141
5290,0.81,25205.8029389349
4277,0.52,85962.1577614505
3111,0.4,30759.2774466936
3752,0.17,161213.584692293
7624,0.18,273880.86292065
2194,0.53,137734.386956601
375,0.17,72777.3049919816
4636,1.1,66568.2739181378
4893,0.24,154220.762874309
441,0.12,125655.744970394
6866,1.0,148338.962063924
4445,0.12,94086.3278703975
