index,CoveredByHealthInsurance,WTMEC2YR
1455,1.0,9430.03970862812
4277,0.0,85962.1577614505
4155,1.0,28492.809926356
2281,1.0,40381.443817349
8243,1.0,13073.9083060322
3289,1.0,88937.1678854062
7009,1.0,207829.112758375
6865,1.0,15534.2448946504
6414,1.0,62446.3086939857
6348,0.0,125026.318098926
6201,1.0,98477.9045071227
1938,1.0,35234.0882013715
4495,1.0,116488.255366268
2373,1.0,123868.246903015
1236,1.0,32650.3002910157
2249,1.0,207852.912081517
7689,1.0,111609.790302581
