index,CoveredByHealthInsurance,WTMEC2YR
5322,1.0,158002.053973426
2142,1.0,200294.735191465
1426,1.0,217665.468272573
7156,1.0,19868.0492795616
1598,1.0,96300.8850961369
7000,1.0,100556.31219906
2163,1.0,109028.612025016
