index,CoveredByHealthInsurance,WTMEC2YR
1960,1.0,30510.5525828713
5923,1.0,127791.919413601
1472,1.0,96526.6115810372
4765,1.0,24083.6795195037
4359,1.0,26261.0525479543
6170,1.0,66732.8285984723
2249,1.0,207852.912081517
5402,1.0,65771.9589304709
