index,BloodCadmiumUgl,WTMEC2YR
301,0.34,95567.1598742745
5728,0.22,23342.2091603602
931,0.07,339593.351323581
1948,0.51,20088.7105838507
7624,0.18,273880.86292065
4483,0.26,33612.8511662752
2218,0.38,100348.318986344
1740,0.83,122298.046092623
2818,0.17,71240.2557958759
