index,BloodCadmiumUgl,WTMEC2YR
7380,1.44,28232.4794695494
8050,0.65,44927.6402368925
3930,2.95,72833.3394880091
4152,0.22,61125.4129856358
1869,0.24,58269.3543752445
2253,0.28,87990.8679147109
