index,CoveredByHealthInsurance,WTMEC2YR
2218,1.0,100348.318986344
6686,0.0,125625.841523287
2142,1.0,200294.735191465
7395,1.0,31996.4535988932
6470,1.0,85172.5994847058
3946,1.0,192913.74013985
8266,1.0,235360.4668174
7009,1.0,207829.112758375
