index,CoveredByHealthInsurance,WTMEC2YR
3668,1.0,122013.968424775
3946,1.0,192913.74013985
2861,1.0,144910.515020423
8057,1.0,261074.049697366
3830,1.0,164921.144740659
4344,1.0,97057.4985731975
