index,CoveredByHealthInsurance,WTMEC2YR
8104,1.0,121635.669672066
8266,1.0,235360.4668174
1465,1.0,239893.12382842
2249,1.0,207852.912081517
2119,1.0,44961.6065560007
2163,1.0,109028.612025016
7539,1.0,162308.482121441
