index,BloodCadmiumUgl,WTMEC2YR
1740,0.83,122298.046092623
3817,0.32,44702.6656180885
4174,0.87,135154.322203794
848,0.59,100348.65382643
4158,0.35,74417.9312328694
8037,0.61,14793.4503073779
1808,0.35,17318.3665870144
