index,EverToldYouHadCancerOrMalignancy,WTMEC2YR
8200,0.0,27229.4145824578
4026,0.0,107122.806839875
8055,0.0,118521.430603195
254,0.0,95031.561744197
2009,0.0,36644.7558233763
6253,0.0,20282.3881357166
2341,0.0,133368.525340242
5811,0.0,130915.673529241
3010,0.0,124173.47167798
