index,WeightKg,WTMEC2YR
6383,58.7,10515.9741578552
2560,48.7,335750.886789248
3926,70.4,12243.4729308585
5881,61.0,24595.2902618341
6004,69.2,51720.746860873
604,65.9,249636.771221841
1826,64.0,34247.9088905661
6648,59.6,27760.6362856181
2195,47.5,38029.6663447891
19,64.9,229129.236930365
375,59.2,72777.3049919816
277,62.9,11904.8662278186
8224,54.3,19757.5118528224
