index,WeightKg,WTMEC2YR
1826,64.0,34247.9088905661
4188,53.9,34938.7934713902
2560,48.7,335750.886789248
3761,61.7,11634.3538396613
3926,70.4,12243.4729308585
604,65.9,249636.771221841
2327,54.8,14989.8515456914
5100,53.2,11360.8178796371
5084,65.7,39493.4094438075
5881,61.0,24595.2902618341
8227,69.0,33100.4327111552
6004,69.2,51720.746860873
19,64.9,229129.236930365
739,61.2,13073.8895691193
