index,BloodCadmiumUgl,WTMEC2YR
4942,0.17,197924.026946561
507,0.89,22192.8058437188
4124,0.63,76386.673391427
6668,0.75,197924.026946561
5587,0.14,110144.921768485
2924,0.29,122013.968424775
5483,0.77,84725.3473127015
6931,0.64,174956.95399407
