index,BloodCadmiumUgl,WTMEC2YR
1301,2.18,169435.34266015
347,0.26,195848.960094735
8210,0.36,185636.238129971
5483,0.77,84725.3473127015
4452,0.17,18506.7673463138
58,0.14,75727.2715898599
6668,0.75,197924.026946561
