index,WeightKg,WTMEC2YR
3142,57.3,17583.7267480916
604,65.9,249636.771221841
5100,53.2,11360.8178796371
6642,63.4,25149.8581304242
989,66.1,17676.1522567367
826,65.1,14218.0469807005
2560,48.7,335750.886789248
6624,56.8,90204.3630335885
8361,49.0,18338.7111040242
4340,58.7,31932.5881496489
19,64.9,229129.236930365
2819,68.9,8351.46233976571
6648,59.6,27760.6362856181
1676,55.1,34916.8440394955
3441,70.2,25856.1694889481
