index,WeightKg,WTMEC2YR
6624,56.8,90204.3630335885
2195,47.5,38029.6663447891
4862,67.8,9786.3749641549
3910,76.0,19992.2932715583
19,64.9,229129.236930365
1229,51.0,21633.3342589134
604,65.9,249636.771221841
1826,64.0,34247.9088905661
6024,52.2,18940.5072471892
6642,63.4,25149.8581304242
2299,50.7,17639.8184363588
2662,57.8,29147.7666067358
7518,47.4,34172.0158908507
2560,48.7,335750.886789248
