index,BloodCadmiumUgl,WTMEC2YR
4265,0.35,104236.394704154
3563,0.2,57401.4220909374
3926,0.6,12243.4729308585
5483,0.77,84725.3473127015
6284,0.52,42015.6499310682
4686,0.22,35129.9944184083
2924,0.29,122013.968424775
637,1.15,43280.6309456573
4811,0.59,13173.995963156
