index,WeightKg,WTMEC2YR
19,64.9,229129.236930365
604,65.9,249636.771221841
6004,69.2,51720.746860873
1826,64.0,34247.9088905661
6624,56.8,90204.3630335885
2560,48.7,335750.886789248
5100,53.2,11360.8178796371
5881,61.0,24595.2902618341
456,59.7,25928.1372421271
1676,55.1,34916.8440394955
4500,62.3,8588.97649984505
5376,63.3,13344.4899668257
