index,HaveSeriousDifficultyConcentrating,WTMEC2YR
597,0.0,109985.385795053
6271,0.0,49571.8928142366
7726,1.0,58286.5765373617
7571,1.0,93072.6615693225
1845,0.0,27332.9692694616
5784,0.0,14071.195277206
2967,0.0,84406.3961619592
6235,0.0,107744.011062948
3818,0.0,53510.5969219115
3376,1.0,68431.69656516
5732,1.0,46847.9223078435
6110,1.0,190541.567962775
7480,0.0,12469.5380578907
4768,0.0,11199.3158417699
7156,0.0,19868.0492795616
3204,0.0,19253.4696788081
