index,HaveSeriousDifficultyConcentrating,WTMEC2YR
1532,1.0,27776.0739945173
7298,0.0,23040.3995506711
8050,1.0,44927.6402368925
5603,0.0,125158.750383651
3376,1.0,68431.69656516
7726,1.0,58286.5765373617
2967,0.0,84406.3961619592
