index,BloodCadmiumUgl,WTMEC2YR
8031,0.5,13309.623548159
7721,0.33,221691.66278433
798,0.18,112979.113574068
254,0.73,95031.561744197
3093,0.07,11899.8018406832
375,0.17,72777.3049919816
93,0.28,41266.918771641
1882,0.64,30326.9971499205
3924,0.12,53144.2874193858
4051,0.1,219248.044843692
6064,0.12,160432.980200403
867,0.13,181104.408586445
2871,0.1,12914.2202625423
6037,0.77,90523.8508599872
7353,0.49,37082.3655787845
1107,0.87,99340.4834813457
