index,DoctorToldYouHaveDiabetes,WTMEC2YR
3309,0,83947.5173918593
6709,0,94676.5814561832
3492,0,312634.31996995
509,0,19910.3679549913
4003,0,10274.7891243262
3662,0,139754.70172925
76,0,59166.3008903357
2551,0,109756.75970328
4662,0,85273.8165879544
1287,0,35594.1579646281
951,0,134179.896212121
7723,0,88578.7249274622
2793,0,71739.9893898942
6229,0,41679.5946297578
6931,0,174956.95399407
604,1,249636.771221841
239,0,66978.9140489359
