index,DoctorToldYouHaveDiabetes,WTMEC2YR
4653,0,100137.642810976
3953,0,45896.4352418698
2420,0,161797.163131308
2867,0,192920.68404484
1594,0,15043.6835121143
7181,0,70904.0592498457
690,0,48998.1648314626
5844,0,50187.7301783261
3631,0,54757.2984538102
