index,DoctorToldYouHaveDiabetes,WTMEC2YR
375,1,72777.3049919816
2509,0,52252.6403595674
5785,0,108139.389978118
8162,0,71351.9584788363
341,0,169951.021740598
5703,0,22151.1529549683
6686,0,125625.841523287
806,0,128916.297249741
550,0,74591.8604870378
