index,EverToldYouHadHeartAttack,WTMEC2YR
1109,0.0,90967.3796258704
1795,0.0,56539.6129254386
7042,0.0,35609.1933174731
149,0.0,61180.7407817132
3750,0.0,30118.4507108523
2842,0.0,11032.1981050732
3337,0.0,142823.509105085
2513,0.0,49750.1695411938
1472,0.0,96526.6115810372
7559,1.0,50812.4699102768
1976,0.0,115815.10712497
7412,0.0,47069.6027556038
8137,0.0,53307.5229079912
2635,0.0,21646.9649393994
6784,0.0,236115.078498818
8183,0.0,53827.723222393
5350,0.0,30330.6309524686
