index,EverToldYouHadHeartAttack,WTMEC2YR
1472,0.0,96526.6115810372
1827,0.0,86808.8263083968
5361,0.0,33134.4814280855
7343,0.0,19836.2216954498
1091,0.0,62568.658214422
8104,0.0,121635.669672066
7781,0.0,88192.9699415161
2281,0.0,40381.443817349
7104,0.0,10195.0894512446
3337,0.0,142823.509105085
7780,1.0,16488.8470745133
6624,0.0,90204.3630335885
638,0.0,54715.9648040317
1976,0.0,115815.10712497
6842,0.0,27615.4419657602
