index,EverToldYouHadCancerOrMalignancy,WTMEC2YR
6640,0.0,37879.887162608
3492,0.0,312634.31996995
254,0.0,95031.561744197
6127,0.0,37499.7505774282
3010,0.0,124173.47167798
7300,0.0,40119.865550425
5033,0.0,117784.461757979
5430,0.0,46738.0209106042
6686,1.0,125625.841523287
5710,0.0,152100.041311101
3621,0.0,308134.405321506
4026,0.0,107122.806839875
4586,1.0,23020.9697614744
1041,1.0,221581.408308498
3096,0.0,64075.2001635446
318,0.0,86525.9502153861
