index,EverToldYouHadHeartAttack,WTMEC2YR
8339,0.0,90160.2623385276
2253,0.0,87990.8679147109
7371,0.0,112251.239665344
287,0.0,133063.978316127
3482,0.0,69809.6693055092
4483,0.0,33612.8511662752
1183,0.0,146482.39689477
