index,BloodMercuryTotalUgl,WTMEC2YR
499,0.2,86111.3798077894
6230,0.68,268261.513478299
5288,2.3,182443.741373503
3867,0.6,20563.1174682449
6389,0.2,40377.2152341441
1725,0.7,59211.7447060317
6720,0.2,56192.4495604699
2656,1.26,33299.2845477207
7198,0.54,174017.587362904
5878,0.38,294436.247388358
1651,11.35,266075.672527355
1954,1.71,145376.500648366
5866,0.56,320792.726122231
7175,0.2,23333.3506215646
5078,0.2,35679.8055789298
7689,0.48,111609.790302581
6205,1.4,221823.418900595
