index,BloodMercuryTotalUgl,WTMEC2YR
2713,1.34,104516.22927615
6898,3.23,62492.91941421
7108,0.56,36080.9562864667
2329,1.03,16154.6805504219
4577,5.73,154923.393857915
104,3.62,276495.955353976
867,1.26,181104.408586445
7763,0.42,19736.5637687434
1644,0.57,145674.53828034
