index,DoctorToldYouHaveDiabetes,WTMEC2YR
2713,0,104516.22927615
7735,0,51667.282218106
344,0,68094.3308144997
4961,0,38135.9923811913
3595,0,60016.153438961
5331,0,92440.1870574315
6502,0,89192.6704654645
1033,0,245217.752175739
1644,0,145674.53828034
3623,0,53585.3189516753
3711,0,32239.3110727024
690,0,48998.1648314626
2474,0,253619.35600209
2062,0,30335.0407579969
4555,0,77419.3035617956
3354,0,43713.150808024
3612,0,54873.4236228532
