index,DoctorToldYouHaveDiabetes,WTMEC2YR
3595,0,60016.153438961
2525,0,90885.3791848606
6502,0,89192.6704654645
1856,0,30379.8239616851
897,0,25723.8643887569
6004,1,51720.746860873
1644,0,145674.53828034
