index,BloodCadmiumUgl,WTMEC2YR
3012,0.2,61835.4696824814
4456,0.19,29507.5934888203
2075,0.4,56301.7826402927
1513,0.13,19822.9598674434
141,0.15,95014.1410621128
6263,0.39,84653.969803616
4300,0.37,29201.7989757431
7350,0.1,25536.3434689127
5611,0.24,25919.420429303
6458,0.17,32975.4469579835
2725,0.82,99890.4565048424
4055,0.55,36176.2303366632
7439,0.39,45505.9201920779
