index,BloodCadmiumUgl,WTMEC2YR
3822,0.2,284008.386336762
4483,0.26,33612.8511662752
2010,0.28,76389.8698824111
7959,0.31,22382.0744215962
8032,0.19,139777.428760594
4074,0.22,30731.4358571927
6942,0.19,78705.7326488209
7808,0.21,233972.405849731
5269,0.2,38006.430016287
