index,BloodCadmiumUgl,WTMEC2YR
2437,0.2,35943.1928009553
3685,0.07,118184.756400046
4317,0.17,45289.9688484514
1628,0.41,35564.7797110539
442,0.1,113714.752209952
8202,0.74,50365.0472479157
6470,0.15,85172.5994847058
6329,0.31,142001.400958086
701,0.22,132837.618885183
2230,1.11,34170.1468410432
6289,0.36,47558.3281920548
