index,BloodCadmiumUgl,WTMEC2YR
1499,0.16,265875.433667499
3372,0.77,221220.827941338
573,0.43,337044.246949881
7198,0.3,174017.587362904
5365,0.23,14159.5188511467
4062,0.15,248771.632648273
8218,0.69,34827.5506887139
7698,0.07,178221.624161462
1093,0.17,83451.2105173788
7422,0.44,16195.4363822922
