index,EverToldYouHadHeartAttack,WTMEC2YR
6625,0.0,110963.928550483
7249,0.0,38238.4687385411
7571,1.0,93072.6615693225
2080,1.0,25284.7361793116
3189,0.0,20521.6059381824
842,0.0,51137.3379889734
2090,0.0,6862.43709668188
156,1.0,20486.5287680835
