index,DoctorToldYouHaveDiabetes,WTMEC2YR
6374,0,166329.586364755
7269,0,87512.457112567
2525,0,90885.3791848606
6052,0,10423.5189698904
295,0,40566.7844908824
3267,0,33003.9345943361
6880,0,61372.6255273763
1033,0,245217.752175739
6494,0,34374.3099398583
7700,0,57406.269716542
2474,0,253619.35600209
6342,0,115896.932518449
2554,0,49629.7963666772
5204,0,65200.4655619133
7270,1,126474.184331103
4555,0,77419.3035617956
6631,0,33148.3273450378
