index,DoctorToldYouHaveDiabetes,WTMEC2YR
344,0,68094.3308144997
6374,0,166329.586364755
7269,0,87512.457112567
7826,0,57879.1630204128
5331,0,92440.1870574315
1703,0,23556.9059589943
1856,0,30379.8239616851
