index,BloodCadmiumUgl,WTMEC2YR
1663,0.07,183981.376912143
4855,0.14,109691.147805208
5815,0.18,188388.363550207
477,0.11,60437.1471131226
6337,0.2,30878.0711280454
5362,0.23,131784.670882851
104,0.24,276495.955353976
5970,0.47,14002.5077414552
6603,1.3,185328.33125808
1465,0.72,239893.12382842
7806,0.17,45545.5955184312
5542,0.44,180906.463686905
6478,0.28,40726.2252797773
1357,0.29,10996.1457551276
6147,0.26,165354.962265944
2873,0.36,22174.1407857927
