index,BloodMercuryTotalUgl,WTMEC2YR
5152,0.29,28726.2246183104
5723,0.2,92057.5778930173
3495,0.2,64634.3111867281
7505,1.33,11221.3285547664
3252,0.2,131802.295296985
2535,0.2,31555.2082983788
1041,0.73,221581.408308498
2997,0.29,85280.5209620755
1429,0.2,74577.2069754017
