index,BloodMercuryTotalUgl,WTMEC2YR
1906,0.2,197224.657199677
1138,4.13,82650.2935401507
5534,1.64,58923.728991717
395,1.18,38116.9046485001
1230,0.33,52623.5389247743
4619,3.5,28349.7641204345
5589,0.35,47188.8904067242
5723,0.2,92057.5778930173
5430,0.2,46738.0209106042
4293,2.17,81128.9782162292
8239,0.89,30852.0412805536
5954,0.36,54286.9481577738
4525,0.2,57912.2750558106
7542,3.78,50783.9000607284
3495,0.2,64634.3111867281
367,0.4,27389.6173429771
1041,0.73,221581.408308498
