index,BloodMercuryTotalUgl,WTMEC2YR
7526,0.2,105081.123610655
7075,1.05,64119.2579991607
6776,0.39,91803.9218736802
3372,0.44,221220.827941338
963,2.77,12368.7998293492
7620,1.72,68122.0568085057
1041,0.73,221581.408308498
3252,0.2,131802.295296985
