index,WeightKg,WTMEC2YR
5808,50.6,70149.7620182459
806,54.6,128916.297249741
4300,71.0,29201.7989757431
798,60.7,112979.113574068
5426,49.7,17032.7105129642
7727,71.0,15385.9510705454
7713,60.8,36534.9240719807
5623,58.5,139660.521374717
4732,50.9,18930.0657207687
1409,66.7,21482.0918529774
