index,WeightKg,WTMEC2YR
3292,55.0,20329.0702676226
5105,51.5,60312.8215324225
5623,58.5,139660.521374717
798,60.7,112979.113574068
7713,60.8,36534.9240719807
806,54.6,128916.297249741
4177,54.1,25607.8230698689
3775,54.7,32891.3735508266
7638,58.4,12202.1414672609
2497,60.4,221212.865413013
4274,63.9,20405.8975410938
5177,61.8,27714.642353392
