index,BloodMercuryTotalUgl,WTMEC2YR
4293,2.17,81128.9782162292
2548,0.73,59869.1211058635
7728,1.18,78483.7821245894
4619,3.5,28349.7641204345
1429,0.2,74577.2069754017
1230,0.33,52623.5389247743
3372,0.44,221220.827941338
5534,1.64,58923.728991717
3116,0.2,18571.3091283818
1138,4.13,82650.2935401507
493,2.94,50783.9000607284
2886,0.33,27338.1908565141
4463,1.12,42799.6258330142
4832,0.46,81145.3624763354
3495,0.2,64634.3111867281
864,0.73,14084.8121461703
