index,BloodMercuryTotalUgl,WTMEC2YR
1041,0.73,221581.408308498
274,0.32,33140.0338596218
4832,0.46,81145.3624763354
197,0.73,77545.6769957598
6776,0.39,91803.9218736802
7526,0.2,105081.123610655
2286,0.2,48499.245468792
395,1.18,38116.9046485001
7075,1.05,64119.2579991607
7620,1.72,68122.0568085057
2997,0.29,85280.5209620755
3252,0.2,131802.295296985
1138,4.13,82650.2935401507
2548,0.73,59869.1211058635
493,2.94,50783.9000607284
