index,BloodMercuryTotalUgl,WTMEC2YR
2548,0.73,59869.1211058635
2997,0.29,85280.5209620755
1041,0.73,221581.408308498
367,0.4,27389.6173429771
7728,1.18,78483.7821245894
6776,0.39,91803.9218736802
4293,2.17,81128.9782162292
1899,4.12,13601.7286786797
3252,0.2,131802.295296985
197,0.73,77545.6769957598
3495,0.2,64634.3111867281
5108,3.38,47596.7180659626
1138,4.13,82650.2935401507
1230,0.33,52623.5389247743
6281,0.2,29404.213568421
