index,BloodMercuryTotalUgl,WTMEC2YR
1429,0.2,74577.2069754017
6776,0.39,91803.9218736802
4293,2.17,81128.9782162292
390,0.28,18933.5249276472
6676,0.51,38928.4931300462
2997,0.29,85280.5209620755
5156,0.29,15054.7711704538
