index,EverToldYouHadHeartAttack,WTMEC2YR
1669,0.0,57787.5361604703
3108,0.0,30927.8978904449
6625,0.0,110963.928550483
2122,1.0,23329.8230975113
156,1.0,20486.5287680835
2080,1.0,25284.7361793116
7571,1.0,93072.6615693225
7535,0.0,16703.9672392338
