index,EverToldYouHadHeartAttack,WTMEC2YR
1884,0.0,35452.470348723
2240,1.0,17344.9965454269
5510,0.0,22195.1296839537
3632,0.0,12110.9313113045
1475,1.0,20781.4650384493
156,1.0,20486.5287680835
