index,WeightKg,WTMEC2YR
2539,54.4,18091.1925782372
2486,54.0,156022.484952848
5175,70.6,96775.6462840563
6754,51.4,21637.8337839914
7078,65.4,118081.970705338
4606,73.9,256727.440457377
3498,65.0,39096.4600126547
7005,71.9,38358.1083184132
2934,56.1,202666.607385467
