index,EverToldYouHadHeartAttack,WTMEC2YR
6648,0.0,27760.6362856181
318,0.0,86525.9502153861
7228,0.0,22979.5741935511
6146,0.0,52394.6901046593
5137,0.0,33134.4814280855
1379,0.0,37536.9144313765
533,0.0,48102.9518518529
1175,0.0,38528.0199501829
7395,0.0,31996.4535988932
4376,0.0,28623.5040685091
5416,0.0,70857.0411331257
1082,0.0,57450.3230056259
