index,EverToldYouHadHeartAttack,WTMEC2YR
1289,0.0,26352.203416466
1821,0.0,22853.2261751293
1438,0.0,35094.2197085605
6924,0.0,42666.6629898986
2593,0.0,41438.5573602408
8335,0.0,27655.1045644229
3812,0.0,95237.1089077765
