index,EverToldYouHadHeartAttack,WTMEC2YR
7571,1.0,93072.6615693225
5774,0.0,35830.7954971109
4599,0.0,35094.3843642458
7877,0.0,43005.0219688712
1953,0.0,34698.3584684205
6105,0.0,62243.9903132519
6891,0.0,49193.3599440795
4543,0.0,30402.7746821536
