index,WeightKg,WTMEC2YR
288,70.3,36240.1752005771
737,81.6,203543.196846148
2316,97.0,154549.275510269
2084,108.0,29368.8532756792
2686,72.6,101723.299070427
5545,89.8,294522.533492548
490,69.1,30326.9971499205
178,112.8,124293.633054111
