index,WeightKg,WTMEC2YR
2497,60.4,221212.865413013
867,71.0,181104.408586445
5603,95.8,125158.750383651
974,81.1,32046.9578186673
4121,93.0,54648.6288023157
7295,72.5,257298.589682116
3437,119.6,63390.0209563605
