index,WeightKg,WTMEC2YR
910,69.9,21226.9878719024
6842,59.4,27615.4419657602
7883,103.2,75500.5094477248
3966,109.9,185712.655316152
678,105.1,140448.623978493
5201,132.3,124884.456938504
8186,69.6,108370.335485934
