index,WeightKg,WTMEC2YR
3944,40.4,25934.6138873887
3682,73.3,34908.6730251067
1090,74.8,33297.8914126002
5955,91.3,50866.1320975286
2055,103.3,143154.069456553
2836,75.9,143823.257298644
5596,100.3,111398.70987374
6683,67.3,219800.515907889
