index,WeightKg,WTMEC2YR
3406,84.7,51936.0349798471
4797,66.4,11867.6107911789
186,89.0,29226.8688994036
8080,76.6,26959.4857966802
4465,70.2,30438.5203333499
1950,107.9,42696.3837555748
1880,95.5,12822.793268394
5974,125.5,52043.9269965396
5700,97.7,32729.9849042348
