index,WeightKg,WTMEC2YR
3909,81.0,111926.904050272
4030,110.2,20950.8366646067
3415,122.1,25233.2610860087
4344,101.9,97057.4985731975
287,92.5,133063.978316127
2210,93.4,27482.648315857
52,73.1,212848.251290738
5349,102.9,78493.4611821966
2922,59.9,10146.7013479605
7873,124.9,76745.8406070358
