index,CoveredByHealthInsurance,WTMEC2YR
2551,1.0,109756.75970328
7906,1.0,93072.6615693225
4344,1.0,97057.4985731975
8347,1.0,159563.704338979
1843,1.0,93318.1539125971
3329,1.0,64559.6370239986
7583,1.0,37212.9078837083
3492,1.0,312634.31996995
7027,1.0,77940.0058553327
