index,CoveredByHealthInsurance,WTMEC2YR
617,1.0,92610.2262433804
318,1.0,86525.9502153861
3010,1.0,124173.47167798
6976,1.0,152367.631364916
567,1.0,124622.594935855
6055,1.0,50782.6708000112
