index,CoveredByHealthInsurance,WTMEC2YR
1203,1.0,303381.147365378
6186,1.0,288489.404981519
3807,1.0,85852.1578164036
867,1.0,181104.408586445
1465,1.0,239893.12382842
609,1.0,34763.9025684266
318,1.0,86525.9502153861
