index,WeightKg,WTMEC2YR
1902,80.7,79701.21053835
6702,79.2,40889.2968971902
5201,132.3,124884.456938504
5839,84.1,46712.6113995565
857,92.8,33804.8449600158
5074,93.3,20627.2276433354
2540,124.1,23423.3832702839
104,94.9,276495.955353976
2221,61.7,9746.42095637391
2394,75.7,67552.7128239078
573,89.0,337044.246949881
