index,WeightKg,WTMEC2YR
5999,119.2,53476.2519192366
2197,67.3,30835.6534537723
7270,81.2,126474.184331103
917,105.4,34694.1082360624
4693,90.6,90241.5060266633
842,92.1,51137.3379889734
8285,83.4,129217.182631719
