index,CoveredByHealthInsurance,WTMEC2YR
5532,1.0,49679.9816613231
3293,1.0,117212.515513979
8153,1.0,138654.855751892
6983,1.0,13609.7513395284
1041,1.0,221581.408308498
7910,1.0,83160.3594188858
3668,1.0,122013.968424775
