index,CoveredByHealthInsurance,WTMEC2YR
968,1.0,8015.42164657121
4855,1.0,109691.147805208
1236,1.0,32650.3002910157
4728,1.0,41610.3501325621
8153,1.0,138654.855751892
7910,1.0,83160.3594188858
5332,1.0,60830.2333297191
