index,CoveredByHealthInsurance,WTMEC2YR
3293,1.0,117212.515513979
6687,1.0,39292.9221847729
1041,1.0,221581.408308498
5332,1.0,60830.2333297191
1076,1.0,44385.273749512
4740,1.0,47298.0463375116
337,1.0,217036.354787672
3968,1.0,35718.7600619841
