index,WeightKg,WTMEC2YR
7680,72.2,20812.6129673636
1050,92.6,23257.9081255006
3926,70.4,12243.4729308585
8324,73.3,36705.968722719
665,118.1,37751.5351487187
664,94.5,19083.8729901109
6124,91.0,80850.9082236445
1877,117.1,15166.5970853329
