index,WeightKg,WTMEC2YR
7946,99.2,81340.0528599526
6840,112.6,46395.9563508233
6272,100.1,21041.3740451513
5078,62.9,35679.8055789298
3428,76.1,32233.7317368936
2259,76.1,55698.23768138
7249,83.6,38238.4687385411
