index,BloodCadmiumUgl,WTMEC2YR
7282,0.18,158835.504417095
6267,0.07,129734.098069844
216,0.11,65454.8319511032
3575,0.2,143260.600336801
7662,0.79,69072.704318721
5562,0.44,64760.9782811715
4186,0.43,23306.0121867985
2929,1.16,33961.4381392931
7504,0.24,197398.776671838
2170,0.14,98309.9522439559
771,0.66,11172.4540828014
4521,0.13,77454.3623693082
6624,0.82,90204.3630335885
2122,1.28,23329.8230975113
6314,0.3,9849.26036914143
