index,BloodCadmiumUgl,WTMEC2YR
1089,0.14,73904.8557994244
7679,0.22,93317.1475429101
5869,0.14,21081.5720101508
3361,0.27,23780.5037961574
1976,0.72,115815.10712497
5963,0.16,155897.824093287
3016,0.46,32861.9142424838
6317,0.59,57443.0148650591
1455,0.7,9430.03970862812
7994,0.58,13139.1618687749
942,0.16,13595.9439302004
4726,1.61,43086.0078229964
3568,0.13,182239.805595385
3828,0.35,45504.8246840088
3085,0.29,64130.437532084
1114,0.39,37316.6260240938
3636,4.57,116445.203712449
