index,BloodCadmiumUgl,WTMEC2YR
1861,0.1,100289.037362182
4888,1.41,14190.5139225092
2704,0.07,231584.695301426
3135,0.9,29018.7164189216
2423,2.51,26345.1775201069
129,0.42,190727.342267678
7159,0.53,13399.1870655204
1976,0.72,115815.10712497
375,0.17,72777.3049919816
3129,0.07,41326.1112848636
1090,0.21,33297.8914126002
5352,0.59,46559.2724420144
1424,0.22,189007.85930351
6866,1.0,148338.962063924
4014,0.85,51197.0622169154
2028,0.57,140678.179648079
3071,2.83,108780.330229893
