index,BloodCadmiumUgl,WTMEC2YR
7231,0.07,178346.40475293
341,0.1,169951.021740598
2704,0.07,231584.695301426
563,0.53,31203.9262299177
6775,0.46,80500.7581321384
5963,0.16,155897.824093287
81,0.14,269609.43379549
6866,1.0,148338.962063924
3076,0.1,108737.5799299
4658,0.19,23162.5689251025
1369,0.07,53810.5332747233
6110,0.22,190541.567962775
5351,0.1,100139.23201941
6012,0.23,15955.8871567024
