index,BloodCadmiumUgl,WTMEC2YR
4521,0.13,77454.3623693082
1761,0.31,13944.0260380222
5963,0.16,155897.824093287
2368,0.15,35138.6148342951
2967,0.18,84406.3961619592
7559,0.44,50812.4699102768
2525,0.1,90885.3791848606
