index,EverToldYouHadHeartAttack,WTMEC2YR
1462,0.0,60414.0468155249
1713,0.0,35699.1334385281
2593,0.0,41438.5573602408
617,0.0,92610.2262433804
7832,0.0,56232.6785726905
3425,0.0,145245.336904958
6110,1.0,190541.567962775
7726,1.0,58286.5765373617
