index,EverToldYouHadHeartAttack,WTMEC2YR
4859,0.0,36375.7447410148
6686,0.0,125625.841523287
7697,0.0,24696.7768107317
5963,0.0,155897.824093287
2292,0.0,85001.1963405565
2170,0.0,98309.9522439559
3812,0.0,95237.1089077765
673,0.0,46684.2680325729
5973,0.0,12110.9313113045
