index,EverToldYouHadHeartAttack,WTMEC2YR
3993,0.0,68275.0196713611
5732,1.0,46847.9223078435
7626,0.0,53728.4222506661
5332,1.0,60830.2333297191
6404,0.0,92029.6014253463
1727,0.0,143802.038141491
3338,0.0,114702.453417753
