index,BloodCadmiumUgl,WTMEC2YR
1906,0.72,197224.657199677
5603,0.27,125158.750383651
5434,0.14,176836.544071642
4370,2.17,134575.715365229
3629,1.33,165607.375842006
2737,0.1,23342.2091603602
