index,BloodCadmiumUgl,WTMEC2YR
7800,0.81,26982.5560167914
8297,0.21,96784.5419671157
1505,0.3,42065.9570725985
1260,0.07,64142.8637557199
2028,0.57,140678.179648079
7343,1.03,19836.2216954498
7676,0.18,75727.2715898599
3969,0.23,217665.468272573
81,0.14,269609.43379549
4265,0.35,104236.394704154
