index,WeightKg,WTMEC2YR
7559,63.9,50812.4699102768
1109,64.2,90967.3796258704
2281,75.8,40381.443817349
3673,102.9,19331.2787199431
3337,73.6,142823.509105085
4479,71.3,11371.6164354471
6152,45.3,35616.2513260641
6603,101.4,185328.33125808
6784,47.2,236115.078498818
3750,89.0,30118.4507108523
1472,91.7,96526.6115810372
8104,66.7,121635.669672066
1827,83.3,86808.8263083968
2180,55.9,37136.210311489
8327,57.0,32216.8145551803
6350,89.0,90424.8773819806
