index,WeightKg,WTMEC2YR
149,98.1,61180.7407817132
1401,91.7,39350.6794993756
6237,88.7,17027.9581986976
1538,60.3,33341.1764202343
5049,76.0,35520.3727717859
2359,81.4,39213.4543673795
