index,BloodMercuryTotalUgl,WTMEC2YR
5158,0.48,31753.7458522973
3687,0.29,41679.5946297578
4013,0.55,92243.2705512622
7167,0.56,149383.364006446
3403,1.14,62798.6982990303
1487,3.08,54064.3608507968
1141,0.32,49541.4372541212
6836,0.36,51148.7930987336
7706,0.6,156305.081343801
7157,1.01,35895.0465759066
5397,0.28,42502.6973055291
3835,0.39,95942.4514261342
5674,0.57,30756.5402938152
135,0.47,137884.509474123
