index,BloodMercuryTotalUgl,WTMEC2YR
310,0.2,81986.0685792571
2544,0.45,63753.0108596143
5397,0.28,42502.6973055291
1237,0.2,124334.322749208
6223,17.22,32421.8208230372
1669,0.32,57787.5361604703
6348,0.69,125026.318098926
2092,0.37,30553.2177446913
7706,0.6,156305.081343801
3965,0.8,29808.0308615703
6160,0.36,14190.5342597181
4387,0.41,86501.2293488421
5047,0.2,38079.4944852573
6575,1.95,65465.2329413708
1654,6.1,13778.414186072
208,0.39,125800.888013629
4783,0.2,53278.9083099047
