index,BloodMercuryTotalUgl,WTMEC2YR
5609,0.86,120800.986808114
1683,4.45,63053.83588713
1267,1.08,91837.2868125524
19,1.5,229129.236930365
1910,0.86,73633.6335545823
4333,0.38,213587.787815431
2042,0.35,52892.236672477
2704,0.28,231584.695301426
6968,0.5,184939.782716018
6685,5.25,134126.471145649
7680,0.6,20812.6129673636
2713,1.34,104516.22927615
2325,0.46,38746.6672208411
3767,0.39,153632.150767048
4010,0.2,162321.492391845
