index,BloodMercuryTotalUgl,WTMEC2YR
1727,0.69,143802.038141491
2474,1.38,253619.35600209
3612,0.82,54873.4236228532
7094,2.06,105127.753605778
4741,2.67,54886.8181179087
5263,1.28,281295.984028268
914,0.85,91845.596249977
