index,BloodMercuryTotalUgl,WTMEC2YR
7734,0.46,195265.932049904
3638,0.2,36930.3541593652
6374,1.04,166329.586364755
1386,0.86,250520.342892875
580,0.57,147426.706004299
1727,0.69,143802.038141491
6685,5.25,134126.471145649
