index,BloodMercuryTotalUgl,WTMEC2YR
6509,0.2,125852.794461006
2278,1.89,363629.370525946
1054,0.93,31862.1338016214
2724,4.65,262904.172567268
2859,1.38,134410.400965746
81,0.2,269609.43379549
3515,0.3,30934.5724870916
2862,0.5,121356.123347592
