index,BloodMercuryTotalUgl,WTMEC2YR
81,0.2,269609.43379549
1651,11.35,266075.672527355
809,0.2,94067.0601299042
2877,0.35,105280.522135127
2768,0.75,90713.2767341334
7889,0.45,34988.4804019782
2704,0.28,231584.695301426
4452,0.37,18506.7673463138
