index,DoctorToldYouHaveDiabetes,WTMEC2YR
796,0,37541.8041093911
4625,0,30022.9665848995
6230,0,268261.513478299
6025,0,79621.8082311023
8255,0,43702.6362399893
547,0,49547.2791713862
8217,0,26101.6008948224
1783,0,125233.372455346
5103,0,53728.4222506661
5226,0,236419.364239932
3513,0,114420.514481923
4952,0,66537.5552226029
1045,0,57107.2137607394
1980,0,24381.338415451
8302,0,83354.7055594434
1248,0,80666.8649325279
8271,0,40904.6431234249
1355,0,48681.1753694322
