index,DoctorToldYouHaveDiabetes,WTMEC2YR
7689,0,111609.790302581
3509,0,89966.575544671
5499,1,20178.8489564957
6025,0,79621.8082311023
1783,0,125233.372455346
952,0,12829.5053551578
4625,0,30022.9665848995
4952,0,66537.5552226029
