index,BloodLeadUgdl,WTMEC2YR
1894,0.42,163797.605829848
3606,0.29,57093.5580778547
4117,7.02,46680.3484804379
2420,1.15,161797.163131308
5587,1.59,110144.921768485
5815,0.64,188388.363550207
4154,0.37,188854.266624504
4495,1.19,116488.255366268
8318,2.01,16068.0463280809
3404,1.02,16000.9014280867
4577,0.62,154923.393857915
2497,0.93,221212.865413013
896,1.42,220143.511499145
3096,0.83,64075.2001635446
