index,BloodLeadUgdl,WTMEC2YR
2249,2.35,207852.912081517
3338,1.23,114702.453417753
3662,1.51,139754.70172925
5106,0.72,170220.753982675
5926,1.67,219486.01786196
1651,1.07,266075.672527355
