index,EverToldYouHadCancerOrMalignancy,WTMEC2YR
8139,0.0,103433.248183485
2529,0.0,25986.677041492
6719,1.0,65304.1230824253
4567,0.0,26589.9754885247
483,0.0,133053.323479069
4217,0.0,51507.4147193818
287,0.0,133063.978316127
6769,0.0,30646.0329153136
6595,0.0,41074.0017261103
2223,0.0,273249.938436131
4803,0.0,19124.580308032
7775,1.0,12941.6060706006
361,0.0,45319.563182969
4097,0.0,41238.259354585
573,0.0,337044.246949881
7062,0.0,172915.577837413
3632,0.0,12110.9313113045
620,0.0,30665.6517379947
8153,0.0,138654.855751892
1500,0.0,90877.7305814506
