index,EverToldYouHadCancerOrMalignancy,WTMEC2YR
2611,0.0,11845.2954596417
4693,1.0,90241.5060266633
573,0.0,337044.246949881
842,0.0,51137.3379889734
4417,1.0,27877.0905662133
713,0.0,30162.3564931658
5911,0.0,7362.46873852964
1472,1.0,96526.6115810372
8171,0.0,55634.972264129
1400,0.0,24007.3456533744
1500,0.0,90877.7305814506
3801,0.0,18503.5248871735
104,0.0,276495.955353976
2916,0.0,78719.4583498247
5516,0.0,75759.7743256328
620,0.0,30665.6517379947
8050,0.0,44927.6402368925
3518,0.0,7334.03966925615
5057,0.0,38482.77556886
8139,0.0,103433.248183485
450,0.0,252445.411711235
2529,0.0,25986.677041492
1753,0.0,67267.6252176093
5603,0.0,125158.750383651
1430,0.0,9717.62938395216
6175,0.0,68845.4483157131
5033,0.0,117784.461757979
7781,1.0,88192.9699415161
4859,0.0,36375.7447410148
4097,0.0,41238.259354585
4495,1.0,116488.255366268
1771,0.0,9471.82604111725
481,0.0,16053.2785339497
5404,0.0,15389.5026537415
1024,0.0,66507.8410675663
791,0.0,19229.686477372
5700,0.0,32729.9849042348
6426,0.0,28248.9858576304
1050,0.0,23257.9081255006
6373,0.0,49928.9207518923
6467,0.0,151132.153271412
2392,0.0,73026.1708821077
6124,0.0,80850.9082236445
5236,0.0,12760.3788249066
2625,1.0,45614.8651701355
409,0.0,17154.297793627
2631,0.0,15903.189721298
8153,0.0,138654.855751892
3626,0.0,36270.4070523964
3714,0.0,41377.7037642641
1575,1.0,54197.2644935803
2223,0.0,273249.938436131
1082,1.0,57450.3230056259
6828,0.0,26886.9396907554
2591,0.0,25001.8512201456
664,1.0,19083.8729901109
2751,0.0,9436.48083275591
2430,0.0,46326.6817491255
6687,1.0,39292.9221847729
8137,1.0,53307.5229079912
287,0.0,133063.978316127
4562,0.0,48480.1557664953
