index,EverToldYouHadCancerOrMalignancy,WTMEC2YR
6674,0.0,28345.5849090328
2611,0.0,11845.2954596417
1050,0.0,23257.9081255006
6330,0.0,27784.4684033976
2916,0.0,78719.4583498247
5057,0.0,38482.77556886
3865,1.0,11905.6855403759
7946,0.0,81340.0528599526
2210,0.0,27482.648315857
