index,EverToldYouHadCancerOrMalignancy,WTMEC2YR
322,0.0,45961.9509408831
664,1.0,19083.8729901109
6467,0.0,151132.153271412
4200,0.0,38881.420787589
1500,0.0,90877.7305814506
6114,0.0,37824.6252723679
1575,1.0,54197.2644935803
4735,0.0,16791.4320841084
