index,EverToldYouHadCancerOrMalignancy,WTMEC2YR
4200,0.0,38881.420787589
6330,0.0,27784.4684033976
3085,0.0,64130.437532084
6467,0.0,151132.153271412
7372,1.0,10237.3073726172
450,0.0,252445.411711235
104,0.0,276495.955353976
1050,0.0,23257.9081255006
4756,1.0,25624.2094463232
4495,1.0,116488.255366268
1940,1.0,21498.0767009936
