index,WeightKg,WTMEC2YR
2477,56.4,105032.384813012
3659,58.5,67499.8960188999
1041,69.5,221581.408308498
8327,57.0,32216.8145551803
4647,56.5,34288.9353615471
254,60.1,95031.561744197
2240,64.3,17344.9965454269
6610,58.6,74273.6274154273
739,61.2,13073.8895691193
1301,49.2,169435.34266015
3972,71.5,38211.6538094582
5430,77.4,46738.0209106042
6562,70.1,162895.797149377
5054,54.0,39865.6111642222
4650,51.7,68916.2960161287
2783,51.2,51942.385284526
