index,WeightKg,WTMEC2YR
1076,65.2,44385.273749512
5857,51.7,10049.3152228844
6686,47.6,125625.841523287
8053,61.3,16649.5736678312
2783,51.2,51942.385284526
2477,56.4,105032.384813012
3659,58.5,67499.8960188999
5430,77.4,46738.0209106042
6562,70.1,162895.797149377
4765,52.8,24083.6795195037
1960,53.8,30510.5525828713
1301,49.2,169435.34266015
254,60.1,95031.561744197
3293,56.3,117212.515513979
7726,45.4,58286.5765373617
