index,WeightKg,WTMEC2YR
6562,70.1,162895.797149377
2477,56.4,105032.384813012
6610,58.6,74273.6274154273
6686,47.6,125625.841523287
1962,48.9,20006.0661416766
1960,53.8,30510.5525828713
2783,51.2,51942.385284526
