index,HaveSeriousDifficultyConcentrating,WTMEC2YR
1651,0.0,266075.672527355
7940,0.0,99398.2546012838
1039,0.0,32631.1168179893
2685,0.0,173431.037273958
2278,0.0,363629.370525946
357,0.0,167220.69884342
888,0.0,227337.6812928
5587,0.0,110144.921768485
5998,1.0,47700.0873345667
