index,HaveSeriousDifficultyConcentrating,WTMEC2YR
5879,0.0,22280.6234015192
1465,0.0,239893.12382842
896,0.0,220143.511499145
7888,0.0,31960.5351134722
3690,0.0,13772.628441092
1894,0.0,163797.605829848
3946,0.0,192913.74013985
4741,0.0,54886.8181179087
2580,0.0,43805.4870501756
