index,DoctorToldYouHaveDiabetes,WTMEC2YR
791,1,19229.686477372
796,0,37541.8041093911
2988,0,36569.2960224069
8271,0,40904.6431234249
4952,0,66537.5552226029
1045,0,57107.2137607394
3682,0,34908.6730251067
5103,0,53728.4222506661
1248,0,80666.8649325279
4765,0,24083.6795195037
7960,0,25208.8868649344
3513,0,114420.514481923
8302,0,83354.7055594434
5839,1,46712.6113995565
7689,0,111609.790302581
3509,0,89966.575544671
1058,0,38188.307021539
