index,DoctorToldYouHaveDiabetes,WTMEC2YR
1783,0,125233.372455346
2759,0,25832.8936929767
6025,0,79621.8082311023
5839,1,46712.6113995565
5499,1,20178.8489564957
4311,0,63810.6544455854
4460,0,42879.1846872496
6758,0,29227.9158487236
7416,0,17472.0179357805
7689,0,111609.790302581
1677,0,43683.8960060217
2288,0,70180.0098820327
5274,0,15302.2495053932
4952,0,66537.5552226029
