index,DoctorToldYouHaveDiabetes,WTMEC2YR
6862,0,37216.6079974989
3509,0,89966.575544671
2288,0,70180.0098820327
3908,0,44775.6015213158
4765,0,24083.6795195037
6645,1,9630.49160146087
8302,0,83354.7055594434
4460,0,42879.1846872496
5226,0,236419.364239932
7405,0,20413.5079075616
