index,DoctorToldYouHaveDiabetes,WTMEC2YR
298,0,122602.430673073
8153,1,138654.855751892
1462,0,60414.0468155249
7027,1,77940.0058553327
1558,0,373049.101439956
4495,1,116488.255366268
1426,0,217665.468272573
