index,DoctorToldYouHaveDiabetes,WTMEC2YR
1626,0,78101.4844425178
7929,0,83257.3110209002
2498,0,29920.7696860307
4495,1,116488.255366268
4972,0,243429.27116423
7806,0,45545.5955184312
7706,0,156305.081343801
