index,BloodCadmiumUgl,WTMEC2YR
2704,0.07,231584.695301426
579,0.23,74861.2928153362
714,0.12,18146.8764907364
6379,0.56,278720.986620934
1776,0.27,180858.246973633
7526,0.77,105081.123610655
3614,0.26,48745.9217722376
3948,0.23,127577.23761082
3492,0.35,312634.31996995
6011,0.45,138987.48089651
3969,0.23,217665.468272573
1727,0.1,143802.038141491
1663,0.07,183981.376912143
