index,BloodCadmiumUgl,WTMEC2YR
6458,0.17,32975.4469579835
2119,0.26,44961.6065560007
8222,0.31,28334.4006052487
6495,0.24,39547.3685270843
220,0.22,11409.4288944863
295,0.11,40566.7844908824
