index,WeightKg,WTMEC2YR
1912,81.6,23572.0178064348
2636,129.6,99434.1674296508
5591,99.5,51165.5915212813
2385,59.8,8922.28343282344
6874,95.3,30697.826408031
998,129.8,27943.9491441467
7538,87.0,41657.0208886589
2337,81.4,33538.2614474371
7571,83.0,93072.6615693225
1220,159.2,19430.2302838138
3178,93.2,56888.4507094491
4351,109.7,92029.6014253463
306,80.0,47926.3523561574
7064,130.3,59601.0049043875
