index,WeightKg,WTMEC2YR
7571,83.0,93072.6615693225
26,80.2,28532.9380802784
4174,114.7,135154.322203794
2736,144.6,57155.9089432308
2620,191.4,46033.6287797881
665,118.1,37751.5351487187
1669,97.5,57787.5361604703
4633,111.7,45204.7939810146
5100,53.2,11360.8178796371
1113,117.0,15792.479433176
1373,99.5,63253.2896326339
3795,82.6,5994.97621691861
2327,54.8,14989.8515456914
3178,93.2,56888.4507094491
2636,129.6,99434.1674296508
2922,59.9,10146.7013479605
