index,WeightKg,WTMEC2YR
4174,114.7,135154.322203794
4790,92.8,21658.431040985
2620,191.4,46033.6287797881
7046,61.8,16248.1122261523
7538,87.0,41657.0208886589
1373,99.5,63253.2896326339
1669,97.5,57787.5361604703
5591,99.5,51165.5915212813
