index,BloodLeadUgdl,WTMEC2YR
7873,1.09,76745.8406070358
1618,0.88,99298.3835163364
5518,0.6,96170.7051406744
6170,1.61,66732.8285984723
6526,1.5,37544.6961837736
7704,0.26,109810.264649176
4646,1.41,32773.1575183274
7075,0.66,64119.2579991607
3291,2.34,29354.2215566432
658,1.56,72984.8607767315
7395,2.11,31996.4535988932
2493,1.51,48716.6973380656
1301,2.14,169435.34266015
5923,2.19,127791.919413601
7648,0.97,8457.44276009267
5964,0.76,156240.057335583
