index,BloodLeadUgdl,WTMEC2YR
6348,0.73,125026.318098926
1041,0.61,221581.408308498
5964,0.76,156240.057335583
5058,1.95,62405.1023901247
6391,2.29,45153.3543625678
7704,0.26,109810.264649176
4289,0.61,46580.1082181118
4495,1.19,116488.255366268
7401,2.9,60731.1438614204
3830,2.41,164921.144740659
1426,1.34,217665.468272573
3769,0.73,39007.6576051615
1962,1.91,20006.0661416766
7562,1.64,8327.15015497849
867,1.08,181104.408586445
