index,BloodLeadUgdl,WTMEC2YR
867,1.08,181104.408586445
5322,0.86,158002.053973426
1269,1.43,84299.9549239246
4197,0.38,36100.1328359427
2607,0.65,175079.053076806
7704,0.26,109810.264649176
7702,3.43,19762.6372821814
5923,2.19,127791.919413601
5964,0.76,156240.057335583
4693,0.93,90241.5060266633
1112,2.73,71292.7182566561
1426,1.34,217665.468272573
7033,0.6,24401.6866316701
1226,0.79,54035.3036678887
3830,2.41,164921.144740659
