index,BloodLeadUgdl,WTMEC2YR
2607,0.65,175079.053076806
6170,1.61,66732.8285984723
5049,0.66,35520.3727717859
838,0.35,180878.018051287
5923,2.19,127791.919413601
3170,3.13,16873.4027080625
5322,0.86,158002.053973426
5518,0.6,96170.7051406744
1426,1.34,217665.468272573
