index,DoctorToldYouHaveDiabetes,WTMEC2YR
4756,1,25624.2094463232
125,1,24586.0889959942
6467,1,151132.153271412
2392,1,73026.1708821077
8139,1,103433.248183485
3342,1,16732.7045637977
5819,1,25233.2610860087
1940,1,21498.0767009936
3550,1,76614.6063556271
5434,1,176836.544071642
2625,1,45614.8651701355
175,1,36342.5742950214
1497,1,15017.1532949084
5603,1,125158.750383651
5080,1,60961.623482179
2742,1,28467.7806583275
3085,1,64130.437532084
