index,TakeMedicationForDepression,WTMEC2YR
1141,0.0,49541.4372541212
3797,0.0,40425.4927025968
1297,0.0,58268.5657974819
4276,0.0,77213.665834931
5562,0.0,64760.9782811715
1547,0.0,30497.2830777565
2763,1.0,30933.969242785
476,0.0,22680.5038146116
3104,0.0,28695.3928061272
4952,0.0,66537.5552226029
3050,0.0,62757.685836162
8004,0.0,24754.3738977448
