index,EverToldYouHadHeartAttack,WTMEC2YR
3338,0.0,114702.453417753
4127,0.0,56328.022656808
6110,1.0,190541.567962775
2407,0.0,42053.4323575675
1902,1.0,79701.21053835
310,0.0,81986.0685792571
4277,0.0,85962.1577614505
6404,0.0,92029.6014253463
6105,0.0,62243.9903132519
8347,0.0,159563.704338979
3096,0.0,64075.2001635446
1342,0.0,67035.0894300775
5955,0.0,50866.1320975286
