index,EverToldYouHadHeartAttack,WTMEC2YR
617,0.0,92610.2262433804
5989,0.0,70428.9288825044
7601,0.0,58389.4057052475
1074,0.0,242401.017814568
5231,0.0,33134.4814280855
846,0.0,66671.8986936302
514,0.0,30934.5724870916
4026,0.0,107122.806839875
50,0.0,99269.9578005395
5562,0.0,64760.9782811715
197,0.0,77545.6769957598
1277,0.0,74951.398856718
4276,0.0,77213.665834931
2944,0.0,164492.60199365
2722,0.0,29087.7359131167
