index,BloodMercuryTotalUgl,WTMEC2YR
1438,0.48,35094.2197085605
4710,7.05,416873.538378507
5878,0.38,294436.247388358
5135,0.81,251699.870795621
1650,0.2,75823.2953275086
5518,4.68,96170.7051406744
8266,1.25,235360.4668174
3326,3.05,137719.501162492
7704,0.53,109810.264649176
3673,0.34,19331.2787199431
3344,1.29,145905.676839955
1426,0.76,217665.468272573
6348,0.69,125026.318098926
1638,2.41,18798.4427553925
838,1.4,180878.018051287
