index,BloodMercuryTotalUgl,WTMEC2YR
8022,0.62,148635.653907498
1536,0.49,25310.4196381416
4417,1.62,27877.0905662133
5322,0.88,158002.053973426
1153,0.84,43324.1706938908
3094,1.22,110616.399477862
6784,0.35,236115.078498818
5135,0.81,251699.870795621
