index,BloodMercuryTotalUgl,WTMEC2YR
1618,0.99,99298.3835163364
3337,0.35,142823.509105085
658,1.55,72984.8607767315
7781,0.35,88192.9699415161
492,0.39,14194.790601737
7412,0.2,47069.6027556038
3769,0.4,39007.6576051615
1607,4.09,128366.144125928
