index,WeightKg,WTMEC2YR
4508,85.5,68264.2018662927
6178,90.3,168618.230786039
4576,67.0,20129.6560992774
6612,69.9,109731.692769787
450,99.1,252445.411711235
5483,67.0,84725.3473127015
286,65.0,11882.0354019828
6334,79.6,79818.1025669878
5364,64.0,27304.4905547606
6610,58.6,74273.6274154273
3195,98.8,22439.4966470538
4720,83.4,89218.8921123399
282,68.4,125331.603623969
7265,112.9,30392.3344445687
1618,98.8,99298.3835163364
7702,79.8,19762.6372821814
