index,WeightKg,WTMEC2YR
6612,69.9,109731.692769787
1937,76.8,32982.273543697
2028,89.8,140678.179648079
8310,73.8,80576.8823374625
1692,97.2,74480.8150764318
4720,83.4,89218.8921123399
1109,64.2,90967.3796258704
6334,79.6,79818.1025669878
2394,75.7,67552.7128239078
3071,76.0,108780.330229893
761,83.6,157436.218301964
919,68.2,19275.5393266715
