index,WeightKg,WTMEC2YR
7249,83.6,38238.4687385411
951,62.8,134179.896212121
7629,64.8,35730.8025861871
3398,96.9,42867.8649429988
1380,84.2,54484.5889343214
761,83.6,157436.218301964
6438,59.6,54379.2970261298
