index,WeightKg,WTMEC2YR
1692,97.2,74480.8150764318
5780,51.6,31643.418332961
6562,70.1,162895.797149377
1792,85.5,51340.1364349454
761,83.6,157436.218301964
6334,79.6,79818.1025669878
6350,89.0,90424.8773819806
601,54.5,23489.4643003532
