index,WeightKg,WTMEC2YR
761,83.6,157436.218301964
6603,101.4,185328.33125808
4435,55.5,34713.6006508386
6612,69.9,109731.692769787
6178,90.3,168618.230786039
638,78.6,54715.9648040317
5750,107.6,20396.4285890842
4112,57.7,87666.6369156147
