index,WeightKg,WTMEC2YR
3274,57.1,171537.671962164
7726,45.4,58286.5765373617
7464,56.8,12141.0215570687
7305,63.4,229165.613885539
2944,53.2,164492.60199365
5887,56.6,13274.5149141713
4942,60.7,197924.026946561
3376,55.0,68431.69656516
8347,59.5,159563.704338979
4051,68.6,219248.044843692
617,51.7,92610.2262433804
2169,56.1,61399.2847572588
6686,47.6,125625.841523287
1301,49.2,169435.34266015
6429,50.8,32893.3716507416
846,69.4,66671.8986936302
