index,WeightKg,WTMEC2YR
5902,61.7,37511.1088653309
8347,59.5,159563.704338979
2944,53.2,164492.60199365
3274,57.1,171537.671962164
1076,65.2,44385.273749512
7231,52.7,178346.40475293
4051,68.6,219248.044843692
4942,60.7,197924.026946561
3129,64.4,41326.1112848636
310,75.0,81986.0685792571
8067,58.5,35201.1678788849
6562,70.1,162895.797149377
1392,70.9,116873.987893286
