index,DoctorToldYouHaveDiabetes,WTMEC2YR
5603,1,125158.750383651
2742,1,28467.7806583275
8139,1,103433.248183485
5434,1,176836.544071642
4372,1,15117.5975722344
7742,1,21961.5662473761
3550,1,76614.6063556271
5897,1,18095.1300689585
3952,1,37858.472466356
583,1,24720.7756700321
8016,1,26337.6556532376
7535,1,16703.9672392338
2625,1,45614.8651701355
7938,1,14119.1882650737
3085,1,64130.437532084
2392,1,73026.1708821077
1669,1,57787.5361604703
4756,1,25624.2094463232
