index,WeightKg,WTMEC2YR
7231,52.7,178346.40475293
7305,63.4,229165.613885539
4942,60.7,197924.026946561
1041,69.5,221581.408308498
3752,58.7,161213.584692293
617,51.7,92610.2262433804
6562,70.1,162895.797149377
6495,65.7,39547.3685270843
3284,60.8,73457.0029905856
1667,60.4,168445.708694412
1392,70.9,116873.987893286
5204,71.0,65200.4655619133
4099,49.6,13104.0820740149
3649,38.6,29106.2987854885
