index,WeightKg,WTMEC2YR
3284,60.8,73457.0029905856
617,51.7,92610.2262433804
754,64.9,45088.0853279917
1991,66.6,23881.5630507886
6109,61.3,44888.350303562
4051,68.6,219248.044843692
4009,54.4,18493.8711786479
6404,50.6,92029.6014253463
3274,57.1,171537.671962164
351,83.4,61809.6966018788
7231,52.7,178346.40475293
2301,72.6,25952.1270438441
4942,60.7,197924.026946561
13,74.4,60117.9360692774
2292,38.2,85001.1963405565
