index,DoctorToldYouHaveDiabetes,WTMEC2YR
5698,1,41832.6876556029
5434,1,176836.544071642
842,1,51137.3379889734
6467,1,151132.153271412
3550,1,76614.6063556271
5603,1,125158.750383651
2392,1,73026.1708821077
2742,1,28467.7806583275
4769,1,6074.1093434468
8139,1,103433.248183485
3952,1,37858.472466356
125,1,24586.0889959942
583,1,24720.7756700321
5080,1,60961.623482179
8016,1,26337.6556532376
3085,1,64130.437532084
1669,1,57787.5361604703
2625,1,45614.8651701355
1880,1,12822.793268394
4372,1,15117.5975722344
