index,WeightKg,WTMEC2YR
3190,83.0,45454.061147839
4942,60.7,197924.026946561
591,50.4,36954.4942095866
6465,81.2,37989.3424635332
197,75.8,77545.6769957598
3338,91.3,114702.453417753
7231,52.7,178346.40475293
13,74.4,60117.9360692774
6562,70.1,162895.797149377
5848,73.6,31681.3864044407
8347,59.5,159563.704338979
351,83.4,61809.6966018788
3636,65.9,116445.203712449
3274,57.1,171537.671962164
