index,DoctorToldYouHaveDiabetes,WTMEC2YR
7938,1,14119.1882650737
842,1,51137.3379889734
2742,1,28467.7806583275
8016,1,26337.6556532376
1669,1,57787.5361604703
5819,1,25233.2610860087
125,1,24586.0889959942
3550,1,76614.6063556271
