index,WeightKg,WTMEC2YR
6686,47.6,125625.841523287
3812,50.0,95237.1089077765
7231,52.7,178346.40475293
2699,87.2,15360.5541763503
4942,60.7,197924.026946561
1667,60.4,168445.708694412
6562,70.1,162895.797149377
