index,WeightKg,WTMEC2YR
7155,44.9,24297.543367243
2504,62.3,24347.3784279696
2944,53.2,164492.60199365
1379,59.5,37536.9144313765
6562,70.1,162895.797149377
3636,65.9,116445.203712449
7884,79.4,28754.9720658967
5258,75.8,27856.7824501986
6716,51.6,35108.4905822199
