index,WeightKg,WTMEC2YR
1608,66.8,39587.5115757579
5902,61.7,37511.1088653309
7990,77.3,85412.5927688562
1076,65.2,44385.273749512
4051,68.6,219248.044843692
2944,53.2,164492.60199365
2527,82.5,61809.6966018788
617,51.7,92610.2262433804
