index,DoctorToldYouHaveDiabetes,WTMEC2YR
5603,1,125158.750383651
4756,1,25624.2094463232
5434,1,176836.544071642
7881,1,11613.9517971595
3085,1,64130.437532084
2392,1,73026.1708821077
5212,1,18549.6314819911
8163,1,10346.8264074022
842,1,51137.3379889734
