index,WeightKg,WTMEC2YR
3752,58.7,161213.584692293
3636,65.9,116445.203712449
6545,72.8,42180.8021473132
1392,70.9,116873.987893286
8067,58.5,35201.1678788849
610,55.4,23621.9324142762
3284,60.8,73457.0029905856
