index,TakingInsulinNow,WTMEC2YR
4859,0.0,36375.7447410148
7781,0.0,88192.9699415161
7538,0.0,41657.0208886589
2874,1.0,12559.8334630856
7062,0.0,172915.577837413
3406,0.0,51936.0349798471
1575,0.0,54197.2644935803
483,0.0,133053.323479069
287,0.0,133063.978316127
1472,0.0,96526.6115810372
