index,TakingInsulinNow,WTMEC2YR
6467,1.0,151132.153271412
8119,0.0,5720.08187715848
6561,1.0,23458.9737667025
287,0.0,133063.978316127
7781,0.0,88192.9699415161
4495,0.0,116488.255366268
1575,0.0,54197.2644935803
1050,1.0,23257.9081255006
4859,0.0,36375.7447410148
