index,CoveredByHealthInsurance,WTMEC2YR
4218,1.0,23397.2615404554
492,1.0,14194.790601737
702,1.0,174829.544119193
4894,1.0,20365.1605381442
7064,0.0,59601.0049043875
7790,1.0,36755.8519809876
104,1.0,276495.955353976
6467,1.0,151132.153271412
5819,1.0,25233.2610860087
2221,0.0,9746.42095637391
4855,1.0,109691.147805208
5424,1.0,71078.6551974057
