index,CoveredByHealthInsurance,WTMEC2YR
4855,1.0,109691.147805208
564,1.0,11928.7993079514
702,1.0,174829.544119193
8095,1.0,163857.514702973
6467,1.0,151132.153271412
8259,1.0,25010.6528940453
6114,1.0,37824.6252723679
7064,0.0,59601.0049043875
