index,BloodMercuryTotalUgl,WTMEC2YR
5705,0.2,12660.2522476743
658,1.55,72984.8607767315
5911,0.31,7362.46873852964
6493,0.6,30515.6268428638
122,1.5,10839.5645057804
4874,1.19,17770.3446404348
1960,0.46,30510.5525828713
3565,0.29,43245.3880483784
