index,CoveredByHealthInsurance,WTMEC2YR
4855,1.0,109691.147805208
7270,1.0,126474.184331103
5603,1.0,125158.750383651
856,1.0,27097.9239253829
3012,1.0,61835.4696824814
6467,1.0,151132.153271412
80,1.0,149491.377588386
