index,CoveredByHealthInsurance,WTMEC2YR
8017,1.0,5057.07726363389
80,1.0,149491.377588386
2796,1.0,78459.9109280792
3459,1.0,60482.0408601191
6069,1.0,58845.1726589731
10,1.0,15479.5811980259
3952,1.0,37858.472466356
3884,1.0,71302.9841618051
