index,BloodMercuryTotalUgl,WTMEC2YR
3179,0.96,19163.3309955887
2927,1.11,28406.9231848449
4261,1.48,13981.7489093665
7212,0.81,37234.9902552348
7726,0.2,58286.5765373617
2133,0.87,39342.5770852031
