index,BloodMercuryTotalUgl,WTMEC2YR
5137,0.39,33134.4814280855
2493,0.88,48716.6973380656
2133,0.87,39342.5770852031
6350,0.2,90424.8773819806
658,1.55,72984.8607767315
7396,1.06,31161.0482559291
7726,0.2,58286.5765373617
