index,CoveredByHealthInsurance,WTMEC2YR
8139,1.0,103433.248183485
2874,1.0,12559.8334630856
3884,1.0,71302.9841618051
5510,1.0,22195.1296839537
80,1.0,149491.377588386
3550,1.0,76614.6063556271
2259,0.0,55698.23768138
6467,1.0,151132.153271412
