index,BloodMercuryTotalUgl,WTMEC2YR
2541,0.29,23634.4210162285
6350,0.2,90424.8773819806
6438,0.31,54379.2970261298
3179,0.96,19163.3309955887
7356,0.58,11804.379514489
2708,0.2,47895.1537719943
2834,1.02,15604.8920282755
4261,1.48,13981.7489093665
