index,BloodMercuryTotalUgl,WTMEC2YR
3110,0.31,21473.8849653143
4309,5.86,22945.0151994909
1960,0.46,30510.5525828713
7212,0.81,37234.9902552348
4888,0.2,14190.5139225092
6438,0.31,54379.2970261298
3596,0.2,21622.1338998753
