index,CoveredByHealthInsurance,WTMEC2YR
1669,0.0,57787.5361604703
2240,1.0,17344.9965454269
6059,1.0,22127.5277967688
5080,1.0,60961.623482179
4372,1.0,15117.5975722344
6467,1.0,151132.153271412
3952,1.0,37858.472466356
1161,1.0,42096.4408111257
842,1.0,51137.3379889734
175,1.0,36342.5742950214
6561,1.0,23458.9737667025
