index,CoveredByHealthInsurance,WTMEC2YR
5903,1.0,41535.1211896088
604,1.0,249636.771221841
2910,1.0,284989.445851707
1566,1.0,27937.1752801487
6625,1.0,110963.928550483
2796,1.0,78459.9109280792
1424,1.0,189007.85930351
632,1.0,16101.4166969796
6057,1.0,21615.4357515847
