index,BloodMercuryTotalUgl,WTMEC2YR
6350,0.2,90424.8773819806
4874,1.19,17770.3446404348
1932,0.68,151305.124969893
6354,0.69,50394.2966911037
1361,0.42,15166.5970853329
2834,1.02,15604.8920282755
1025,0.28,75340.2066268465
1960,0.46,30510.5525828713
7726,0.2,58286.5765373617
6842,0.2,27615.4419657602
