index,EverToldYouHadCancerOrMalignancy,WTMEC2YR
6087,0.0,196668.129246055
6784,1.0,236115.078498818
5641,0.0,72668.7228691163
7499,0.0,65371.7516591485
4291,0.0,143124.864598429
6968,0.0,184939.782716018
2867,0.0,192920.68404484
609,0.0,34763.9025684266
1107,0.0,99340.4834813457
78,0.0,55860.3370305436
6317,0.0,57443.0148650591
6863,0.0,213902.49625407
8187,0.0,30441.3323829846
1269,1.0,84299.9549239246
