index,EverToldYouHadCancerOrMalignancy,WTMEC2YR
321,0.0,15591.139776377
3655,0.0,141308.633775769
7959,0.0,22382.0744215962
5945,0.0,83832.0838326574
562,0.0,225034.527060252
6717,0.0,37619.8933135555
5381,0.0,19396.2910340194
6374,0.0,166329.586364755
7535,0.0,16703.9672392338
2799,0.0,31441.4683968543
7564,0.0,37318.3437797623
