index,EverToldYouHadCancerOrMalignancy,WTMEC2YR
3841,0.0,237953.755341776
7813,0.0,189073.832972442
7009,1.0,207829.112758375
7904,1.0,109905.332907733
2372,0.0,80188.0383721041
4076,0.0,41358.0564402388
1689,0.0,65525.8034283383
2497,0.0,221212.865413013
