index,EverToldYouHadCancerOrMalignancy,WTMEC2YR
3080,0.0,99750.0347598769
4556,0.0,65063.040713343
7270,0.0,126474.184331103
3846,0.0,59165.9873414387
1779,0.0,103584.86334948
2978,0.0,45323.1034012056
