index,EverToldYouHadCancerOrMalignancy,WTMEC2YR
6588,0.0,15696.7804477541
2785,0.0,120263.863910751
262,0.0,123408.308538609
3668,1.0,122013.968424775
7198,0.0,174017.587362904
2313,0.0,220018.334538068
4964,0.0,29346.7377488216
6573,0.0,27854.8955641214
8136,0.0,378202.776805226
