index,EverToldYouHadCancerOrMalignancy,WTMEC2YR
3645,0.0,36035.7063116572
5175,0.0,96775.6462840563
6761,0.0,78997.0445453924
2530,0.0,30326.9971499205
7191,0.0,16941.8177803355
1118,0.0,19517.9869807401
7514,1.0,98716.9523304193
