index,EverToldYouHadCancerOrMalignancy,WTMEC2YR
7568,0.0,47690.9716052118
580,0.0,147426.706004299
1897,0.0,156608.473960646
2685,0.0,173431.037273958
245,0.0,154316.654728094
6499,0.0,41459.1428509424
7523,0.0,17486.7567139747
