index,EverToldYouHadCancerOrMalignancy,WTMEC2YR
8239,1.0,30852.0412805536
7917,0.0,120265.004956368
4641,0.0,52995.487583903
2148,0.0,32305.2732556212
6509,0.0,125852.794461006
5718,1.0,78883.8628009756
6668,0.0,197924.026946561
880,1.0,322377.079684728
