index,EverToldYouHadCancerOrMalignancy,WTMEC2YR
2967,0.0,84406.3961619592
139,0.0,253429.471575049
5350,1.0,30330.6309524686
562,0.0,225034.527060252
4532,0.0,126314.982509823
5777,0.0,80422.980342937
7404,0.0,16183.8760313938
2313,0.0,220018.334538068
