index,EverToldYouHadCancerOrMalignancy,WTMEC2YR
2686,0.0,101723.299070427
8285,0.0,129217.182631719
1208,0.0,94148.8489561925
7682,0.0,106978.054210581
8089,0.0,131495.301572173
6985,0.0,152233.743097782
1490,0.0,22948.2683197109
