index,EverToldYouHadCancerOrMalignancy,WTMEC2YR
131,0.0,137651.326918144
6284,0.0,42015.6499310682
3662,0.0,139754.70172925
1217,0.0,268835.646182863
211,0.0,124429.455375418
8320,1.0,117354.999333292
4013,0.0,92243.2705512622
3669,0.0,165542.442625025
4635,0.0,135954.264094674
