index,EverToldYouHadCancerOrMalignancy,WTMEC2YR
5005,0.0,127772.450261739
5418,0.0,36783.3278437203
5322,1.0,158002.053973426
6648,0.0,27760.6362856181
7092,1.0,35668.2949948452
6668,0.0,197924.026946561
5839,1.0,46712.6113995565
5263,0.0,281295.984028268
1529,0.0,42100.7426979428
6373,0.0,49928.9207518923
