index,DoctorToldYouHaveDiabetes,WTMEC2YR
4698,0,31641.4068472349
4654,0,101151.902525581
5061,0,80084.2195375565
3942,0,216961.084125459
7794,0,31949.0198196563
6481,0,29522.8763050522
806,0,128916.297249741
2904,1,43363.5882254724
4675,0,61809.6966018788
8273,0,17346.0946343247
7543,0,86137.2811032929
7908,0,14260.8660468966
7914,0,52282.6536350852
5147,0,189142.302948911
6756,0,82749.6526894326
6624,1,90204.3630335885
2437,0,35943.1928009553
6266,0,54682.7641727933
