index,BloodCadmiumUgl,WTMEC2YR
3269,0.42,67521.3365476278
6235,1.1,107744.011062948
7790,0.11,36755.8519809876
2166,0.2,39060.2220959127
6687,0.93,39292.9221847729
569,0.27,213910.433718455
52,0.37,212848.251290738
5603,0.27,125158.750383651
2636,0.07,99434.1674296508
4197,0.3,36100.1328359427
5809,0.35,139598.139341172
3668,0.24,122013.968424775
8050,0.65,44927.6402368925
2176,0.36,31203.3212235721
8292,0.26,11596.3385720751
8057,0.48,261074.049697366
1041,0.74,221581.408308498
