index,BloodCadmiumUgl,WTMEC2YR
337,0.1,217036.354787672
831,0.17,52103.4560518576
597,2.03,109985.385795053
917,0.82,34694.1082360624
6917,0.31,54720.8590978155
569,0.27,213910.433718455
3538,1.62,24069.9912753417
4440,2.37,26221.4551486132
7671,0.17,77338.1587014857
