index,BloodCadmiumUgl,WTMEC2YR
7571,0.93,93072.6615693225
337,0.1,217036.354787672
381,0.15,16695.1055649009
5809,0.35,139598.139341172
4124,0.63,76386.673391427
4792,0.72,29880.618655799
7937,0.56,9949.22209553468
6385,1.17,47302.5393395155
2620,3.01,46033.6287797881
5706,0.44,6271.92127431681
4239,0.23,19009.8994365521
7300,1.09,40119.865550425
