index,WaistCircumferenceCm,WTMEC2YR
2259,107.2,55698.23768138
5698,108.4,41832.6876556029
6467,117.2,151132.153271412
3668,130.5,122013.968424775
5236,129.0,12760.3788249066
7270,95.0,126474.184331103
80,125.5,149491.377588386
