index,WaistCircumferenceCm,WTMEC2YR
632,105.8,16101.4166969796
1161,142.4,42096.4408111257
2394,107.8,67552.7128239078
1884,102.4,35452.470348723
3459,97.5,60482.0408601191
7370,94.6,30877.5302761935
