index,BloodCadmiumUgl,WTMEC2YR
7790,0.11,36755.8519809876
6373,0.3,49928.9207518923
3293,1.17,117212.515513979
7671,0.17,77338.1587014857
4728,0.2,41610.3501325621
5327,0.28,111349.571065096
6824,5.13,34706.8566339495
6580,0.07,27899.7837459968
