index,BloodCadmiumUgl,WTMEC2YR
4985,0.14,12119.7352007647
52,0.37,212848.251290738
6235,1.1,107744.011062948
4740,0.58,47298.0463375116
469,0.15,16603.0330808325
2620,3.01,46033.6287797881
4311,0.21,63810.6544455854
5370,0.22,307165.26008922
4855,0.14,109691.147805208
6518,0.32,34730.5920427559
