index,BloodLeadUgdl,WTMEC2YR
3459,0.75,60482.0408601191
3085,0.49,64130.437532084
1161,0.25,42096.4408111257
3012,0.67,61835.4696824814
6624,0.52,90204.3630335885
930,0.98,72154.6507071293
7571,1.2,93072.6615693225
5698,0.32,41832.6876556029
4855,0.99,109691.147805208
3884,2.21,71302.9841618051
6625,0.36,110963.928550483
1545,0.91,11968.5796727265
2392,0.47,73026.1708821077
780,1.19,9216.92015717003
