index,BloodLeadUgdl,WTMEC2YR
5084,0.29,39493.4094438075
2596,2.51,39304.6464072963
1424,0.51,189007.85930351
80,0.87,149491.377588386
6624,0.52,90204.3630335885
6467,0.89,151132.153271412
1161,0.25,42096.4408111257
