index,TotalCholesterolMgdl,WTMEC2YR
7817,184.0,38278.9080769788
2837,180.0,22527.3427344844
4855,125.0,109691.147805208
7318,115.0,45531.119837222
80,197.0,149491.377588386
7038,207.0,17309.6419745981
687,169.0,11218.0687921093
6625,178.0,110963.928550483
1161,158.0,42096.4408111257
1424,135.0,189007.85930351
