index,TotalCholesterolMgdl,WTMEC2YR
4483,208.0,33612.8511662752
1874,135.0,23053.3591555915
6057,131.0,21615.4357515847
2910,207.0,284989.445851707
3189,179.0,20521.6059381824
2871,167.0,12914.2202625423
6625,178.0,110963.928550483
80,197.0,149491.377588386
2596,252.0,39304.6464072963
1424,135.0,189007.85930351
