index,TotalCholesterolMgdl,WTMEC2YR
1330,139.0,41313.0330190746
1874,135.0,23053.3591555915
80,197.0,149491.377588386
6625,178.0,110963.928550483
4644,161.0,33244.7349128024
7064,109.0,59601.0049043875
7817,184.0,38278.9080769788
3668,123.0,122013.968424775
