index,HaveSeriousDifficultyConcentrating,WTMEC2YR
2544,0.0,63753.0108596143
2091,0.0,22485.3671972587
569,0.0,213910.433718455
4262,0.0,64797.8976470075
680,1.0,71155.4517456335
1797,0.0,226816.64246876
6124,0.0,80850.9082236445
1074,1.0,242401.017814568
8266,0.0,235360.4668174
8217,0.0,26101.6008948224
7926,0.0,281761.675056972
2669,1.0,44175.3467360168
5015,0.0,10240.1262390702
3752,1.0,161213.584692293
576,0.0,21373.2781637481
7176,0.0,186923.97793458
4270,1.0,40566.862984329
