index,HaveSeriousDifficultyConcentrating,WTMEC2YR
5860,0.0,265263.557399258
1330,0.0,41313.0330190746
3969,0.0,217665.468272573
1776,0.0,180858.246973633
867,1.0,181104.408586445
2495,0.0,20069.2510443396
7010,0.0,23390.245532191
5588,0.0,170077.084138516
3326,0.0,137719.501162492
5794,0.0,12622.247476425
8330,0.0,20155.9194834429
8099,0.0,245535.954021965
2559,0.0,30238.0245482437
4653,0.0,100137.642810976
2264,1.0,50265.5283569525
1235,0.0,22527.3427344844
1767,0.0,58553.494182833
