index,HaveSeriousDifficultyConcentrating,WTMEC2YR
3241,0.0,20248.9007863848
7534,0.0,154803.097281432
1043,0.0,142038.870902811
7103,0.0,56276.6127671792
8104,0.0,121635.669672066
2932,0.0,23557.6368577481
6621,0.0,25049.2514866581
1486,0.0,20467.4009758939
7501,0.0,196548.596386995
2927,1.0,28406.9231848449
3446,0.0,34322.6738085358
6773,0.0,79471.5441371635
4724,0.0,24664.8891639679
466,0.0,104368.121846723
461,0.0,135133.054937154
4026,1.0,107122.806839875
