index,HaveSeriousDifficultyConcentrating,WTMEC2YR
274,0.0,33140.0338596218
6784,0.0,236115.078498818
7106,0.0,22516.9795033472
1503,0.0,24425.1639400391
7564,0.0,37318.3437797623
6342,0.0,115896.932518449
1267,0.0,91837.2868125524
2852,0.0,36573.2147773776
7009,0.0,207829.112758375
7695,0.0,30121.2014319968
