index,HaveSeriousDifficultyConcentrating,WTMEC2YR
4751,1.0,60764.5145549238
7729,0.0,122513.767722969
2476,0.0,33544.393447224
941,1.0,52989.6381017721
4489,0.0,14220.6864766499
930,0.0,72154.6507071293
5516,0.0,75759.7743256328
867,1.0,181104.408586445
