index,HaveSeriousDifficultyConcentrating,WTMEC2YR
2991,0.0,83451.3491432387
2028,1.0,140678.179648079
447,0.0,47206.9649849021
437,0.0,171391.170398074
3833,0.0,64893.4546461689
2390,0.0,13212.3460292334
4468,0.0,10529.4175214591
6262,0.0,93068.6381013904
3414,0.0,17949.0586403791
2625,0.0,45614.8651701355
