index,HaveSeriousDifficultyConcentrating,WTMEC2YR
7734,0.0,195265.932049904
4632,0.0,83135.330259543
2921,0.0,82185.7380061469
1663,0.0,183981.376912143
6770,1.0,45657.6742188217
2097,0.0,9195.74376030777
2609,0.0,27463.66563698
499,0.0,86111.3798077894
