index,HaveSeriousDifficultyConcentrating,WTMEC2YR
2877,0.0,105280.522135127
6129,0.0,36094.6228673601
4679,0.0,83605.4172720196
3465,0.0,25463.2177432503
7555,1.0,25662.9537675502
3554,0.0,11360.8178796371
466,0.0,104368.121846723
4816,0.0,91159.2059911834
