index,HaveSeriousDifficultyConcentrating,WTMEC2YR
7078,0.0,118081.970705338
5613,0.0,44257.6810512596
8285,0.0,129217.182631719
5977,0.0,50221.5716433851
5882,0.0,29143.8748905268
139,0.0,253429.471575049
7242,0.0,117720.442432102
6548,0.0,48184.9862076723
