index,HaveSeriousDifficultyConcentrating,WTMEC2YR
5556,0.0,37308.21398386
7207,0.0,98607.9808135274
7990,1.0,85412.5927688562
7790,0.0,36755.8519809876
3125,0.0,51705.5309171598
6574,0.0,46337.5770961647
