index,HaveSeriousDifficultyConcentrating,WTMEC2YR
7776,0.0,26327.4179037747
1045,1.0,57107.2137607394
3796,0.0,92913.1780297043
1063,0.0,37300.0415751946
5916,0.0,45824.1053315667
5230,0.0,214086.933625875
7216,0.0,89293.8310909558
522,0.0,70663.7939777689
250,0.0,16370.0187824833
3951,0.0,16258.8038371018
