index,BloodCadmiumUgl,WTMEC2YR
5603,0.27,125158.750383651
5370,0.22,307165.26008922
5115,0.44,32083.9481244776
4124,0.63,76386.673391427
4508,1.32,68264.2018662927
4917,0.69,39692.5733705788
4855,0.14,109691.147805208
1236,0.71,32650.3002910157
7671,0.17,77338.1587014857
5629,0.22,14132.8606889051
