index,TakingInsulinNow,WTMEC2YR
4644,1.0,33244.7349128024
5332,0.0,60830.2333297191
1538,0.0,33341.1764202343
1041,0.0,221581.408308498
5400,1.0,18357.0905893426
2122,1.0,23329.8230975113
4586,0.0,23020.9697614744
3293,0.0,117212.515513979
7318,1.0,45531.119837222
1625,0.0,32474.2901712333
7072,0.0,13042.7787069833
