index,BloodCadmiumUgl,WTMEC2YR
5603,0.27,125158.750383651
469,0.15,16603.0330808325
4422,1.99,8130.90091516583
1902,0.17,79701.21053835
3499,0.24,54358.8587778983
52,0.37,212848.251290738
7750,0.17,21069.098669057
3668,0.24,122013.968424775
5532,0.27,49679.9816613231
