index,BloodCadmiumUgl,WTMEC2YR
52,0.37,212848.251290738
2103,0.6,30713.1569427581
5732,1.91,46847.9223078435
3668,0.24,122013.968424775
7318,1.03,45531.119837222
6373,0.3,49928.9207518923
2166,0.2,39060.2220959127
6917,0.31,54720.8590978155
3293,1.17,117212.515513979
