index,BloodCadmiumUgl,WTMEC2YR
52,0.37,212848.251290738
1648,0.44,22700.3871214509
4124,0.63,76386.673391427
5603,0.27,125158.750383651
4740,0.58,47298.0463375116
5532,0.27,49679.9816613231
8050,0.65,44927.6402368925
6518,0.32,34730.5920427559
4855,0.14,109691.147805208
