index,TakingInsulinNow,WTMEC2YR
6060,0.0,33288.4452951842
1041,0.0,221581.408308498
1625,0.0,32474.2901712333
1298,0.0,8137.14590573022
1902,1.0,79701.21053835
5332,0.0,60830.2333297191
6980,0.0,17576.8805907479
7726,0.0,58286.5765373617
3293,0.0,117212.515513979
4586,0.0,23020.9697614744
