index,BloodCadmiumUgl,WTMEC2YR
3269,0.42,67521.3365476278
5784,0.4,14071.195277206
7790,0.11,36755.8519809876
6373,0.3,49928.9207518923
1236,0.71,32650.3002910157
4508,1.32,68264.2018662927
2401,0.61,53366.5658631643
