index,BloodCadmiumUgl,WTMEC2YR
3968,0.11,35718.7600619841
7750,0.17,21069.098669057
6616,0.11,42595.9820464446
52,0.37,212848.251290738
1628,0.41,35564.7797110539
966,3.31,37869.6656773812
2166,0.2,39060.2220959127
7559,0.44,50812.4699102768
3293,1.17,117212.515513979
6210,0.41,33221.7021094102
849,0.53,27437.3322646151
