index,TakingInsulinNow,WTMEC2YR
7345,0.0,14361.1568789864
1041,0.0,221581.408308498
3293,0.0,117212.515513979
831,0.0,52103.4560518576
1401,0.0,39350.6794993756
6687,0.0,39292.9221847729
7726,0.0,58286.5765373617
2240,1.0,17344.9965454269
1538,0.0,33341.1764202343
1902,1.0,79701.21053835
