index,TakingInsulinNow,WTMEC2YR
6060,0.0,33288.4452951842
7318,1.0,45531.119837222
2240,1.0,17344.9965454269
4751,1.0,60764.5145549238
1538,0.0,33341.1764202343
1041,0.0,221581.408308498
3382,0.0,10339.0371822656
3293,0.0,117212.515513979
6210,1.0,33221.7021094102
6797,0.0,20798.0592089494
7726,0.0,58286.5765373617
