index,BloodCadmiumUgl,WTMEC2YR
8143,0.58,17101.6610318601
7671,0.17,77338.1587014857
7318,1.03,45531.119837222
5603,0.27,125158.750383651
3269,0.42,67521.3365476278
6518,0.32,34730.5920427559
3293,1.17,117212.515513979
