index,BloodCadmiumUgl,WTMEC2YR
419,0.26,95674.8980763109
4451,0.41,107247.790521128
2182,0.34,48064.7974126906
2903,0.27,102514.879614189
2735,0.28,22546.7939945039
8139,0.07,103433.248183485
5616,0.07,181531.267242831
1629,0.07,68318.5994874095
