index,BloodMercuryTotalUgl,WTMEC2YR
6137,0.2,55253.6683408997
3843,1.45,56533.5842701581
5545,0.97,294522.533492548
2373,0.42,123868.246903015
1651,11.35,266075.672527355
2530,1.59,30326.9971499205
67,0.56,230877.995489453
1387,0.2,31589.3086948405
3731,1.09,50010.4728927845
7729,0.58,122513.767722969
5617,1.2,347125.726039169
7270,0.2,126474.184331103
894,1.25,151447.55169619
2943,1.25,103875.25737014
8136,0.2,378202.776805226
6381,0.6,47238.5714920086
