index,BloodMercuryTotalUgl,WTMEC2YR
5024,0.57,332785.866231774
914,0.85,91845.596249977
1704,0.42,15415.6798499497
3847,0.5,11431.2281021229
6489,0.2,23842.7706703483
6303,1.29,171414.649051174
4373,0.96,153934.213926753
6110,0.35,190541.567962775
8320,1.98,117354.999333292
1797,1.42,226816.64246876
3788,1.0,239578.460386789
4075,0.64,44179.199699321
5623,2.15,139660.521374717
24,1.51,31532.9045086802
838,1.4,180878.018051287
3073,1.83,10239.7980657626
