index,BloodMercuryTotalUgl,WTMEC2YR
8259,0.56,25010.6528940453
7926,0.2,281761.675056972
5204,0.35,65200.4655619133
1728,1.03,33330.6679657727
6146,0.39,52394.6901046593
2821,0.87,14390.3646832781
6668,0.8,197924.026946561
2841,1.42,14460.9733157821
1663,0.2,183981.376912143
3948,0.58,127577.23761082
2474,1.38,253619.35600209
8032,1.71,139777.428760594
1897,0.82,156608.473960646
903,0.72,104368.121846723
38,0.2,110345.678142099
2984,1.66,46459.7365430318
