index,BloodMercuryTotalUgl,WTMEC2YR
411,0.88,39623.4560846148
7990,0.2,85412.5927688562
5999,0.2,53476.2519192366
4111,0.82,79198.531829697
1302,1.22,34102.3921649798
5330,0.48,104368.121846723
3374,0.47,87006.6273367457
