index,BloodMercuryTotalUgl,WTMEC2YR
4177,1.68,25607.8230698689
6459,0.56,38527.910247993
3217,1.28,18584.7477603872
4693,0.75,90241.5060266633
1686,0.9,19305.1094872835
2129,0.2,13090.4591619932
7499,4.92,65371.7516591485
5948,1.41,63437.2175154197
6612,2.37,109731.692769787
