index,BloodMercuryTotalUgl,WTMEC2YR
3076,0.2,108737.5799299
4942,0.2,197924.026946561
2724,4.65,262904.172567268
3587,1.86,21744.9446636874
1160,0.91,127771.01075197
5516,1.35,75759.7743256328
5369,0.55,29666.2753731546
2144,5.39,27221.5603261044
