index,BloodMercuryTotalUgl,WTMEC2YR
8335,2.74,27655.1045644229
6643,1.35,137050.410035046
1078,1.24,268265.450567731
2607,1.09,175079.053076806
217,0.2,97243.9771004468
1779,1.57,103584.86334948
5073,1.06,93077.3385952862
7698,1.36,178221.624161462
6178,0.88,168618.230786039
