index,BloodMercuryTotalUgl,WTMEC2YR
245,0.54,154316.654728094
1252,1.06,21002.9903263775
2278,1.89,363629.370525946
5720,3.23,255038.380989282
5860,0.33,265263.557399258
208,0.39,125800.888013629
4577,5.73,154923.393857915
