index,BloodMercuryTotalUgl,WTMEC2YR
2779,2.52,68312.1738811674
2091,1.29,22485.3671972587
8324,1.46,36705.968722719
3884,3.29,71302.9841618051
4548,2.33,169316.654938358
375,0.3,72777.3049919816
5558,0.8,70528.6030809053
2640,0.2,54709.7314306869
