index,BloodMercuryTotalUgl,WTMEC2YR
3100,1.09,65265.5084044746
2799,0.47,31441.4683968543
190,0.33,50307.1515393566
4106,0.76,100444.738040675
7924,0.63,128501.415242229
1576,1.88,33447.7681110609
3116,0.2,18571.3091283818
4739,1.21,106964.94278441
7526,0.2,105081.123610655
