index,BloodMercuryTotalUgl,WTMEC2YR
5777,1.04,80422.980342937
125,1.38,24586.0889959942
1644,0.57,145674.53828034
2392,1.15,73026.1708821077
7231,0.31,178346.40475293
8259,0.56,25010.6528940453
1902,0.45,79701.21053835
2859,1.38,134410.400965746
