index,BloodCadmiumUgl,WTMEC2YR
737,0.17,203543.196846148
6891,0.48,49193.3599440795
211,0.07,124429.455375418
310,0.31,81986.0685792571
6761,2.22,78997.0445453924
4701,0.3,40117.0596563954
4291,1.76,143124.864598429
54,1.42,19910.0932024704
1136,0.37,17117.2827744103
4443,0.27,10456.5856531223
4654,0.79,101151.902525581
1708,0.39,28055.7565952073
5350,0.87,30330.6309524686
2052,0.07,68474.0821760585
2813,1.03,12139.9720866161
7968,0.22,35626.9528348955
224,0.2,42210.2360575701
