index,BloodCadmiumUgl,WTMEC2YR
4642,0.25,21284.5011074124
7871,0.17,82679.4152540597
3571,0.07,51747.6564805402
5744,0.29,88097.6919558968
7532,0.18,166193.522565484
3957,0.07,102800.05296974
2544,1.03,63753.0108596143
2444,0.17,51369.4330730185
