index,BloodCadmiumUgl,WTMEC2YR
6523,0.17,173848.561117728
3789,0.93,93213.7003912649
5815,0.18,188388.363550207
1902,0.17,79701.21053835
6011,0.45,138987.48089651
1089,0.14,73904.8557994244
4354,0.14,24429.8646064411
1412,0.23,145376.500648366
690,0.1,48998.1648314626
8193,0.1,290562.338008775
2316,0.3,154549.275510269
4504,0.13,9733.47961972061
842,0.28,51137.3379889734
3829,0.18,44171.0799037681
5185,0.11,24952.6860335932
1849,0.5,25680.7648386982
