index,BloodCadmiumUgl,WTMEC2YR
1783,0.37,125233.372455346
1995,0.14,127439.600124145
3312,0.12,94087.0934374869
219,0.12,248583.358275465
6401,0.9,26880.9680399756
3828,0.35,45504.8246840088
1386,0.14,250520.342892875
4614,0.07,111536.494072976
