index,EverToldYouHadHeartAttack,WTMEC2YR
450,0.0,252445.411711235
7507,0.0,222818.627706047
483,0.0,133053.323479069
857,0.0,33804.8449600158
7601,0.0,58389.4057052475
4693,0.0,90241.5060266633
604,0.0,249636.771221841
