index,BloodManganeseUgl,WTMEC2YR
8243,9.57,13073.9083060322
2924,10.07,122013.968424775
3946,12.24,192913.74013985
6470,9.79,85172.5994847058
957,8.84,11805.007161875
2142,12.08,200294.735191465
1769,16.16,58477.1303258819
1486,10.53,20467.4009758939
7515,8.7,21921.7133429396
