index,WeightKg,WTMEC2YR
3107,79.7,41984.5765813946
3071,76.0,108780.330229893
50,106.7,99269.9578005395
1003,71.9,14152.0174603189
7564,60.3,37318.3437797623
2783,51.2,51942.385284526
7042,73.3,35609.1933174731
3293,56.3,117212.515513979
761,83.6,157436.218301964
5349,102.9,78493.4611821966
4720,83.4,89218.8921123399
6717,76.6,37619.8933135555
6966,119.6,41483.6741697124
1076,65.2,44385.273749512
