index,WeightKg,WTMEC2YR
951,62.8,134179.896212121
8121,111.7,24113.4262958317
6603,101.4,185328.33125808
4740,59.3,47298.0463375116
6610,58.6,74273.6274154273
6093,60.6,13271.3341802987
282,68.4,125331.603623969
8327,57.0,32216.8145551803
5349,102.9,78493.4611821966
761,83.6,157436.218301964
6354,77.7,50394.2966911037
8346,83.7,15112.0424987248
7929,105.3,83257.3110209002
1099,86.0,29700.7746603925
6718,49.6,162335.039909242
6174,75.8,18425.9001288773
