index,WeightKg,WTMEC2YR
1109,64.2,90967.3796258704
1380,84.2,54484.5889343214
6612,69.9,109731.692769787
4270,73.2,40566.862984329
2997,71.1,85280.5209620755
8310,73.8,80576.8823374625
6812,77.3,27337.4428140541
7563,82.6,34066.1566567589
