index,WeightKg,WTMEC2YR
450,99.1,252445.411711235
1162,77.7,29523.66172089
4828,84.6,32457.5676597562
2430,99.7,46326.6817491255
6354,77.7,50394.2966911037
637,54.6,43280.6309456573
4723,74.9,115017.825207457
2783,51.2,51942.385284526
8242,70.9,157843.83441735
