index,DoctorToldYouHaveDiabetes,WTMEC2YR
1995,0,127439.600124145
3621,1,308134.405321506
5542,0,180906.463686905
3738,1,150979.091301054
3969,0,217665.468272573
1424,1,189007.85930351
8271,0,40904.6431234249
