index,DoctorToldYouHaveDiabetes,WTMEC2YR
7837,0,156482.903014971
3957,0,102800.05296974
7011,0,23014.6968151555
5321,0,125218.485607075
3575,0,143260.600336801
2794,0,26358.3515012091
1724,0,34925.5764599422
