index,DoctorToldYouHaveDiabetes,WTMEC2YR
3081,0,208401.416600525
5226,0,236419.364239932
8297,0,96784.5419671157
1773,0,82600.7793910147
1712,1,20924.0536531553
3076,0,108737.5799299
6372,0,67312.3704313111
