index,CoveredByHealthInsurance,WTMEC2YR
3668,1.0,122013.968424775
5400,1.0,18357.0905893426
1566,1.0,27937.1752801487
5532,1.0,49679.9816613231
337,1.0,217036.354787672
5370,1.0,307165.26008922
7671,1.0,77338.1587014857
7910,1.0,83160.3594188858
4508,1.0,68264.2018662927
6235,1.0,107744.011062948
