index,DoctorToldYouHaveDiabetes,WTMEC2YR
7504,0,197398.776671838
2660,0,83616.1347684423
1663,0,183981.376912143
3558,0,139325.883563955
5815,0,188388.363550207
4066,0,120251.792518659
5603,1,125158.750383651
5638,0,159744.430652298
