index,DoctorToldYouHaveDiabetes,WTMEC2YR
3277,0,33918.3037926737
6205,0,221823.418900595
2398,0,30906.7218261435
337,1,217036.354787672
7108,0,36080.9562864667
4972,0,243429.27116423
809,0,94067.0601299042
7151,0,62910.6199221599
8139,1,103433.248183485
