index,CoveredByHealthInsurance,WTMEC2YR
3668,1.0,122013.968424775
7345,1.0,14361.1568789864
569,1.0,213910.433718455
3879,1.0,29760.0288459961
337,1.0,217036.354787672
8153,1.0,138654.855751892
5327,1.0,111349.571065096
3499,1.0,54358.8587778983
7318,1.0,45531.119837222
