index,BloodCadmiumUgl,WTMEC2YR
6509,0.19,125852.794461006
7783,0.13,212585.057458391
573,0.43,337044.246949881
7542,0.6,50783.9000607284
5345,0.33,254660.520864796
248,0.46,77479.094746309
617,0.25,92610.2262433804
1954,0.11,145376.500648366
