index,BloodCadmiumUgl,WTMEC2YR
1267,0.18,91837.2868125524
476,0.11,22680.5038146116
1954,0.11,145376.500648366
6774,0.37,50576.2053464718
5164,0.31,83646.4206230289
7176,0.33,186923.97793458
7972,0.27,25257.6590532699
2043,0.55,145812.654641269
7783,0.13,212585.057458391
