index,BloodCadmiumUgl,WTMEC2YR
7113,0.32,22007.073656602
5143,0.83,81444.1499133945
1403,0.28,81601.1460895753
3543,0.07,46714.423267919
5164,0.31,83646.4206230289
8034,0.24,23734.0304859204
6866,1.0,148338.962063924
4002,1.56,66114.2454218422
6074,0.36,11815.5498988415
839,0.25,18559.1236545573
