index,BloodCadmiumUgl,WTMEC2YR
4317,0.17,45289.9688484514
4154,0.23,188854.266624504
2715,1.39,55662.6715062987
5744,0.29,88097.6919558968
3755,0.18,20648.3233528125
573,0.43,337044.246949881
4119,0.2,159824.274251847
4652,0.34,35897.0112687014
3685,0.07,118184.756400046
