index,EverToldYouHadCancerOrMalignancy,WTMEC2YR
6952,0.0,109771.077548745
4592,0.0,19404.0230307659
2210,0.0,27482.648315857
5710,0.0,152100.041311101
6375,0.0,180912.90521603
1465,1.0,239893.12382842
2704,0.0,231584.695301426
