index,EverToldYouHadCancerOrMalignancy,WTMEC2YR
3323,0.0,98715.097560867
3954,1.0,28995.0126832659
4074,0.0,30731.4358571927
3621,0.0,308134.405321506
4765,1.0,24083.6795195037
5710,0.0,152100.041311101
5581,1.0,93917.311350984
3010,0.0,124173.47167798
3075,0.0,72333.0416397964
5636,0.0,53785.6354588542
4969,0.0,41044.2878962306
4026,0.0,107122.806839875
3003,0.0,55461.5432206245
318,0.0,86525.9502153861
4632,0.0,83135.330259543
1041,1.0,221581.408308498
