index,EverToldYouHadCancerOrMalignancy,WTMEC2YR
4969,0.0,41044.2878962306
3323,0.0,98715.097560867
2373,1.0,123868.246903015
3003,0.0,55461.5432206245
3621,0.0,308134.405321506
8095,1.0,163857.514702973
2921,1.0,82185.7380061469
3492,0.0,312634.31996995
6470,1.0,85172.5994847058
4026,0.0,107122.806839875
5465,1.0,59032.0917010403
8278,0.0,27165.0302735974
2704,0.0,231584.695301426
3565,0.0,43245.3880483784
5811,0.0,130915.673529241
6330,0.0,27784.4684033976
3151,0.0,49813.677711929
2211,0.0,53061.5173869783
