index,EverToldYouHadCancerOrMalignancy,WTMEC2YR
3323,0.0,98715.097560867
8095,1.0,163857.514702973
4632,0.0,83135.330259543
8169,0.0,39712.4031774316
1940,1.0,21498.0767009936
8066,0.0,272498.888663072
3621,0.0,308134.405321506
3075,0.0,72333.0416397964
3096,0.0,64075.2001635446
3010,0.0,124173.47167798
