index,EverToldYouHadCancerOrMalignancy,WTMEC2YR
7886,0.0,29402.8034857659
8095,1.0,163857.514702973
3492,0.0,312634.31996995
4026,0.0,107122.806839875
6470,1.0,85172.5994847058
5425,0.0,29053.46370565
6686,1.0,125625.841523287
4586,1.0,23020.9697614744
8055,0.0,118521.430603195
