index,BloodLeadUgdl,WTMEC2YR
6625,0.36,110963.928550483
2348,0.57,20285.903283162
6615,0.15,64795.8867822043
5417,0.51,253959.910432275
8284,0.56,121635.669672066
4600,0.39,83224.2295607991
2720,1.36,32712.6318553468
5013,0.73,41018.8577727303
3297,0.38,56736.0192744264
1527,0.44,70245.5005293764
6579,0.45,22076.6976209214
4445,0.94,94086.3278703975
2341,1.14,133368.525340242
678,0.46,140448.623978493
326,1.51,80632.7430665023
7970,1.09,52214.9148669135
