index,BloodLeadUgdl,WTMEC2YR
5362,0.56,131784.670882851
640,0.56,146291.163212643
2052,0.36,68474.0821760585
6186,0.53,288489.404981519
7009,1.03,207829.112758375
1861,0.93,100289.037362182
7685,0.47,74080.8568477193
8284,0.56,121635.669672066
742,0.68,10558.1379974177
4400,1.67,27002.3242422969
6111,0.46,48179.7182612498
6295,0.61,64788.4087499265
1614,0.51,93137.8759214724
2488,0.92,13802.3263754785
927,0.36,69056.7252398165
692,0.65,41051.8756820398
127,0.47,37121.3664104861
