index,WeightKg,WTMEC2YR
7571,83.0,93072.6615693225
7538,87.0,41657.0208886589
2254,123.8,34758.9221104467
491,76.2,8010.82480090885
2620,191.4,46033.6287797881
2259,76.1,55698.23768138
917,105.4,34694.1082360624
5809,96.7,139598.139341172
2636,129.6,99434.1674296508
8004,76.7,24754.3738977448
3441,70.2,25856.1694889481
3738,108.0,150979.091301054
7064,130.3,59601.0049043875
2337,81.4,33538.2614474371
4351,109.7,92029.6014253463
