index,BloodLeadUgdl,WTMEC2YR
2981,2.2,126956.879873888
5809,1.33,139598.139341172
2163,2.3,109028.612025016
3289,0.68,88937.1678854062
1880,1.5,12822.793268394
5945,0.27,83832.0838326574
3241,1.01,20248.9007863848
6835,1.36,13971.7766758763
863,2.87,90351.3139636188
2398,0.73,30906.7218261435
7719,0.75,37858.472466356
2950,0.49,27486.3523511806
7000,0.55,100556.31219906
5510,0.78,22195.1296839537
6615,0.15,64795.8867822043
