index,BloodLeadUgdl,WTMEC2YR
4600,0.39,83224.2295607991
1614,0.51,93137.8759214724
7550,1.51,25470.9596976933
3281,0.54,26162.4777086459
1979,1.51,17572.4426795679
7420,0.69,43826.9903890006
480,3.85,35107.2223206505
4344,1.44,97057.4985731975
1770,0.52,125725.302119431
3094,1.75,110616.399477862
2171,0.54,23629.0662371289
1527,0.44,70245.5005293764
2720,1.36,32712.6318553468
2341,1.14,133368.525340242
2253,0.93,87990.8679147109
640,0.56,146291.163212643
