index,WeightKg,WTMEC2YR
8004,76.7,24754.3738977448
1373,99.5,63253.2896326339
3738,108.0,150979.091301054
4633,111.7,45204.7939810146
7571,83.0,93072.6615693225
4790,92.8,21658.431040985
2636,129.6,99434.1674296508
