index,BloodLeadUgdl,WTMEC2YR
4344,1.44,97057.4985731975
178,0.55,124293.633054111
6625,0.36,110963.928550483
4539,0.34,24186.2718639289
7523,1.09,17486.7567139747
1614,0.51,93137.8759214724
7009,1.03,207829.112758375
831,0.38,52103.4560518576
