index,BloodLeadUgdl,WTMEC2YR
1337,0.18,47635.6532100871
4344,1.44,97057.4985731975
2341,1.14,133368.525340242
3868,0.84,24354.1153378474
1262,1.45,10067.3876756041
4295,0.43,58335.8640872372
6864,1.16,17524.6997926355
5114,0.35,74572.8616605732
8218,0.4,34827.5506887139
1982,0.46,77577.614233409
