index,WeightKg,WTMEC2YR
7538,87.0,41657.0208886589
2636,129.6,99434.1674296508
1394,74.6,44042.2151162109
8004,76.7,24754.3738977448
5809,96.7,139598.139341172
3178,93.2,56888.4507094491
3738,108.0,150979.091301054
998,129.8,27943.9491441467
