index,BloodLeadUgdl,WTMEC2YR
1227,0.31,99961.0803090959
1668,0.75,21531.655438897
2890,1.24,109182.191199003
7349,1.55,9040.02040840067
2398,0.73,30906.7218261435
4445,0.94,94086.3278703975
680,0.48,71155.4517456335
