index,WeightKg,WTMEC2YR
5853,100.7,7125.98454860852
1373,99.5,63253.2896326339
2636,129.6,99434.1674296508
6874,95.3,30697.826408031
2740,79.3,45289.9688484514
5100,53.2,11360.8178796371
8004,76.7,24754.3738977448
2254,123.8,34758.9221104467
