index,TotalCholesterolMgdl,WTMEC2YR
1424,135.0,189007.85930351
5115,144.0,32083.9481244776
7016,197.0,21503.6771811156
6057,131.0,21615.4357515847
1161,158.0,42096.4408111257
6625,178.0,110963.928550483
7318,115.0,45531.119837222
7298,115.0,23040.3995506711
2871,167.0,12914.2202625423
1757,166.0,41319.9220389059
