index,TotalCholesterolMgdl,WTMEC2YR
2910,207.0,284989.445851707
3668,123.0,122013.968424775
4644,161.0,33244.7349128024
4707,127.0,7609.15608800665
7318,115.0,45531.119837222
1563,124.0,32304.8697675371
8200,160.0,27229.4145824578
1161,158.0,42096.4408111257
80,197.0,149491.377588386
5832,134.0,40105.862703562
3860,255.0,27290.2717079479
