index,CoveredByHealthInsurance,WTMEC2YR
5809,0.0,139598.139341172
6917,1.0,54720.8590978155
2636,0.0,99434.1674296508
5732,1.0,46847.9223078435
3818,1.0,53510.5969219115
5327,1.0,111349.571065096
