index,CoveredByHealthInsurance,WTMEC2YR
2401,1.0,53366.5658631643
1648,1.0,22700.3871214509
831,1.0,52103.4560518576
4728,1.0,41610.3501325621
7836,1.0,12180.4317068939
28,1.0,12439.3010537719
1401,1.0,39350.6794993756
4440,1.0,26221.4551486132
