index,WaistCircumferenceCm,WTMEC2YR
1720,105.4,43826.9903890006
129,107.2,190727.342267678
5580,105.5,46305.2656933061
2071,108.7,112251.239665344
3328,116.6,37879.887162608
4546,100.7,46653.9436611917
3832,100.7,76090.844168552
873,101.8,29733.4460988385
