index,WaistCircumferenceCm,WTMEC2YR
3406,117.8,51936.0349798471
6414,99.7,62446.3086939857
1232,94.2,40222.9753739592
6509,118.5,125852.794461006
985,102.3,78004.622897379
3080,110.2,99750.0347598769
1025,118.5,75340.2066268465
7813,104.4,189073.832972442
