index,BloodMercuryTotalUgl,WTMEC2YR
390,0.28,18933.5249276472
2429,0.2,50551.0827963979
7075,1.05,64119.2579991607
6717,0.2,37619.8933135555
619,9.99,15906.6316102922
6281,0.2,29404.213568421
493,2.94,50783.9000607284
4619,3.5,28349.7641204345
