index,WaistCircumferenceCm,WTMEC2YR
3677,120.2,105240.383892715
2529,114.9,25986.677041492
1720,105.4,43826.9903890006
4370,108.1,134575.715365229
1232,94.2,40222.9753739592
2167,123.0,44402.4426581699
56,94.1,100887.859351041
6414,99.7,62446.3086939857
1114,104.6,37316.6260240938
