index,WeightKg,WTMEC2YR
1212,60.4,6761.14881191336
5804,71.5,177758.498982912
2769,131.3,27804.2532636092
1666,70.6,16456.3487976082
888,71.4,227337.6812928
604,65.9,249636.771221841
1041,69.5,221581.408308498
2142,74.4,200294.735191465
1301,49.2,169435.34266015
1606,60.2,110610.031490507
38,79.3,110345.678142099
4356,129.4,65509.8361944109
5954,76.4,54286.9481577738
4272,82.6,25255.1969573245
7786,98.5,13830.8110468997
6429,50.8,32893.3716507416
698,84.7,138200.69609644
