index,BloodCadmiumUgl,WTMEC2YR
4915,0.12,43702.6362399893
245,0.54,154316.654728094
6216,0.13,23397.7799688815
1403,0.28,81601.1460895753
7310,1.46,85887.6663744877
1309,0.14,221220.827941338
3344,0.36,145905.676839955
6205,0.28,221823.418900595
7931,0.2,20356.2063834288
4537,0.3,54699.7004137539
927,0.07,69056.7252398165
1556,0.23,113649.286711292
2719,0.18,159503.641227616
1465,0.72,239893.12382842
5226,0.35,236419.364239932
