index,BloodCadmiumUgl,WTMEC2YR
5395,0.23,27860.8751373241
7905,0.46,43282.359256869
883,0.12,144629.713938186
1301,2.18,169435.34266015
2519,0.31,147557.280737994
2123,0.59,18684.6305116736
262,0.48,123408.308538609
2300,2.27,42480.5915060772
2497,0.95,221212.865413013
4825,0.54,207632.217068353
5824,0.1,205345.204393881
806,0.44,128916.297249741
2412,0.12,118993.998863267
3472,0.18,8666.89996006976
