index,BloodCadmiumUgl,WTMEC2YR
1301,2.18,169435.34266015
8032,0.19,139777.428760594
1954,0.11,145376.500648366
5534,2.0,58923.728991717
7657,0.62,26221.4551486132
5844,0.39,50187.7301783261
5980,0.45,59754.113606285
6617,1.83,171836.179823666
