index,BloodMercuryTotalUgl,WTMEC2YR
1203,1.35,303381.147365378
7315,0.93,111812.852459262
3869,0.45,168066.641320737
6348,0.69,125026.318098926
2934,3.3,202666.607385467
8174,0.2,179271.499190576
260,0.76,104437.397609319
3343,0.2,11723.4814028552
4659,4.04,14236.4502426575
6346,1.26,138560.398688628
7534,0.2,154803.097281432
1797,1.42,226816.64246876
3061,3.11,32046.9578186673
4699,0.84,407800.803407575
4712,1.32,27244.5583762384
3775,1.76,32891.3735508266
116,1.21,44809.6961385022
8210,0.79,185636.238129971
5942,13.6,35922.2589000909
7512,1.21,6882.10961545898
7727,11.55,15385.9510705454
4825,1.54,207632.217068353
6543,1.88,17354.4712399672
2384,1.0,49540.9121031123
8113,0.2,21809.824561522
1849,1.0,25680.7648386982
3928,1.68,40995.3009430202
3049,0.42,29032.3347796563
5626,0.2,57240.4142151617
4569,2.73,45592.4328568953
1767,1.09,58553.494182833
626,0.56,39919.8954677548
7990,0.2,85412.5927688562
537,0.67,43600.510848883
3492,0.83,312634.31996995
1948,1.34,20088.7105838507
7005,1.07,38358.1083184132
130,1.75,13482.6923587089
5147,0.36,189142.302948911
5844,2.22,50187.7301783261
