index,BloodMercuryTotalUgl,WTMEC2YR
4949,1.25,45890.1117349408
5147,0.36,189142.302948911
297,3.8,84105.0958714266
806,3.03,128916.297249741
2169,0.99,61399.2847572588
8210,0.79,185636.238129971
8287,2.17,13375.6126278841
1474,3.25,12551.0597565485
7534,0.2,154803.097281432
4716,0.45,30006.4216757218
6348,0.69,125026.318098926
4532,0.2,126314.982509823
6404,0.31,92029.6014253463
7271,0.2,32275.2250251124
7315,0.93,111812.852459262
4265,0.2,104236.394704154
8187,1.45,30441.3323829846
6346,1.26,138560.398688628
4957,8.42,13194.4671605081
549,1.58,11824.9670755772
136,0.2,22754.1304895906
2384,1.0,49540.9121031123
6284,8.44,42015.6499310682
4825,1.54,207632.217068353
5161,0.2,20890.8015897977
1239,0.49,48210.31432416
499,0.2,86111.3798077894
6821,1.23,40979.6801545399
7353,1.52,37082.3655787845
3492,0.83,312634.31996995
172,0.56,11574.4090536918
3061,3.11,32046.9578186673
6897,0.79,55493.7152001362
3731,1.09,50010.4728927845
7744,1.47,40704.2448055198
2514,2.31,16984.9312972673
