index,BloodMercuryTotalUgl,WTMEC2YR
3856,7.55,7337.11014540488
2384,1.0,49540.9121031123
4158,0.91,74417.9312328694
2504,0.33,24347.3784279696
806,3.03,128916.297249741
7391,1.45,123760.17006778
4541,0.2,56723.8947044787
5147,0.36,189142.302948911
3869,0.45,168066.641320737
1797,1.42,226816.64246876
563,0.28,31203.9262299177
1203,1.35,303381.147365378
6266,0.2,54682.7641727933
3061,3.11,32046.9578186673
6346,1.26,138560.398688628
5902,1.04,37511.1088653309
2934,3.3,202666.607385467
8174,0.2,179271.499190576
243,2.45,14962.0762715935
4825,1.54,207632.217068353
8210,0.79,185636.238129971
6255,5.92,14809.1043163724
4914,1.57,44699.182128448
6229,0.2,41679.5946297578
7414,0.49,35189.1689500023
8330,2.55,20155.9194834429
7481,3.74,29550.7431489017
6348,0.69,125026.318098926
6970,1.23,16487.7417828533
6362,2.07,47363.4325388438
7660,3.48,16258.3762139565
7534,0.2,154803.097281432
7744,1.47,40704.2448055198
4699,0.84,407800.803407575
2920,3.08,117014.507626756
3492,0.83,312634.31996995
4011,9.47,113643.612373712
4716,0.45,30006.4216757218
387,0.48,38208.1539753557
