index,DoctorToldYouHaveDiabetes,WTMEC2YR
1033,0,245217.752175739
995,0,37570.0860723136
3711,0,32239.3110727024
2713,0,104516.22927615
2474,0,253619.35600209
2554,0,49629.7963666772
2525,0,90885.3791848606
6374,0,166329.586364755
