index,BloodMercuryTotalUgl,WTMEC2YR
7940,4.03,99398.2546012838
7316,1.69,37370.7211829092
7094,2.06,105127.753605778
2611,0.35,11845.2954596417
5606,0.2,50778.8465519611
8186,0.39,108370.335485934
1386,0.86,250520.342892875
7009,0.6,207829.112758375
81,0.2,269609.43379549
