index,BloodMercuryTotalUgl,WTMEC2YR
809,0.2,94067.0601299042
4978,1.08,48099.56509318
4129,0.58,281271.94059347
7378,0.41,225011.218730725
7532,0.74,166193.522565484
1582,1.3,27419.0467090216
1651,11.35,266075.672527355
8169,0.2,39712.4031774316
