index,BloodMercuryTotalUgl,WTMEC2YR
2527,0.48,61809.6966018788
5917,0.2,35272.0042946209
351,0.29,61809.6966018788
6146,0.39,52394.6901046593
2028,0.2,140678.179648079
4597,0.2,39350.1194942164
6526,0.75,37544.6961837736
7354,0.63,84038.3740839004
2211,0.68,53061.5173869783
1025,0.28,75340.2066268465
1269,1.35,84299.9549239246
958,2.6,72178.6432570173
