index,BloodMercuryTotalUgl,WTMEC2YR
5518,4.68,96170.7051406744
5783,0.2,104861.862651831
2028,0.2,140678.179648079
7187,0.97,222581.329769781
4859,0.54,36375.7447410148
7832,0.39,56232.6785726905
351,0.29,61809.6966018788
4543,0.85,30402.7746821536
2527,0.48,61809.6966018788
6408,0.46,29969.9813512549
5562,0.2,64760.9782811715
233,0.6,35987.6959662448
6528,0.2,23521.0987816104
1198,0.2,18373.4286473155
6698,0.37,83144.5693821028
60,0.45,25687.5334744611
