index,EverToldYouHadCancerOrMalignancy,WTMEC2YR
7571,0.0,93072.6615693225
1091,1.0,62568.658214422
7298,0.0,23040.3995506711
5728,0.0,23342.2091603602
5603,0.0,125158.750383651
2796,0.0,78459.9109280792
6273,0.0,5798.11625648436
6561,0.0,23458.9737667025
2080,0.0,25284.7361793116
7270,0.0,126474.184331103
6651,0.0,29154.3466881829
3011,0.0,19144.756782921
5434,0.0,176836.544071642
6965,1.0,67943.0604115963
7559,1.0,50812.4699102768
1161,0.0,42096.4408111257
7370,0.0,30877.5302761935
