index,EverToldYouHadCancerOrMalignancy,WTMEC2YR
5603,0.0,125158.750383651
1091,1.0,62568.658214422
7370,0.0,30877.5302761935
2796,0.0,78459.9109280792
1424,0.0,189007.85930351
5434,0.0,176836.544071642
7571,0.0,93072.6615693225
6487,0.0,16817.609789251
2835,1.0,16813.1197408757
7559,1.0,50812.4699102768
5389,0.0,15638.6289775029
6624,1.0,90204.3630335885
7270,0.0,126474.184331103
7823,0.0,25332.0716863834
1161,0.0,42096.4408111257
5728,0.0,23342.2091603602
