index,EverToldYouHadCancerOrMalignancy,WTMEC2YR
6965,1.0,67943.0604115963
5603,0.0,125158.750383651
6624,1.0,90204.3630335885
7270,0.0,126474.184331103
6840,0.0,46395.9563508233
1424,0.0,189007.85930351
4792,1.0,29880.618655799
