index,EverToldYouHadCancerOrMalignancy,WTMEC2YR
1091,1.0,62568.658214422
1669,0.0,57787.5361604703
5250,0.0,21330.0780168978
1161,0.0,42096.4408111257
5603,0.0,125158.750383651
7559,1.0,50812.4699102768
7270,0.0,126474.184331103
5434,0.0,176836.544071642
