index,BloodMercuryTotalUgl,WTMEC2YR
7671,0.2,77338.1587014857
2669,0.51,44175.3467360168
6770,2.14,45657.6742188217
318,0.42,86525.9502153861
2455,0.68,24282.2955183884
7015,0.2,57394.208279958
958,2.6,72178.6432570173
