index,CoveredByHealthInsurance,WTMEC2YR
6985,1.0,152233.743097782
8125,0.0,43563.9205844329
7167,0.0,149383.364006446
2088,0.0,29031.3475205318
3094,1.0,110616.399477862
3905,1.0,32141.7063280215
1183,1.0,146482.39689477
6562,1.0,162895.797149377
7760,1.0,109302.917448365
1344,1.0,20179.8976654011
3641,1.0,44378.3725642525
7000,1.0,100556.31219906
4630,1.0,103246.104459813
6178,1.0,168618.230786039
834,1.0,197704.928417786
7231,1.0,178346.40475293
897,0.0,25723.8643887569
