index,CoveredByHealthInsurance,WTMEC2YR
2007,1.0,122050.146454685
4504,1.0,9733.47961972061
2716,0.0,145642.029030677
1407,1.0,102200.270109561
361,1.0,45319.563182969
5167,1.0,19859.6830040328
3020,1.0,103165.292032781
3338,1.0,114702.453417753
2455,1.0,24282.2955183884
5199,0.0,27935.3295580942
1417,1.0,142475.970042355
1970,1.0,81073.3393495387
7100,1.0,99707.6191821094
6696,1.0,53164.6590713027
1564,1.0,56219.7177106638
7772,1.0,24638.9113036357
