index,CoveredByHealthInsurance,WTMEC2YR
737,1.0,203543.196846148
4268,1.0,141528.193131576
2305,1.0,11329.7061435256
539,1.0,147281.123693173
157,1.0,70964.0596861838
4051,1.0,219248.044843692
6634,1.0,24181.997261765
7047,1.0,156305.081343801
6976,1.0,152367.631364916
6611,1.0,64903.8266374794
3372,1.0,221220.827941338
18,1.0,126309.823275619
3192,1.0,37354.5131771682
7353,1.0,37082.3655787845
