index,CoveredByHealthInsurance,WTMEC2YR
6544,1.0,75167.3389155204
131,1.0,137651.326918144
7133,1.0,9558.13968106058
6825,1.0,47120.1850834842
3937,1.0,49054.1948943029
7397,0.0,44623.9203939719
2957,1.0,60916.4324907868
5963,1.0,155897.824093287
8339,1.0,90160.2623385276
1360,1.0,78396.5601576976
4753,1.0,196474.714015281
1465,1.0,239893.12382842
1922,1.0,53456.3241371805
6235,1.0,107744.011062948
4741,0.0,54886.8181179087
6573,0.0,27854.8955641214
