index,CoveredByHealthInsurance,WTMEC2YR
4265,1.0,104236.394704154
3241,1.0,20248.9007863848
8022,1.0,148635.653907498
2249,1.0,207852.912081517
6340,1.0,160725.956027591
824,1.0,95111.4310572637
2605,1.0,12201.3435189441
2474,1.0,253619.35600209
7571,0.0,93072.6615693225
573,1.0,337044.246949881
4693,1.0,90241.5060266633
3830,1.0,164921.144740659
2407,1.0,42053.4323575675
280,1.0,62831.0948539592
6404,0.0,92029.6014253463
