index,CoveredByHealthInsurance,WTMEC2YR
7185,1.0,135728.620785782
1651,1.0,266075.672527355
5491,1.0,121365.782548951
8223,1.0,32982.320812414
6290,1.0,68581.6294835021
7233,1.0,74508.372377724
6374,1.0,166329.586364755
3240,0.0,53385.9629481299
