index,CoveredByHealthInsurance,WTMEC2YR
6011,1.0,138987.48089651
8104,1.0,121635.669672066
4292,1.0,67151.6078173467
2243,1.0,63984.1703066683
932,1.0,121762.766094119
2524,1.0,56084.3581839438
