index,CoveredByHealthInsurance,WTMEC2YR
6404,0.0,92029.6014253463
8320,1.0,117354.999333292
1644,1.0,145674.53828034
6685,1.0,134126.471145649
494,1.0,18386.371974694
1160,1.0,127771.01075197
5525,1.0,51876.5900408693
