index,CoveredByHealthInsurance,WTMEC2YR
5050,1.0,216728.354979332
5434,1.0,176836.544071642
2042,1.0,52892.236672477
3409,1.0,70450.006502051
4705,1.0,66507.8410675663
5527,0.0,70557.8846499157
5791,1.0,86149.5574214378
337,1.0,217036.354787672
888,1.0,227337.6812928
