index,CoveredByHealthInsurance,WTMEC2YR
1462,1.0,60414.0468155249
5718,1.0,78883.8628009756
108,1.0,15983.1494912722
8213,1.0,18356.9429653887
5137,1.0,33134.4814280855
1313,1.0,76480.1826415161
205,1.0,155035.582452211
2358,1.0,30074.429382081
