index,CoveredByHealthInsurance,WTMEC2YR
6334,1.0,79818.1025669878
5156,1.0,15054.7711704538
1183,1.0,146482.39689477
8035,1.0,56733.6349009966
7507,1.0,222818.627706047
1681,1.0,88092.722321012
7100,1.0,99707.6191821094
