index,CoveredByHealthInsurance,WTMEC2YR
5602,1.0,52041.2150926856
1607,1.0,128366.144125928
7123,1.0,29168.5234324269
1101,1.0,27430.2981648112
2527,1.0,61809.6966018788
3989,1.0,228798.191889946
8054,1.0,192084.534630478
3333,1.0,49890.9430597722
