index,CoveredByHealthInsurance,WTMEC2YR
880,1.0,322377.079684728
1606,1.0,110610.031490507
2796,1.0,78459.9109280792
3450,1.0,44644.8511688001
7969,1.0,75797.7283593085
5710,1.0,152100.041311101
4129,1.0,281271.94059347
4644,1.0,33244.7349128024
7207,1.0,98607.9808135274
