index,CoveredByHealthInsurance,WTMEC2YR
5623,1.0,139660.521374717
3372,1.0,221220.827941338
4055,0.0,36176.2303366632
81,1.0,269609.43379549
5201,1.0,124884.456938504
51,1.0,23938.5088723769
7009,1.0,207829.112758375
