index,BloodLeadUgdl,WTMEC2YR
1426,1.34,217665.468272573
4495,1.19,116488.255366268
3830,2.41,164921.144740659
2163,2.3,109028.612025016
1122,0.31,27181.359102612
7207,0.42,98607.9808135274
969,0.98,64933.1538684938
5049,0.66,35520.3727717859
5058,1.95,62405.1023901247
2249,2.35,207852.912081517
3214,0.62,37236.9440489056
7704,0.26,109810.264649176
2933,3.91,49790.657395719
867,1.08,181104.408586445
