index,BloodMercuryTotalUgl,WTMEC2YR
4265,0.2,104236.394704154
6348,0.69,125026.318098926
6346,1.26,138560.398688628
1239,0.49,48210.31432416
1203,1.35,303381.147365378
3756,0.41,18131.2309150311
3775,1.76,32891.3735508266
2920,3.08,117014.507626756
4320,0.44,14457.5447080787
