index,BloodMercuryTotalUgl,WTMEC2YR
4541,0.2,56723.8947044787
7990,0.2,85412.5927688562
2934,3.3,202666.607385467
5953,2.61,22055.087443421
8210,0.79,185636.238129971
806,3.03,128916.297249741
499,0.2,86111.3798077894
