index,EverToldYouHadHeartAttack,WTMEC2YR
3170,0.0,16873.4027080625
1091,0.0,62568.658214422
149,0.0,61180.7407817132
1761,0.0,13944.0260380222
7329,0.0,5200.0679717124
6665,0.0,56242.5545424514
1795,0.0,56539.6129254386
