index,WeightKg,WTMEC2YR
7305,63.4,229165.613885539
2497,60.4,221212.865413013
3469,61.1,72883.2690090547
2826,58.6,93220.9583049731
901,49.1,213676.041604305
4611,60.3,36513.4771735304
3734,78.5,39083.9003213849
6362,61.3,47363.4325388438
2966,58.9,20422.3645706378
2420,59.9,161797.163131308
8110,45.8,16010.9923952933
2198,61.1,125860.868622171
5230,82.5,214086.933625875
19,64.9,229129.236930365
5204,71.0,65200.4655619133
2560,48.7,335750.886789248
