index,BloodLeadUgdl,WTMEC2YR
2991,0.97,83451.3491432387
3789,1.71,93213.7003912649
7784,3.46,115816.905170364
3830,2.41,164921.144740659
692,0.65,41051.8756820398
2249,2.35,207852.912081517
7530,0.73,19406.632792265
151,2.65,19227.6844687965
4124,2.41,76386.673391427
8121,1.57,24113.4262958317
6687,1.21,39292.9221847729
6866,0.94,148338.962063924
2555,1.32,243752.023871804
4783,0.86,53278.9083099047
4112,3.72,87666.6369156147
4463,0.73,42799.6258330142
1373,0.95,63253.2896326339
