index,BloodLeadUgdl,WTMEC2YR
2569,0.88,25546.726594659
5364,0.86,27304.4905547606
682,0.3,76619.6945714018
1379,0.68,37536.9144313765
4268,0.64,141528.193131576
7812,1.27,64172.7906131665
1527,0.44,70245.5005293764
4400,1.67,27002.3242422969
6333,2.22,25073.4768852566
