index,WeightKg,WTMEC2YR
3028,65.5,95435.8953582629
269,51.5,88807.9178653374
5587,66.4,110144.921768485
7812,65.0,64172.7906131665
19,64.9,229129.236930365
4511,66.6,47635.6532100871
4369,44.8,19564.6871171395
3397,60.7,18306.3646234882
2842,61.1,11032.1981050732
