index,WeightKg,WTMEC2YR
5610,58.0,34380.3262495655
4112,57.7,87666.6369156147
1339,68.0,25109.4446605525
4243,66.9,74054.3761249836
4630,47.6,103246.104459813
5316,45.7,44644.8511688001
551,53.7,118245.911658417
2688,57.4,114805.424010237
