index,WeightKg,WTMEC2YR
7075,67.8,64119.2579991607
7315,67.0,111812.852459262
7013,57.5,20606.4602279681
5977,75.8,50221.5716433851
5156,67.8,15054.7711704538
4654,60.3,101151.902525581
4742,61.9,41044.1348940243
5271,56.4,137734.386956601
6784,47.2,236115.078498818
