index,TakeMedicationForDepression,WTMEC2YR
6348,0.0,125026.318098926
4720,0.0,89218.8921123399
6686,1.0,125625.841523287
2943,0.0,103875.25737014
6037,0.0,90523.8508599872
867,1.0,181104.408586445
1041,1.0,221581.408308498
1538,1.0,33341.1764202343
