index,WeightKg,WTMEC2YR
6175,98.0,68845.4483157131
2662,57.8,29147.7666067358
4382,84.3,35276.6830795101
1877,117.1,15166.5970853329
5033,100.3,117784.461757979
1082,96.2,57450.3230056259
3689,76.4,46543.1766387786
8324,73.3,36705.968722719
4579,57.2,16012.3578159551
