index,EverToldYouHadHeartAttack,WTMEC2YR
5603,1.0,125158.750383651
450,0.0,252445.411711235
2910,0.0,284989.445851707
2560,0.0,335750.886789248
6965,0.0,67943.0604115963
998,0.0,27943.9491441467
4495,0.0,116488.255366268
6004,0.0,51720.746860873
