index,EverToldYouHadHeartAttack,WTMEC2YR
3012,0.0,61835.4696824814
7032,0.0,19872.0483821497
6175,0.0,68845.4483157131
6072,0.0,101242.476754588
4485,0.0,128871.432404995
3884,0.0,71302.9841618051
6624,0.0,90204.3630335885
