index,BloodMercuryTotalUgl,WTMEC2YR
567,0.58,124622.594935855
834,0.2,197704.928417786
7400,0.2,302724.833363506
2285,0.74,151442.235701641
4960,0.97,61036.8352395488
2682,0.47,23373.6922557623
5535,0.58,46459.7365430318
8253,0.7,122278.114681407
673,0.45,46684.2680325729
7176,1.15,186923.97793458
6348,0.69,125026.318098926
2028,0.2,140678.179648079
8181,4.98,27066.9115324803
2519,2.33,147557.280737994
5435,0.65,85777.5288496521
