index,BloodMercuryTotalUgl,WTMEC2YR
8153,1.23,138654.855751892
8057,0.66,261074.049697366
4197,2.02,36100.1328359427
6687,0.75,39292.9221847729
5370,3.07,307165.26008922
6271,0.2,49571.8928142366
4761,0.7,16879.0322601821
52,2.84,212848.251290738
1041,0.73,221581.408308498
917,0.38,34694.1082360624
5809,1.99,139598.139341172
5332,0.97,60830.2333297191
849,0.5,27437.3322646151
4311,0.43,63810.6544455854
337,0.75,217036.354787672
7790,0.6,36755.8519809876
5532,0.92,49679.9816613231
