index,BloodMercuryTotalUgl,WTMEC2YR
197,0.73,77545.6769957598
7047,0.68,156305.081343801
4612,1.82,99848.137736484
6603,0.29,185328.33125808
4546,0.28,46653.9436611917
3233,0.95,42133.7555135099
696,8.42,14483.636734522
6934,0.32,116060.479357399
