index,BloodMercuryTotalUgl,WTMEC2YR
7571,0.3,93072.6615693225
3478,2.01,27089.2851352346
337,0.75,217036.354787672
2401,0.2,53366.5658631643
2282,1.68,74373.1957672567
2287,1.49,11860.4158953712
7671,0.2,77338.1587014857
8057,0.66,261074.049697366
4855,1.2,109691.147805208
286,0.2,11882.0354019828
