index,BloodMercuryTotalUgl,WTMEC2YR
3026,0.51,27868.5314278506
3376,0.2,68431.69656516
8106,0.36,30459.6023349621
1902,0.45,79701.21053835
674,0.94,27701.0644355858
3879,1.0,29760.0288459961
1551,0.2,14932.750754647
