index,BloodMercuryTotalUgl,WTMEC2YR
4333,0.38,213587.787815431
880,2.4,322377.079684728
5772,1.0,85390.2571498325
5518,4.68,96170.7051406744
2504,0.33,24347.3784279696
2223,0.98,273249.938436131
4577,5.73,154923.393857915
