index,BloodMercuryTotalUgl,WTMEC2YR
1135,0.86,198606.010499038
1041,0.73,221581.408308498
4959,0.88,23080.7878641867
4356,1.06,65509.8361944109
7783,0.86,212585.057458391
834,0.2,197704.928417786
7914,0.2,52282.6536350852
