index,BloodMercuryTotalUgl,WTMEC2YR
8153,1.23,138654.855751892
1041,0.73,221581.408308498
7298,0.2,23040.3995506711
7571,0.3,93072.6615693225
8057,0.66,261074.049697366
337,0.75,217036.354787672
1532,0.2,27776.0739945173
1902,0.45,79701.21053835
2670,1.12,11327.2774825331
