index,BloodMercuryTotalUgl,WTMEC2YR
8180,0.47,208037.731874754
1727,0.69,143802.038141491
7107,0.2,46229.8366586924
3202,0.72,71462.2690372433
7400,0.2,302724.833363506
1261,0.2,272498.888663072
3252,0.2,131802.295296985
2071,0.2,112251.239665344
5366,0.4,10885.6432420747
