index,BloodMercuryTotalUgl,WTMEC2YR
3570,0.34,52771.6831659158
6664,0.2,17301.4686668704
651,2.04,203108.114423791
7123,2.11,29168.5234324269
469,0.75,16603.0330808325
6603,0.29,185328.33125808
1135,0.86,198606.010499038
8186,0.39,108370.335485934
