index,BloodMercuryTotalUgl,WTMEC2YR
6354,0.69,50394.2966911037
1025,0.28,75340.2066268465
1932,0.68,151305.124969893
4309,5.86,22945.0151994909
4888,0.2,14190.5139225092
463,0.2,14385.5937944072
1312,0.73,20336.379133557
2133,0.87,39342.5770852031
3565,0.29,43245.3880483784
7212,0.81,37234.9902552348
7726,0.2,58286.5765373617
658,1.55,72984.8607767315
2708,0.2,47895.1537719943
1960,0.46,30510.5525828713
7345,3.59,14361.1568789864
5137,0.39,33134.4814280855
6842,0.2,27615.4419657602
