index,BloodMercuryTotalUgl,WTMEC2YR
2708,0.2,47895.1537719943
7726,0.2,58286.5765373617
6438,0.31,54379.2970261298
3676,2.1,29492.9205081583
658,1.55,72984.8607767315
6354,0.69,50394.2966911037
4874,1.19,17770.3446404348
6350,0.2,90424.8773819806
3565,0.29,43245.3880483784
53,0.68,23665.8554305637
4309,5.86,22945.0151994909
1025,0.28,75340.2066268465
2133,0.87,39342.5770852031
206,0.2,29350.9691081493
2409,0.32,20553.0592700487
