index,BloodMercuryTotalUgl,WTMEC2YR
6354,0.69,50394.2966911037
4874,1.19,17770.3446404348
6493,0.6,30515.6268428638
1312,0.73,20336.379133557
2708,0.2,47895.1537719943
7726,0.2,58286.5765373617
3179,0.96,19163.3309955887
3565,0.29,43245.3880483784
