index,WaistCircumferenceCm,WTMEC2YR
3738,124.2,150979.091301054
7354,100.4,84038.3740839004
135,89.9,137884.509474123
7626,124.7,53728.4222506661
4902,90.6,31054.3060489934
5744,108.5,88097.6919558968
1667,70.7,168445.708694412
5346,94.5,30499.9639874356
3918,115.8,46216.3475383574
7571,100.9,93072.6615693225
6698,116.8,83144.5693821028
1074,94.8,242401.017814568
7744,81.5,40704.2448055198
310,84.3,81986.0685792571
7155,62.3,24297.543367243
3584,94.8,76373.9766678607
