index,WeightKg,WTMEC2YR
8137,97.7,53307.5229079912
8104,66.7,121635.669672066
6965,78.6,67943.0604115963
3853,106.4,70528.6030809053
7042,73.3,35609.1933174731
1976,64.6,115815.10712497
5983,99.5,10906.8522581035
6917,95.7,54720.8590978155
5304,95.6,51182.8003976917
1827,83.3,86808.8263083968
2835,103.1,16813.1197408757
7253,128.5,51710.3233581536
4514,107.4,6431.15463292856
3182,57.1,10082.3554686425
2463,69.8,32951.5649718733
