index,WeightKg,WTMEC2YR
6624,56.8,90204.3630335885
1538,60.3,33341.1764202343
5044,75.8,24867.2643803974
5304,95.6,51182.8003976917
2359,81.4,39213.4543673795
7343,139.6,19836.2216954498
1472,91.7,96526.6115810372
1795,64.7,56539.6129254386
6603,101.4,185328.33125808
3378,99.8,33027.8108907442
4359,73.5,26261.0525479543
7412,80.2,47069.6027556038
7559,63.9,50812.4699102768
6665,71.1,56242.5545424514
92,60.2,30055.1986616622
7253,128.5,51710.3233581536
