index,WeightKg,WTMEC2YR
2263,105.0,23068.3871280922
6439,93.3,23278.6864694178
5049,76.0,35520.3727717859
8137,97.7,53307.5229079912
6917,95.7,54720.8590978155
7412,80.2,47069.6027556038
7104,82.2,10195.0894512446
8183,77.7,53827.723222393
6965,78.6,67943.0604115963
7194,102.6,21383.8783832328
1091,74.5,62568.658214422
2666,79.8,43354.9038124135
