index,WaistCircumferenceCm,WTMEC2YR
2504,77.1,24347.3784279696
6105,125.4,62243.9903132519
3256,91.7,49882.9706496902
6404,75.6,92029.6014253463
26,96.3,28532.9380802784
2678,119.1,15989.640717357
1667,70.7,168445.708694412
7155,62.3,24297.543367243
6698,116.8,83144.5693821028
7571,100.9,93072.6615693225
7795,73.9,25196.2722317252
1608,78.4,39587.5115757579
3376,83.7,68431.69656516
8183,102.2,53827.723222393
4351,119.4,92029.6014253463
3738,124.2,150979.091301054
