index,WeightKg,WTMEC2YR
6438,59.6,54379.2970261298
8104,66.7,121635.669672066
7104,82.2,10195.0894512446
1976,64.6,115815.10712497
1091,74.5,62568.658214422
638,78.6,54715.9648040317
1109,64.2,90967.3796258704
3337,73.6,142823.509105085
2666,79.8,43354.9038124135
6439,93.3,23278.6864694178
5304,95.6,51182.8003976917
7412,80.2,47069.6027556038
5049,76.0,35520.3727717859
1827,83.3,86808.8263083968
4279,75.4,12311.1012307423
4876,92.3,34981.8238363646
2761,97.7,20171.8565461168
