index,WeightKg,WTMEC2YR
6350,89.0,90424.8773819806
7028,48.0,24850.6847769197
5465,61.1,59032.0917010403
1472,91.7,96526.6115810372
2359,81.4,39213.4543673795
2103,84.6,30713.1569427581
7781,87.3,88192.9699415161
5352,107.2,46559.2724420144
4646,56.3,32773.1575183274
6083,79.7,46483.4087934268
2463,69.8,32951.5649718733
6824,65.1,34706.8566339495
4058,89.7,49096.8059965819
1109,64.2,90967.3796258704
3337,73.6,142823.509105085
6624,56.8,90204.3630335885
