index,WaistCircumferenceCm,WTMEC2YR
5562,113.9,64760.9782811715
3812,79.9,95237.1089077765
8183,102.2,53827.723222393
2649,83.0,36805.9542312398
4127,130.7,56328.022656808
3738,124.2,150979.091301054
6698,116.8,83144.5693821028
4276,90.1,77213.665834931
2292,63.7,85001.1963405565
4795,119.3,30542.4057644562
958,112.5,72178.6432570173
1608,78.4,39587.5115757579
5744,108.5,88097.6919558968
