index,WeightKg,WTMEC2YR
5350,64.2,30330.6309524686
6624,56.8,90204.3630335885
2635,85.6,21646.9649393994
4279,75.4,12311.1012307423
1109,64.2,90967.3796258704
6917,95.7,54720.8590978155
1472,91.7,96526.6115810372
