index,WeightKg,WTMEC2YR
6824,65.1,34706.8566339495
2635,85.6,21646.9649393994
51,75.8,23938.5088723769
8183,77.7,53827.723222393
6438,59.6,54379.2970261298
2359,81.4,39213.4543673795
