index,WaistCircumferenceCm,WTMEC2YR
26,96.3,28532.9380802784
5562,113.9,64760.9782811715
7826,94.8,57879.1630204128
5611,98.9,25919.420429303
4276,90.1,77213.665834931
8183,102.2,53827.723222393
7571,100.9,93072.6615693225
135,89.9,137884.509474123
