index,WaistCircumferenceCm,WTMEC2YR
7354,100.4,84038.3740839004
6686,73.4,125625.841523287
1998,94.0,95470.9281968169
6545,75.2,42180.8021473132
2640,87.0,54709.7314306869
2133,94.5,39342.5770852031
958,112.5,72178.6432570173
4122,89.8,30521.1459826179
7744,81.5,40704.2448055198
