index,WaistCircumferenceCm,WTMEC2YR
3918,115.8,46216.3475383574
7354,100.4,84038.3740839004
2169,71.6,61399.2847572588
5744,108.5,88097.6919558968
7571,100.9,93072.6615693225
7212,102.7,37234.9902552348
600,90.0,29157.8106638869
8148,80.9,21932.3190311456
