index,WaistCircumferenceCm,WTMEC2YR
310,84.3,81986.0685792571
1074,94.8,242401.017814568
7744,81.5,40704.2448055198
958,112.5,72178.6432570173
6160,149.3,14190.5342597181
3738,124.2,150979.091301054
3284,79.8,73457.0029905856
4127,130.7,56328.022656808
