index,WaistCircumferenceCm,WTMEC2YR
3812,79.9,95237.1089077765
5611,98.9,25919.420429303
7571,100.9,93072.6615693225
7396,107.0,31161.0482559291
2292,63.7,85001.1963405565
6465,86.6,37989.3424635332
2506,92.3,19149.2323494474
3284,79.8,73457.0029905856
