index,BloodMercuryTotalUgl,WTMEC2YR
8139,1.54,103433.248183485
1091,0.3,62568.658214422
799,0.96,11716.8427403831
3632,0.32,12110.9313113045
3025,3.07,25867.7736441886
7064,0.8,59601.0049043875
3012,0.43,61835.4696824814
7790,0.6,36755.8519809876
823,1.79,12720.9439174429
1902,0.45,79701.21053835
6222,0.32,15876.4571294845
4644,0.39,33244.7349128024
2080,0.35,25284.7361793116
5603,0.2,125158.750383651
8249,0.32,17527.9933545836
7535,0.2,16703.9672392338
856,1.95,27097.9239253829
