index,HaveSeriousDifficultyConcentrating,WTMEC2YR
3739,0.0,13085.7902010639
6562,1.0,162895.797149377
2603,0.0,36534.0744799592
5327,0.0,111349.571065096
135,1.0,137884.509474123
7156,0.0,19868.0492795616
6158,0.0,28551.2108626682
1117,0.0,55436.046171353
