index,HaveSeriousDifficultyConcentrating,WTMEC2YR
2626,1.0,133676.146723706
894,0.0,151447.55169619
7487,0.0,19433.0954201054
5059,0.0,90138.7226366455
4728,0.0,41610.3501325621
5175,0.0,96775.6462840563
2415,1.0,83016.0316631461
