index,BloodMercuryTotalUgl,WTMEC2YR
7064,0.8,59601.0049043875
8139,1.54,103433.248183485
6467,1.06,151132.153271412
80,1.21,149491.377588386
5603,0.2,125158.750383651
1902,0.45,79701.21053835
