index,BloodMercuryTotalUgl,WTMEC2YR
1902,0.45,79701.21053835
7694,2.54,17551.645688644
4218,0.37,23397.2615404554
6467,1.06,151132.153271412
8139,1.54,103433.248183485
5108,3.38,47596.7180659626
2080,0.35,25284.7361793116
3459,0.67,60482.0408601191
