index,BloodMercuryTotalUgl,WTMEC2YR
5080,0.3,60961.623482179
8249,0.32,17527.9933545836
2868,0.2,10615.7354053071
6840,0.2,46395.9563508233
5510,0.52,22195.1296839537
1902,0.45,79701.21053835
6467,1.06,151132.153271412
5603,0.2,125158.750383651
3459,0.67,60482.0408601191
