index,BloodLeadUgdl,WTMEC2YR
466,0.41,104368.121846723
6087,1.13,196668.129246055
3869,0.61,168066.641320737
6267,0.68,129734.098069844
5230,0.74,214086.933625875
7171,1.5,25958.2429082608
1667,0.62,168445.708694412
