index,CoveredByHealthInsurance,WTMEC2YR
4508,1.0,68264.2018662927
3376,0.0,68431.69656516
6060,1.0,33288.4452951842
2176,1.0,31203.3212235721
1538,1.0,33341.1764202343
7750,1.0,21069.098669057
2282,1.0,74373.1957672567
1845,1.0,27332.9692694616
1093,1.0,83451.2105173788
