index,CoveredByHealthInsurance,WTMEC2YR
597,1.0,109985.385795053
7671,1.0,77338.1587014857
2967,1.0,84406.3961619592
5327,1.0,111349.571065096
7233,1.0,74508.372377724
5532,1.0,49679.9816613231
2282,1.0,74373.1957672567
7345,1.0,14361.1568789864
