index,CoveredByHealthInsurance,WTMEC2YR
7671,1.0,77338.1587014857
6917,1.0,54720.8590978155
1652,1.0,30983.0305068386
1041,1.0,221581.408308498
6580,0.0,27899.7837459968
6169,1.0,29388.3717985799
4917,1.0,39692.5733705788
4124,1.0,76386.673391427
3968,1.0,35718.7600619841
