index,CoveredByHealthInsurance,WTMEC2YR
7540,1.0,19850.6166719837
200,0.0,38143.2443738384
5332,1.0,60830.2333297191
5327,1.0,111349.571065096
4917,1.0,39692.5733705788
3376,0.0,68431.69656516
6271,1.0,49571.8928142366
4124,1.0,76386.673391427
