index,CoveredByHealthInsurance,WTMEC2YR
3499,1.0,54358.8587778983
2282,1.0,74373.1957672567
1093,1.0,83451.2105173788
1648,1.0,22700.3871214509
4124,1.0,76386.673391427
7976,0.0,10624.4553417055
5332,1.0,60830.2333297191
1845,1.0,27332.9692694616
