index,DoctorToldYouHaveDiabetes,WTMEC2YR
2613,0,104460.93163383
2916,1,78719.4583498247
8153,1,138654.855751892
1558,0,373049.101439956
7883,0,75500.5094477248
1505,0,42065.9570725985
7929,0,83257.3110209002
208,0,125800.888013629
