index,CoveredByHealthInsurance,WTMEC2YR
6835,0.0,13971.7766758763
3879,1.0,29760.0288459961
4570,1.0,30650.3322217631
65,1.0,20200.6093264811
569,1.0,213910.433718455
1538,1.0,33341.1764202343
6235,1.0,107744.011062948
5629,1.0,14132.8606889051
1076,1.0,44385.273749512
597,1.0,109985.385795053
