index,WaistCircumferenceCm,WTMEC2YR
52,103.7,212848.251290738
3909,97.9,111926.904050272
375,81.3,72777.3049919816
7873,145.6,76745.8406070358
8057,101.8,261074.049697366
7571,100.9,93072.6615693225
4260,108.2,11510.8353023991
5037,110.0,8905.14665942874
4556,122.5,65063.040713343
3738,124.2,150979.091301054
2430,105.4,46326.6817491255
831,121.9,52103.4560518576
6828,105.7,26886.9396907554
5041,99.0,106182.749252869
3235,104.8,34009.3301853149
8339,148.1,90160.2623385276
