index,WaistCircumferenceCm,WTMEC2YR
1689,103.6,65525.8034283383
6742,131.0,36881.9538088112
3422,94.0,83792.9437067194
3289,136.3,88937.1678854062
3075,96.2,72333.0416397964
6642,84.7,25149.8581304242
3897,117.7,13848.7561964413
26,96.3,28532.9380802784
1183,112.7,146482.39689477
3935,111.4,24368.8940591296
6124,98.9,80850.9082236445
