index,WaistCircumferenceCm,WTMEC2YR
5603,116.0,125158.750383651
6110,132.4,190541.567962775
2103,105.6,30713.1569427581
6687,111.5,39292.9221847729
8057,101.8,261074.049697366
1902,116.8,79701.21053835
1753,115.0,67267.6252176093
7790,131.7,36755.8519809876
469,109.6,16603.0330808325
7202,117.7,10519.6109908565
