index,DoctorToldYouHaveDiabetes,WTMEC2YR
2636,1,99434.1674296508
2632,0,19280.4619313059
597,0,109985.385795053
5327,0,111349.571065096
6235,0,107744.011062948
5276,1,17045.9958114536
1093,0,83451.2105173788
