index,WaistCircumferenceCm,WTMEC2YR
6965,118.3,67943.0604115963
3632,106.9,12110.9313113045
3884,110.7,71302.9841618051
1880,114.8,12822.793268394
7571,100.9,93072.6615693225
1497,115.3,15017.1532949084
5080,116.5,60961.623482179
398,88.8,10839.0713948551
