index,WaistCircumferenceCm,WTMEC2YR
8153,107.1,138654.855751892
5546,97.2,26273.8696520871
52,103.7,212848.251290738
6561,116.8,23458.9737667025
7318,111.5,45531.119837222
8050,114.0,44927.6402368925
6110,132.4,190541.567962775
2401,132.6,53366.5658631643
1401,129.3,39350.6794993756
4239,109.0,19009.8994365521
5574,95.0,6408.79588507273
337,115.3,217036.354787672
6687,111.5,39292.9221847729
7072,94.2,13042.7787069833
8057,101.8,261074.049697366
1753,115.0,67267.6252176093
156,93.6,20486.5287680835
3340,139.6,14073.4192049647
4343,111.7,14984.3665205436
2287,85.0,11860.4158953712
4644,117.6,33244.7349128024
1902,116.8,79701.21053835
