index,BloodMercuryTotalUgl,WTMEC2YR
1652,1.94,30983.0305068386
7298,0.2,23040.3995506711
7571,0.3,93072.6615693225
3668,0.73,122013.968424775
5370,3.07,307165.26008922
8057,0.66,261074.049697366
569,0.4,213910.433718455
2122,0.35,23329.8230975113
1041,0.73,221581.408308498
2080,0.35,25284.7361793116
5603,0.2,125158.750383651
3293,1.0,117212.515513979
8153,1.23,138654.855751892
7559,0.2,50812.4699102768
4124,0.73,76386.673391427
7978,0.39,26569.8808176397
4239,0.46,19009.8994365521
