index,BloodLeadUgdl,WTMEC2YR
7826,0.48,57879.1630204128
539,1.27,147281.123693173
6523,0.55,173848.561117728
562,2.01,225034.527060252
6155,0.71,27925.5997291454
4290,0.31,41679.5946297578
1325,0.54,43358.7457824766
4041,0.64,265329.632565462
3738,0.54,150979.091301054
247,1.02,63655.3382890814
219,2.86,248583.358275465
6334,1.63,79818.1025669878
6109,0.83,44888.350303562
6342,0.22,115896.932518449
6303,0.98,171414.649051174
2392,0.47,73026.1708821077
5566,0.93,150147.039038896
