index,BloodLeadUgdl,WTMEC2YR
2223,0.56,273249.938436131
3772,1.47,282045.668487106
1619,0.49,116802.708352337
6784,1.0,236115.078498818
2991,0.97,83451.3491432387
248,1.15,77479.094746309
4154,0.37,188854.266624504
5246,1.11,56868.9076569545
337,0.67,217036.354787672
8278,1.02,27165.0302735974
2313,0.69,220018.334538068
1217,0.86,268835.646182863
4893,1.1,154220.762874309
