index,BloodLeadUgdl,WTMEC2YR
2920,1.61,117014.507626756
686,0.32,306375.581076064
1902,0.7,79701.21053835
1033,0.52,245217.752175739
2704,0.24,231584.695301426
4495,1.19,116488.255366268
3422,0.43,83792.9437067194
8320,1.48,117354.999333292
1355,0.99,48681.1753694322
1663,0.43,183981.376912143
1729,1.72,59997.4180165448
7400,0.7,302724.833363506
3124,0.26,108815.635934638
6216,0.48,23397.7799688815
383,1.32,28142.5403873196
