index,BloodLeadUgdl,WTMEC2YR
5014,1.13,23811.3369552422
6470,1.54,85172.5994847058
5503,0.52,169162.644001192
1770,0.52,125725.302119431
4577,0.62,154923.393857915
2142,3.71,200294.735191465
7315,0.4,111812.852459262
1325,0.54,43358.7457824766
3946,1.07,192913.74013985
7681,0.54,48208.9950596958
1206,0.07,62210.8345331674
2613,0.49,104460.93163383
7305,0.48,229165.613885539
1663,0.43,183981.376912143
4942,1.8,197924.026946561
2417,1.89,18184.8120519413
