index,BloodLeadUgdl,WTMEC2YR
7310,0.77,85887.6663744877
6776,0.81,91803.9218736802
4706,1.13,123761.500191086
896,1.42,220143.511499145
6303,0.98,171414.649051174
863,2.87,90351.3139636188
6709,0.34,94676.5814561832
5654,0.27,31290.4340260422
8193,0.76,290562.338008775
33,0.93,59094.0993994977
5941,0.77,110714.046303642
6612,3.16,109731.692769787
1681,2.2,88092.722321012
4568,1.54,43906.0947044856
5732,0.5,46847.9223078435
