index,BloodLeadUgdl,WTMEC2YR
7924,0.65,128501.415242229
5041,0.33,106182.749252869
7593,0.69,31024.4735024968
2219,0.79,126523.418728214
5873,0.48,14329.8885556107
7504,0.32,197398.776671838
488,1.14,276067.658588646
5606,0.32,50778.8465519611
