index,BloodLeadUgdl,WTMEC2YR
7236,0.49,99139.4585333646
6761,1.58,78997.0445453924
78,0.9,55860.3370305436
5923,2.19,127791.919413601
951,1.61,134179.896212121
6381,0.5,47238.5714920086
1137,0.59,38805.3017057505
