index,BloodLeadUgdl,WTMEC2YR
1995,0.63,127439.600124145
1414,0.44,46895.6546584846
5666,2.24,177781.406749759
3336,0.7,31010.2081294634
8297,0.87,96784.5419671157
2011,1.22,15338.2727809915
80,0.87,149491.377588386
8012,0.37,45546.3837172661
