index,BloodLeadUgdl,WTMEC2YR
1675,1.12,60911.383231172
8284,0.56,121635.669672066
3076,0.53,108737.5799299
771,1.51,11172.4540828014
1910,0.33,73633.6335545823
6840,0.89,46395.9563508233
5929,0.3,144132.246530481
2007,1.48,122050.146454685
4825,0.78,207632.217068353
