index,BloodLeadUgdl,WTMEC2YR
894,0.66,151447.55169619
1325,0.54,43358.7457824766
401,0.7,18649.2722015114
3952,0.32,37858.472466356
1386,0.83,250520.342892875
3885,0.9,38151.2038653418
5518,0.6,96170.7051406744
867,1.08,181104.408586445
5245,0.51,42775.0318829669
