index,BloodLeadUgdl,WTMEC2YR
3247,1.28,196978.684371954
7519,0.68,109358.366145934
6373,1.1,49928.9207518923
5243,0.58,37792.2455654176
3619,1.11,44188.3556917652
370,1.78,10327.6150878868
8257,1.72,48907.3300367413
7831,0.79,58870.889678404
7818,0.35,47988.9959753375
