index,WeightKg,WTMEC2YR
3107,79.7,41984.5765813946
6471,92.9,26547.7530105504
3323,90.1,98715.097560867
2352,73.9,39771.87492237
5525,122.1,51876.5900408693
2958,67.9,48550.480723561
