index,TakeMedicationForDepression,WTMEC2YR
7841,0.0,8485.36911871169
8153,0.0,138654.855751892
8057,0.0,261074.049697366
6110,0.0,190541.567962775
4239,0.0,19009.8994365521
5332,1.0,60830.2333297191
51,0.0,23938.5088723769
1902,1.0,79701.21053835
1041,1.0,221581.408308498
