index,TakeMedicationForDepression,WTMEC2YR
849,0.0,27437.3322646151
7910,0.0,83160.3594188858
3668,0.0,122013.968424775
6687,1.0,39292.9221847729
4342,0.0,26676.5720562455
8153,0.0,138654.855751892
3968,0.0,35718.7600619841
2636,0.0,99434.1674296508
