index,WeightKg,WTMEC2YR
3508,57.0,25205.8029389349
9,74.9,166841.660681132
8242,70.9,157843.83441735
6866,112.1,148338.962063924
6936,84.1,59778.2894669633
4585,62.5,15081.4306785909
7216,99.8,89293.8310909558
