index,WeightKg,WTMEC2YR
2409,66.4,20553.0592700487
5892,82.3,28490.4778736088
4097,91.9,41238.259354585
282,68.4,125331.603623969
6936,84.1,59778.2894669633
8122,65.7,35814.425943658
3293,56.3,117212.515513979
4363,95.2,17879.8799898253
