index,TakeMedicationForDepression,WTMEC2YR
7233,0.0,74508.372377724
6687,1.0,39292.9221847729
2036,0.0,14836.2675643327
7726,1.0,58286.5765373617
569,0.0,213910.433718455
5343,0.0,30681.0205287227
5532,0.0,49679.9816613231
1753,0.0,67267.6252176093
5603,0.0,125158.750383651
