index,WeightKg,WTMEC2YR
3659,58.5,67499.8960188999
3789,54.6,93213.7003912649
6350,89.0,90424.8773819806
682,85.8,76619.6945714018
2675,132.3,46465.6627542541
6686,47.6,125625.841523287
6552,66.9,75215.4237681673
