index,WeightKg,WTMEC2YR
4244,59.2,91778.3261933206
5723,69.8,92057.5778930173
3530,57.9,25693.3430591997
1109,64.2,90967.3796258704
3605,134.5,15079.1444994876
1982,131.1,77577.614233409
2041,75.2,111844.248122977
2715,75.3,55662.6715062987
