index,WeightKg,WTMEC2YR
6112,62.6,21636.6308609247
254,60.1,95031.561744197
1041,69.5,221581.408308498
11,65.6,9250.90467224568
3293,56.3,117212.515513979
5054,54.0,39865.6111642222
6686,47.6,125625.841523287
1301,49.2,169435.34266015
