index,EverToldYouHadCancerOrMalignancy,WTMEC2YR
2861,1.0,144910.515020423
5636,0.0,53785.6354588542
4652,0.0,35897.0112687014
2945,0.0,42929.6744888191
2609,0.0,27463.66563698
7559,1.0,50812.4699102768
6247,0.0,43860.6655419532
5518,1.0,96170.7051406744
6263,0.0,84653.969803616
887,0.0,97289.0672070798
