index,WeightKg,WTMEC2YR
1041,69.5,221581.408308498
1301,49.2,169435.34266015
5952,49.8,56769.0616654709
3293,56.3,117212.515513979
6610,58.6,74273.6274154273
254,60.1,95031.561744197
2477,56.4,105032.384813012
