index,WeightKg,WTMEC2YR
6562,70.1,162895.797149377
1041,69.5,221581.408308498
2477,56.4,105032.384813012
1301,49.2,169435.34266015
8327,57.0,32216.8145551803
6686,47.6,125625.841523287
3659,58.5,67499.8960188999
