index,EverToldYouHadCancerOrMalignancy,WTMEC2YR
6295,0.0,64788.4087499265
887,0.0,97289.0672070798
2861,1.0,144910.515020423
5049,1.0,35520.3727717859
6779,0.0,88795.0544911682
1997,0.0,10452.1307832564
3723,0.0,26446.0831686377
1487,0.0,54064.3608507968
