index,EverToldYouHadCancerOrMalignancy,WTMEC2YR
2700,0.0,164560.034337423
974,0.0,32046.9578186673
2861,1.0,144910.515020423
6711,0.0,29477.6930106483
6295,0.0,64788.4087499265
290,0.0,38278.9080769788
6426,0.0,28248.9858576304
887,0.0,97289.0672070798
