index,WeightKg,WTMEC2YR
2477,56.4,105032.384813012
1041,69.5,221581.408308498
5054,54.0,39865.6111642222
2783,51.2,51942.385284526
1301,49.2,169435.34266015
6610,58.6,74273.6274154273
4650,51.7,68916.2960161287
