index,WeightKg,WTMEC2YR
6562,70.1,162895.797149377
2477,56.4,105032.384813012
254,60.1,95031.561744197
4647,56.5,34288.9353615471
1301,49.2,169435.34266015
1041,69.5,221581.408308498
7726,45.4,58286.5765373617
5952,49.8,56769.0616654709
