index,WeightKg,WTMEC2YR
1041,69.5,221581.408308498
6686,47.6,125625.841523287
1301,49.2,169435.34266015
1391,54.2,19940.1110475135
6610,58.6,74273.6274154273
4650,51.7,68916.2960161287
7726,45.4,58286.5765373617
2477,56.4,105032.384813012
