index,WeightKg,WTMEC2YR
6610,58.6,74273.6274154273
2477,56.4,105032.384813012
6686,47.6,125625.841523287
3659,58.5,67499.8960188999
6562,70.1,162895.797149377
7726,45.4,58286.5765373617
1960,53.8,30510.5525828713
