index,EverToldYouHadCancerOrMalignancy,WTMEC2YR
7927,0.0,36780.0626799383
5855,0.0,72730.2184845763
5636,0.0,53785.6354588542
1001,0.0,13367.8996240847
887,0.0,97289.0672070798
6711,0.0,29477.6930106483
1641,0.0,50454.8308850063
