index,WeightKg,WTMEC2YR
2929,105.5,33961.4381392931
337,105.5,217036.354787672
6360,81.8,11463.9620233285
6111,134.1,48179.7182612498
2455,90.8,24282.2955183884
4228,80.1,9471.96846227687
4753,115.6,196474.714015281
4562,90.8,48480.1557664953
3076,115.8,108737.5799299
6224,123.3,22335.7352062358
3893,103.8,222099.095415998
7871,109.9,82679.4152540597
5824,133.4,205345.204393881
2719,119.6,159503.641227616
4581,112.6,66979.1039760121
3406,84.7,51936.0349798471
5974,125.5,52043.9269965396
