index,BloodLeadUgdl,WTMEC2YR
499,0.46,86111.3798077894
1193,0.3,196926.559995364
4373,0.27,153934.213926753
8174,0.37,179271.499190576
260,0.6,104437.397609319
3419,1.24,114915.309437548
901,2.84,213676.041604305
1797,0.82,226816.64246876
6041,1.88,20960.7487069498
69,0.27,21739.5454363543
1138,0.49,82650.2935401507
866,1.89,63486.7368124706
4662,7.73,85273.8165879544
6169,1.24,29388.3717985799
6761,1.58,78997.0445453924
