index,BloodLeadUgdl,WTMEC2YR
1109,1.32,90967.3796258704
4080,0.41,273574.816008904
139,0.34,253429.471575049
7728,0.83,78483.7821245894
8174,0.37,179271.499190576
19,0.99,229129.236930365
4674,0.94,115343.096171992
