index,WeightKg,WTMEC2YR
569,95.9,213910.433718455
391,129.0,50216.9544935243
6742,116.6,36881.9538088112
1922,115.2,53456.3241371805
388,124.1,26210.7861325734
6262,96.4,93068.6381013904
6625,111.1,110963.928550483
2254,123.8,34758.9221104467
1663,110.6,183981.376912143
5891,104.5,37858.472466356
