index,WeightKg,WTMEC2YR
4174,114.7,135154.322203794
5151,91.9,145519.612339116
4127,128.0,56328.022656808
1679,113.6,10934.9104523927
2496,145.2,139753.022153128
6337,116.5,30878.0711280454
7118,126.6,74893.198572197
