index,WeightKg,WTMEC2YR
326,112.4,80632.7430665023
5129,95.2,46444.5873291677
7560,104.4,23363.2461761892
5351,135.4,100139.23201941
8297,122.3,96784.5419671157
7626,101.1,53728.4222506661
