index,WeightKg,WTMEC2YR
8284,143.8,121635.669672066
3076,115.8,108737.5799299
1663,110.6,183981.376912143
442,154.1,113714.752209952
6298,132.3,22919.3621637499
8137,97.7,53307.5229079912
4066,123.7,120251.792518659
212,84.1,13745.2492774843
