index,WeightKg,WTMEC2YR
6898,125.6,62492.91941421
5962,84.6,79986.0236976545
1380,84.2,54484.5889343214
597,101.5,109985.385795053
5562,83.7,64760.9782811715
2341,107.7,133368.525340242
1194,126.1,227609.242861634
