index,BloodLeadUgdl,WTMEC2YR
6404,0.36,92029.6014253463
2041,1.81,111844.248122977
1667,0.62,168445.708694412
6592,1.22,302433.214834838
1549,0.44,271806.566726651
2920,1.61,117014.507626756
5722,0.61,12435.0071752221
4739,0.56,106964.94278441
