index,BloodLeadUgdl,WTMEC2YR
5147,1.79,189142.302948911
2041,1.81,111844.248122977
8210,1.86,185636.238129971
8345,0.31,18753.0076782024
3812,3.01,95237.1089077765
375,1.26,72777.3049919816
1606,0.6,110610.031490507
