index,WeightKg,WTMEC2YR
417,94.6,10007.6235874502
4002,128.5,66114.2454218422
450,99.1,252445.411711235
2544,120.8,63753.0108596143
1309,105.1,221220.827941338
2623,96.4,41040.247610176
7233,111.2,74508.372377724
4344,101.9,97057.4985731975
5720,130.7,255038.380989282
