index,BloodLeadUgdl,WTMEC2YR
3869,0.61,168066.641320737
5775,0.35,16653.6111015686
6610,0.42,74273.6274154273
6533,0.29,35617.3423300845
4293,0.83,81128.9782162292
3434,0.7,151788.472407606
3020,0.4,103165.292032781
