index,WeightKg,WTMEC2YR
5216,109.5,41076.7215956541
4795,116.8,30542.4057644562
3269,94.6,67521.3365476278
7514,168.3,98716.9523304193
6069,81.7,58845.1726589731
639,121.2,30697.826408031
