index,WeightKg,WTMEC2YR
7371,73.7,112251.239665344
2045,102.1,87316.1815413504
7009,104.8,207829.112758375
931,102.0,339593.351323581
6069,81.7,58845.1726589731
6177,116.3,12352.5251211804
5666,95.5,177781.406749759
3750,89.0,30118.4507108523
2950,104.5,27486.3523511806
