index,BloodLeadUgdl,WTMEC2YR
468,0.73,68386.9093934713
3688,0.38,34792.419606392
3925,0.59,16109.8445194254
1549,0.44,271806.566726651
3906,1.04,11993.6854518689
2452,0.89,84870.6010229613
1301,2.14,169435.34266015
6087,1.13,196668.129246055
1662,0.76,30303.4570649571
866,1.89,63486.7368124706
