index,WeightKg,WTMEC2YR
6959,111.5,98796.6867217
1054,129.0,31862.1338016214
357,123.0,167220.69884342
7837,98.5,156482.903014971
5099,81.7,17734.6183018716
8318,108.6,16068.0463280809
8362,97.4,63661.9515734445
4819,131.9,48020.3705145816
