index,BloodCadmiumUgl,WTMEC2YR
3887,0.25,37266.2168105907
6350,0.74,90424.8773819806
5147,0.52,189142.302948911
1301,2.18,169435.34266015
7864,0.42,117835.461348118
7235,0.53,118365.248924027
