index,BloodLeadUgdl,WTMEC2YR
1109,1.32,90967.3796258704
4728,0.99,41610.3501325621
4268,0.64,141528.193131576
5330,0.44,104368.121846723
6562,0.92,162895.797149377
3835,0.51,95942.4514261342
7495,0.59,59023.2997022611
239,0.47,66978.9140489359
