index,BloodLeadUgdl,WTMEC2YR
6887,0.25,110410.528826236
4825,0.78,207632.217068353
5147,1.79,189142.302948911
2560,1.18,335750.886789248
3822,0.48,284008.386336762
8093,0.41,60583.511877469
4654,0.58,101151.902525581
