index,BloodLeadUgdl,WTMEC2YR
7436,0.58,34041.3588792406
5221,0.99,155778.335889233
5777,4.15,80422.980342937
1042,2.06,17770.3446404348
6821,1.68,40979.6801545399
269,0.53,88807.9178653374
5808,0.64,70149.7620182459
