index,WeightKg,WTMEC2YR
7253,128.5,51710.3233581536
4646,56.3,32773.1575183274
638,78.6,54715.9648040317
1109,64.2,90967.3796258704
8104,66.7,121635.669672066
6603,101.4,185328.33125808
1650,71.1,75823.2953275086
6083,79.7,46483.4087934268
7159,103.6,13399.1870655204
6350,89.0,90424.8773819806
92,60.2,30055.1986616622
6414,85.4,62446.3086939857
2737,153.9,23342.2091603602
3337,73.6,142823.509105085
2180,55.9,37136.210311489
