index,WeightKg,WTMEC2YR
2666,79.8,43354.9038124135
6665,71.1,56242.5545424514
2511,97.5,9166.49424473938
8137,97.7,53307.5229079912
7253,128.5,51710.3233581536
2513,67.8,49750.1695411938
3337,73.6,142823.509105085
1538,60.3,33341.1764202343
7781,87.3,88192.9699415161
2359,81.4,39213.4543673795
434,75.9,9942.67790777383
6083,79.7,46483.4087934268
1472,91.7,96526.6115810372
1401,91.7,39350.6794993756
