index,BloodCadmiumUgl,WTMEC2YR
5581,0.12,93917.311350984
2055,0.21,143154.069456553
196,0.17,17311.7476705863
7378,0.07,225011.218730725
6776,1.82,91803.9218736802
6231,0.15,10208.9116081677
4062,0.15,248771.632648273
7704,0.07,109810.264649176
4634,0.2,31604.630606653
7242,0.25,117720.442432102
3094,0.29,110616.399477862
5623,0.31,139660.521374717
4739,0.56,106964.94278441
1556,0.23,113649.286711292
