index,BloodCadmiumUgl,WTMEC2YR
5656,0.55,30999.8086557654
2198,0.29,125860.868622171
4155,0.07,28492.809926356
2713,0.07,104516.22927615
7627,0.12,34380.3262495655
3568,0.13,182239.805595385
4814,0.18,169187.246265028
4225,0.2,63999.1817453194
1995,0.14,127439.600124145
2410,0.31,79726.4131046728
3177,0.31,186909.145775331
4646,0.87,32773.1575183274
5791,0.22,86149.5574214378
2910,0.13,284989.445851707
3003,0.54,55461.5432206245
6124,0.25,80850.9082236445
3966,0.12,185712.655316152
