index,BloodCadmiumUgl,WTMEC2YR
4422,1.99,8130.90091516583
7526,0.77,105081.123610655
4485,0.07,128871.432404995
3344,0.36,145905.676839955
1906,0.72,197224.657199677
2194,0.53,137734.386956601
3240,1.84,53385.9629481299
3964,0.36,33401.1673517292
6538,1.09,143271.638072563
5252,0.2,18433.4662622313
1045,0.78,57107.2137607394
2078,0.16,63637.8262330138
182,0.71,26353.923954343
3513,0.13,114420.514481923
7172,0.64,13803.0838672172
