index,BloodCadmiumUgl,WTMEC2YR
8139,0.07,103433.248183485
415,0.43,19867.2835911136
1607,0.18,128366.144125928
6348,0.32,125026.318098926
1614,0.14,93137.8759214724
3261,0.27,204386.218806289
3482,0.22,69809.6693055092
