index,BloodCadmiumUgl,WTMEC2YR
5932,0.53,39713.5319071323
3942,0.31,216961.084125459
3081,0.18,208401.416600525
5732,1.91,46847.9223078435
5770,0.16,101321.217965211
461,0.17,135133.054937154
50,3.01,99269.9578005395
4080,0.07,273574.816008904
