index,BloodCadmiumUgl,WTMEC2YR
5103,0.69,53728.4222506661
1651,0.07,266075.672527355
3864,0.61,176069.804189691
1720,0.17,43826.9903890006
4855,0.14,109691.147805208
676,0.28,26412.2512033592
3877,0.07,73397.6949421531
7064,0.07,59601.0049043875
2560,0.24,335750.886789248
