index,BloodCadmiumUgl,WTMEC2YR
7378,0.07,225011.218730725
1740,0.83,122298.046092623
4182,0.37,29776.854053978
3419,0.6,114915.309437548
4942,0.17,197924.026946561
8204,0.18,202187.793564031
1619,0.22,116802.708352337
4096,0.1,14674.5946438697
2159,0.32,177065.638449152
