index,BloodCadmiumUgl,WTMEC2YR
3434,0.23,151788.472407606
2584,0.14,181999.676459589
157,0.12,70964.0596861838
1759,0.2,199593.069619705
2836,0.25,143823.257298644
2441,0.38,54765.7157613431
5175,0.21,96775.6462840563
