index,BloodCadmiumUgl,WTMEC2YR
269,0.16,88807.9178653374
136,0.35,22754.1304895906
3147,0.59,27604.0152478549
3769,0.3,39007.6576051615
3571,0.07,51747.6564805402
7990,0.43,85412.5927688562
6096,0.33,67254.3031091532
