index,BloodCadmiumUgl,WTMEC2YR
2206,0.07,29176.7019625688
1203,0.48,303381.147365378
7009,0.18,207829.112758375
6520,0.12,137240.780178089
6780,0.33,68691.7614125703
3174,0.27,122549.670050781
6449,0.3,320792.726122231
357,0.18,167220.69884342
2780,0.19,27182.8711318027
