index,TakingInsulinNow,WTMEC2YR
6352,0.0,16001.1378002801
7940,0.0,99398.2546012838
5389,1.0,15638.6289775029
5201,0.0,124884.456938504
1897,0.0,156608.473960646
2222,0.0,83585.8024656745
4292,0.0,67151.6078173467
1879,0.0,11683.5617021867
1667,0.0,168445.708694412
