index,HaveSeriousDifficultyConcentrating,WTMEC2YR
3376,1.0,68431.69656516
5603,0.0,125158.750383651
1532,1.0,27776.0739945173
597,0.0,109985.385795053
6917,0.0,54720.8590978155
2401,0.0,53366.5658631643
7156,0.0,19868.0492795616
