index,BloodMercuryTotalUgl,WTMEC2YR
7531,0.59,15737.0786635539
7571,0.3,93072.6615693225
1373,2.02,63253.2896326339
7538,0.2,41657.0208886589
3178,0.38,56888.4507094491
5809,1.99,139598.139341172
1826,1.58,34247.9088905661
2254,0.2,34758.9221104467
7064,0.8,59601.0049043875
3738,0.2,150979.091301054
2736,0.29,57155.9089432308
26,2.14,28532.9380802784
4174,0.53,135154.322203794
1394,0.38,44042.2151162109
5139,2.02,20457.1434298232
