index,BloodMercuryTotalUgl,WTMEC2YR
7064,0.8,59601.0049043875
4605,0.2,34079.4285722229
6874,0.39,30697.826408031
1669,0.32,57787.5361604703
2221,1.51,9746.42095637391
5060,1.08,11676.6526219439
2259,0.4,55698.23768138
1394,0.38,44042.2151162109
3178,0.38,56888.4507094491
998,0.47,27943.9491441467
7538,0.2,41657.0208886589
2736,0.29,57155.9089432308
4745,0.44,16661.1616176421
3738,0.2,150979.091301054
5809,1.99,139598.139341172
8004,0.2,24754.3738977448
2740,1.4,45289.9688484514
