index,BloodMercuryTotalUgl,WTMEC2YR
4351,0.39,92029.6014253463
8004,0.2,24754.3738977448
2327,1.78,14989.8515456914
3178,0.38,56888.4507094491
3738,0.2,150979.091301054
7571,0.3,93072.6615693225
5139,2.02,20457.1434298232
1373,2.02,63253.2896326339
4605,0.2,34079.4285722229
5809,1.99,139598.139341172
2736,0.29,57155.9089432308
1912,2.22,23572.0178064348
7064,0.8,59601.0049043875
1826,1.58,34247.9088905661
7892,0.54,29498.4052335837
2636,0.43,99434.1674296508
