index,BloodMercuryTotalUgl,WTMEC2YR
5376,0.2,13344.4899668257
26,2.14,28532.9380802784
4351,0.39,92029.6014253463
4633,1.36,45204.7939810146
1826,1.58,34247.9088905661
3178,0.38,56888.4507094491
1394,0.38,44042.2151162109
5809,1.99,139598.139341172
1669,0.32,57787.5361604703
2197,1.7,30835.6534537723
2254,0.2,34758.9221104467
306,2.1,47926.3523561574
5591,0.28,51165.5915212813
4605,0.2,34079.4285722229
936,0.64,7723.43496966954
2259,0.4,55698.23768138
