index,BloodMercuryTotalUgl,WTMEC2YR
1826,1.58,34247.9088905661
5139,2.02,20457.1434298232
4174,0.53,135154.322203794
2259,0.4,55698.23768138
7892,0.54,29498.4052335837
7571,0.3,93072.6615693225
4633,1.36,45204.7939810146
6692,0.77,13865.9444059518
5591,0.28,51165.5915212813
3444,0.2,19194.646502057
3441,0.2,25856.1694889481
2197,1.7,30835.6534537723
5074,0.51,20627.2276433354
2620,0.59,46033.6287797881
4605,0.2,34079.4285722229
3178,0.38,56888.4507094491
