index,BloodMercuryTotalUgl,WTMEC2YR
8095,1.44,163857.514702973
5577,0.49,32476.4961074358
459,1.49,11111.1216799512
2943,1.25,103875.25737014
6687,0.75,39292.9221847729
3204,0.33,19253.4696788081
7539,0.52,162308.482121441
1226,2.59,54035.3036678887
865,0.54,47931.7474141585
1598,0.82,96300.8850961369
3675,0.45,58566.062016304
5518,4.68,96170.7051406744
2924,3.46,122013.968424775
8104,0.3,121635.669672066
3935,1.19,24368.8940591296
1438,0.48,35094.2197085605
