index,BloodMercuryTotalUgl,WTMEC2YR
4174,0.53,135154.322203794
6752,4.58,11982.3570346324
2740,1.4,45289.9688484514
3738,0.2,150979.091301054
26,2.14,28532.9380802784
306,2.1,47926.3523561574
1394,0.38,44042.2151162109
2736,0.29,57155.9089432308
