index,BloodMercuryTotalUgl,WTMEC2YR
1669,0.32,57787.5361604703
4174,0.53,135154.322203794
1113,0.35,15792.479433176
665,1.27,37751.5351487187
2259,0.4,55698.23768138
7064,0.8,59601.0049043875
4351,0.39,92029.6014253463
