index,BloodMercuryTotalUgl,WTMEC2YR
4633,1.36,45204.7939810146
5495,0.4,13931.7309467245
4174,0.53,135154.322203794
4351,0.39,92029.6014253463
1373,2.02,63253.2896326339
2620,0.59,46033.6287797881
6874,0.39,30697.826408031
