index,BloodMercuryTotalUgl,WTMEC2YR
831,1.85,52103.4560518576
7539,0.52,162308.482121441
5964,0.64,156240.057335583
969,1.46,64933.1538684938
6348,0.69,125026.318098926
7235,1.71,118365.248924027
7940,4.03,99398.2546012838
4444,5.81,21412.4855343793
