index,TakeMedicationForDepression,WTMEC2YR
4899,0.0,50185.6559265006
7041,0.0,19593.2799230118
4291,0.0,143124.864598429
8281,0.0,71692.3158751882
7499,0.0,65371.7516591485
2316,0.0,154549.275510269
5650,0.0,86888.8978928672
2420,0.0,161797.163131308
1894,0.0,163797.605829848
5024,0.0,332785.866231774
5221,0.0,155778.335889233
6400,0.0,41816.099852777
521,0.0,7695.91064659971
221,0.0,259474.755590052
76,0.0,59166.3008903357
4663,0.0,65359.7154770613
