index,TakeMedicationForDepression,WTMEC2YR
5684,0.0,88376.0360298786
7876,0.0,97707.2001157164
2933,0.0,49790.657395719
5483,0.0,84725.3473127015
1611,0.0,74791.1503403723
2415,0.0,83016.0316631461
3456,0.0,17955.5927693747
2551,1.0,109756.75970328
4814,0.0,169187.246265028
3478,0.0,27089.2851352346
7009,1.0,207829.112758375
2194,0.0,137734.386956601
6266,0.0,54682.7641727933
1954,0.0,145376.500648366
