index,TakeMedicationForDepression,WTMEC2YR
6520,0.0,137240.780178089
6439,1.0,23278.6864694178
5350,0.0,30330.6309524686
1217,0.0,268835.646182863
4706,0.0,123761.500191086
7723,0.0,88578.7249274622
2747,0.0,149819.910285894
6377,0.0,33838.1895092865
5351,0.0,100139.23201941
8066,1.0,272498.888663072
5684,0.0,88376.0360298786
2836,0.0,143823.257298644
4614,0.0,111536.494072976
5483,0.0,84725.3473127015
