index,TakeMedicationForDepression,WTMEC2YR
5575,0.0,44984.5855655208
4663,0.0,65359.7154770613
4825,0.0,207632.217068353
866,0.0,63486.7368124706
2189,0.0,109516.474990832
6592,0.0,302433.214834838
5956,0.0,68579.1689614099
949,0.0,46536.4009852906
7810,0.0,270740.371801942
5923,0.0,127791.919413601
956,0.0,70988.5013207568
2497,0.0,221212.865413013
1033,0.0,245217.752175739
1203,1.0,303381.147365378
6064,0.0,160432.980200403
6329,0.0,142001.400958086
