index,TakeMedicationForDepression,WTMEC2YR
682,0.0,76619.6945714018
5596,0.0,111398.70987374
4599,0.0,35094.3843642458
4749,0.0,49678.477788204
4818,0.0,24731.0001475235
322,0.0,45961.9509408831
5865,0.0,41519.834155268
