index,TakeMedicationForDepression,WTMEC2YR
2497,0.0,221212.865413013
5434,0.0,176836.544071642
153,0.0,125047.391839698
347,0.0,195848.960094735
6377,0.0,33838.1895092865
5806,0.0,30395.2664032093
7808,0.0,233972.405849731
