index,TakeMedicationForDepression,WTMEC2YR
3932,0.0,29594.2330403571
1135,0.0,198606.010499038
6421,0.0,102822.184903191
3732,0.0,33096.3311796499
859,0.0,57498.6561839987
7287,0.0,66919.6603129886
4129,0.0,281271.94059347
7545,0.0,178581.284612416
