index,TakeMedicationForDepression,WTMEC2YR
1460,0.0,300980.757197945
825,0.0,35642.0169206239
1078,0.0,268265.450567731
3994,0.0,83756.9623372078
3842,0.0,34713.6006508386
1183,0.0,146482.39689477
5253,0.0,27241.4709268891
848,0.0,100348.65382643
3111,0.0,30759.2774466936
