index,TakeMedicationForDepression,WTMEC2YR
6917,0.0,54720.8590978155
5809,0.0,139598.139341172
4855,0.0,109691.147805208
6110,0.0,190541.567962775
1041,1.0,221581.408308498
2176,0.0,31203.3212235721
5370,0.0,307165.26008922
