index,BloodCadmiumUgl,WTMEC2YR
1426,0.23,217665.468272573
3872,0.37,12056.3503975196
8054,0.24,192084.534630478
345,0.46,88459.7967181647
4741,0.17,54886.8181179087
5542,0.44,180906.463686905
3301,0.31,394721.009801782
4445,0.12,94086.3278703975
5617,0.11,347125.726039169
4914,0.35,44699.182128448
7062,0.22,172915.577837413
6105,0.31,62243.9903132519
7240,0.38,19416.6222364779
1183,0.39,146482.39689477
3261,0.27,204386.218806289
5811,0.12,130915.673529241
7744,0.38,40704.2448055198
