index,BloodCadmiumUgl,WTMEC2YR
4893,0.24,154220.762874309
5566,0.19,150147.039038896
7265,1.11,30392.3344445687
1269,0.32,84299.9549239246
6617,1.83,171836.179823666
1598,0.33,96300.8850961369
6784,0.31,236115.078498818
5282,0.23,18218.0835010081
2497,0.95,221212.865413013
1753,0.16,67267.6252176093
6025,0.16,79621.8082311023
441,0.12,125655.744970394
5382,0.07,17202.9684044454
7841,0.22,8485.36911871169
1462,0.24,60414.0468155249
931,0.07,339593.351323581
8246,0.25,80365.2296855102
