index,BloodCadmiumUgl,WTMEC2YR
7689,2.52,111609.790302581
1107,0.87,99340.4834813457
8204,0.18,202187.793564031
7873,0.28,76745.8406070358
8032,0.19,139777.428760594
6098,0.07,66897.6679402158
6917,0.31,54720.8590978155
4002,1.56,66114.2454218422
