index,BloodCadmiumUgl,WTMEC2YR
6719,0.26,65304.1230824253
4750,0.3,25708.3750595873
543,0.25,17832.2869526298
4523,0.07,25910.2193944849
6098,0.07,66897.6679402158
1783,0.37,125233.372455346
1141,0.55,49541.4372541212
3513,0.13,114420.514481923
