index,EverToldYouHadCancerOrMalignancy,WTMEC2YR
6263,0.0,84653.969803616
2664,0.0,19110.8363412515
1024,0.0,66507.8410675663
5963,0.0,155897.824093287
1487,0.0,54064.3608507968
6008,0.0,31314.9961803328
1144,0.0,22273.1106693227
6779,0.0,88795.0544911682
