index,EverToldYouHadCancerOrMalignancy,WTMEC2YR
6832,0.0,176978.890602464
6006,0.0,42842.247923423
1537,0.0,41520.1045862028
7706,0.0,156305.081343801
3312,0.0,94087.0934374869
6544,0.0,75167.3389155204
5963,0.0,155897.824093287
4465,0.0,30438.5203333499
7423,0.0,98240.4272540408
5005,0.0,127772.450261739
1487,0.0,54064.3608507968
