index,EverToldYouHadCancerOrMalignancy,WTMEC2YR
5005,0.0,127772.450261739
3536,0.0,18831.04663686
120,0.0,52561.2638436962
682,0.0,76619.6945714018
1110,0.0,14165.9741497563
5511,0.0,115821.695412551
6263,0.0,84653.969803616
1437,0.0,69316.3271941216
8239,1.0,30852.0412805536
7883,0.0,75500.5094477248
6990,0.0,34876.4457427191
1024,0.0,66507.8410675663
5955,0.0,50866.1320975286
