index,EverToldYouHadCancerOrMalignancy,WTMEC2YR
6263,0.0,84653.969803616
6185,0.0,75035.5640439237
5963,0.0,155897.824093287
7423,0.0,98240.4272540408
4555,0.0,77419.3035617956
1537,0.0,41520.1045862028
