index,BloodCadmiumUgl,WTMEC2YR
1652,0.32,30983.0305068386
2347,0.28,18935.3983215151
4876,0.33,34981.8238363646
1112,0.38,71292.7182566561
1041,0.74,221581.408308498
4421,0.23,8784.55503632505
866,0.3,63486.7368124706
1301,2.18,169435.34266015
3675,0.13,58566.062016304
7689,2.52,111609.790302581
378,0.33,177352.782966259
3769,0.3,39007.6576051615
1536,0.58,25310.4196381416
838,0.17,180878.018051287
867,0.13,181104.408586445
488,0.18,276067.658588646
237,0.42,8485.36911871169
