index,HaveSeriousDifficultyConcentrating,WTMEC2YR
5700,0.0,32729.9849042348
3266,0.0,111795.526787731
3274,1.0,171537.671962164
1465,0.0,239893.12382842
2552,0.0,12922.6896797852
2934,0.0,202666.607385467
888,0.0,227337.6812928
