index,HaveSeriousDifficultyConcentrating,WTMEC2YR
254,0.0,95031.561744197
4893,0.0,154220.762874309
3797,0.0,40425.4927025968
8339,0.0,90160.2623385276
5581,0.0,93917.311350984
8089,0.0,131495.301572173
7600,0.0,30871.0735320692
