index,BloodManganeseUgl,WTMEC2YR
888,8.32,227337.6812928
5077,9.2,22671.9446567897
1596,4.96,419762.836487576
3834,11.54,47808.9434087391
1558,6.43,373049.101439956
7514,4.86,98716.9523304193
7934,16.7,23836.899717002
6203,8.03,227915.567618983
883,9.71,144629.713938186
1360,12.73,78396.5601576976
5588,11.28,170077.084138516
1894,4.02,163797.605829848
1906,8.85,197224.657199677
735,8.38,49290.786105695
1783,10.46,125233.372455346
7507,17.56,222818.627706047
1614,7.99,93137.8759214724
