index,BloodManganeseUgl,WTMEC2YR
8285,4.01,129217.182631719
7851,19.25,31938.1398463466
7894,7.38,22136.7766955509
3177,9.89,186909.145775331
1224,8.94,48172.0076052152
7504,12.35,197398.776671838
1386,11.13,250520.342892875
4222,8.67,163149.336431119
2626,5.94,133676.146723706
2685,6.56,173431.037273958
1094,8.48,41852.5042843665
2285,11.33,151442.235701641
5808,8.5,70149.7620182459
5998,7.87,47700.0873345667
1629,11.23,68318.5994874095
3934,7.27,12656.1332566738
