index,BloodManganeseUgl,WTMEC2YR
8174,6.49,179271.499190576
5435,10.39,85777.5288496521
7320,5.88,81998.3231950013
2584,6.47,181999.676459589
301,7.59,95567.1598742745
4164,10.85,39375.5214742731
7783,12.24,212585.057458391
3541,7.91,17245.3316008354
3301,7.98,394721.009801782
