index,WeightKg,WTMEC2YR
3568,64.2,182239.805595385
5969,54.5,28777.9813271387
3869,57.5,168066.641320737
153,64.6,125047.391839698
6203,49.6,227915.567618983
3434,66.5,151788.472407606
