index,WeightKg,WTMEC2YR
269,51.5,88807.9178653374
296,60.8,55761.5772812423
4823,77.1,282808.747077932
7800,47.1,26982.5560167914
7079,69.1,82995.7554348586
3526,67.3,149277.884114151
1525,76.8,51743.9247233977
3869,57.5,168066.641320737
3835,58.7,95942.4514261342
