index,BloodMercuryTotalUgl,WTMEC2YR
3842,0.56,34713.6006508386
3912,1.64,59407.317280759
2448,0.41,79430.7796301913
1267,1.08,91837.2868125524
541,0.44,23019.2467850701
2028,0.2,140678.179648079
2194,0.76,137734.386956601
5636,0.42,53785.6354588542
7882,0.2,55886.3921847743
7153,1.44,69669.6428882833
4041,0.32,265329.632565462
7250,0.43,53178.881535384
3663,3.79,60686.0509230392
6235,0.2,107744.011062948
7047,0.68,156305.081343801
8215,0.56,180872.854832892
6329,0.2,142001.400958086
