index,DoctorToldYouHaveDiabetes,WTMEC2YR
2103,1,30713.1569427581
1401,1,39350.6794993756
4768,0,11199.3158417699
6518,0,34730.5920427559
597,0,109985.385795053
4124,0,76386.673391427
2287,1,11860.4158953712
491,1,8010.82480090885
3376,0,68431.69656516
6235,0,107744.011062948
4221,0,11198.8956701397
5486,0,25648.3685279511
6271,0,49571.8928142366
1093,0,83451.2105173788
7208,1,11868.7999781555
5343,1,30681.0205287227
4962,1,8410.47616951595
2636,1,99434.1674296508
