index,BloodCadmiumUgl,WTMEC2YR
6761,2.22,78997.0445453924
4662,0.21,85273.8165879544
6538,1.09,143271.638072563
534,0.59,22635.8874741236
1301,2.18,169435.34266015
58,0.14,75727.2715898599
4650,2.42,68916.2960161287
1037,0.99,39772.1396006567
8330,0.51,20155.9194834429
1681,0.73,88092.722321012
1166,0.37,24998.5230497857
2685,0.26,173431.037273958
7131,0.44,17573.9467969592
4124,0.63,76386.673391427
7380,1.44,28232.4794695494
5587,0.14,110144.921768485
8210,0.36,185636.238129971
