index,BloodCadmiumUgl,WTMEC2YR
8210,0.36,185636.238129971
1203,0.48,303381.147365378
2427,0.6,10611.9066142882
2924,0.29,122013.968424775
1725,0.72,59211.7447060317
5147,0.52,189142.302948911
4938,0.42,16293.0056458883
2745,0.15,32330.7187895826
2353,1.72,60603.7663471741
2783,0.68,51942.385284526
3951,0.13,16258.8038371018
