index,BloodCadmiumUgl,WTMEC2YR
2920,0.33,117014.507626756
3291,0.93,29354.2215566432
5587,0.14,110144.921768485
5105,1.65,60312.8215324225
1166,0.37,24998.5230497857
4265,0.35,104236.394704154
7905,0.46,43282.359256869
1513,0.13,19822.9598674434
