index,WaistCircumferenceCm,WTMEC2YR
8288,155.0,26827.0003369595
3621,137.6,308134.405321506
1311,109.2,24756.2144296931
483,112.1,133053.323479069
8057,101.8,261074.049697366
1401,129.3,39350.6794993756
5057,122.1,38482.77556886
2080,108.7,25284.7361793116
2910,113.5,284989.445851707
7873,145.6,76745.8406070358
