index,CoveredByHealthInsurance,WTMEC2YR
2392,1.0,73026.1708821077
7270,1.0,126474.184331103
3085,1.0,64130.437532084
1669,0.0,57787.5361604703
5698,1.0,41832.6876556029
2166,1.0,39060.2220959127
5115,1.0,32083.9481244776
6561,1.0,23458.9737667025
5084,1.0,39493.4094438075
3668,1.0,122013.968424775
8139,1.0,103433.248183485
3012,1.0,61835.4696824814
7823,1.0,25332.0716863834
