index,CoveredByHealthInsurance,WTMEC2YR
1424,1.0,189007.85930351
2804,1.0,41086.187059834
8139,1.0,103433.248183485
7694,1.0,17551.645688644
6624,1.0,90204.3630335885
2259,0.0,55698.23768138
604,1.0,249636.771221841
5250,1.0,21330.0780168978
6651,1.0,29154.3466881829
2596,1.0,39304.6464072963
4740,1.0,47298.0463375116
