index,CoveredByHealthInsurance,WTMEC2YR
6247,1.0,43860.6655419532
7571,0.0,93072.6615693225
8171,1.0,55634.972264129
1161,1.0,42096.4408111257
687,1.0,11218.0687921093
2456,1.0,17932.6803419765
1566,1.0,27937.1752801487
5911,1.0,7362.46873852964
