index,CoveredByHealthInsurance,WTMEC2YR
604,1.0,249636.771221841
4792,1.0,29880.618655799
842,1.0,51137.3379889734
3085,1.0,64130.437532084
6625,1.0,110963.928550483
2625,1.0,45614.8651701355
6561,1.0,23458.9737667025
3668,1.0,122013.968424775
7790,1.0,36755.8519809876
8075,1.0,6162.88205428953
