index,BloodCadmiumUgl,WTMEC2YR
2915,0.22,46363.5950314877
7830,0.51,12302.6706633786
7499,0.19,65371.7516591485
5867,0.62,46520.6891972126
3595,0.07,60016.153438961
1677,1.67,43683.8960060217
