index,BloodCadmiumUgl,WTMEC2YR
2778,0.34,33599.6219608814
3596,0.95,21622.1338998753
2547,0.07,54430.9110272456
2715,1.39,55662.6715062987
887,0.32,97289.0672070798
6601,0.07,54410.3839019413
