index,BloodCadmiumUgl,WTMEC2YR
2147,1.27,20635.8467326305
4476,0.31,25006.6859910946
1163,2.09,38279.7725910864
5589,2.15,47188.8904067242
5674,0.31,30756.5402938152
5959,0.31,23286.3337954186
6389,0.69,40377.2152341441
