index,BloodCadmiumUgl,WTMEC2YR
7397,0.14,44623.9203939719
7274,0.14,68748.453211608
7894,0.07,22136.7766955509
565,0.11,19407.6530653843
8169,0.13,39712.4031774316
6818,1.1,39259.6520065222
