index,BloodCadmiumUgl,WTMEC2YR
6836,1.4,51148.7930987336
7130,0.54,17031.1361115234
115,0.32,20436.0178453426
5959,0.31,23286.3337954186
2736,0.07,57155.9089432308
3236,0.37,33096.6775817437
6599,0.12,80911.7474774103
1138,0.82,82650.2935401507
