index,CoveredByHealthInsurance,WTMEC2YR
3108,1.0,30927.8978904449
5594,1.0,11690.1024200382
3012,1.0,61835.4696824814
8139,1.0,103433.248183485
7270,1.0,126474.184331103
4343,1.0,14984.3665205436
6561,1.0,23458.9737667025
7571,0.0,93072.6615693225
954,1.0,12238.2059672312
5084,1.0,39493.4094438075
7084,1.0,10262.1191821138
