index,BloodCadmiumUgl,WTMEC2YR
2881,0.14,30408.2399098353
7917,1.45,120265.004956368
714,0.12,18146.8764907364
7114,0.07,31065.4298462978
2716,0.07,145642.029030677
3532,0.2,23603.1615865432
260,0.47,104437.397609319
3217,0.07,18584.7477603872
916,0.59,21008.1309017231
