index,BloodCadmiumUgl,WTMEC2YR
3129,0.07,41326.1112848636
3966,0.12,185712.655316152
3595,0.07,60016.153438961
411,0.28,39623.4560846148
374,0.21,54130.7347674068
3486,0.07,27400.9772095476
5860,0.27,265263.557399258
5245,0.14,42775.0318829669
3495,1.0,64634.3111867281
