index,EverToldYouHadCancerOrMalignancy,WTMEC2YR
2595,0.0,11419.7222536948
3492,0.0,312634.31996995
3972,0.0,38211.6538094582
6814,1.0,24656.3172903359
6686,1.0,125625.841523287
3151,0.0,49813.677711929
5284,1.0,77270.997960153
1843,0.0,93318.1539125971
5900,0.0,100106.888745954
8055,0.0,118521.430603195
8095,1.0,163857.514702973
7300,0.0,40119.865550425
1041,1.0,221581.408308498
5811,0.0,130915.673529241
8066,0.0,272498.888663072
3621,0.0,308134.405321506
