index,DoctorToldYouHaveDiabetes,WTMEC2YR
1717,0,176836.544071642
5321,0,125218.485607075
5596,0,111398.70987374
5581,0,93917.311350984
3081,0,208401.416600525
580,0,147426.706004299
5226,0,236419.364239932
8137,1,53307.5229079912
5532,0,49679.9816613231
5617,0,347125.726039169
1404,1,19696.9341753904
5495,1,13931.7309467245
545,0,144636.784292643
1426,0,217665.468272573
2055,0,143154.069456553
