index,EverToldYouHadCancerOrMalignancy,WTMEC2YR
3003,0.0,55461.5432206245
6375,0.0,180912.90521603
3010,0.0,124173.47167798
8066,0.0,272498.888663072
8095,1.0,163857.514702973
5710,0.0,152100.041311101
1827,1.0,86808.8263083968
4289,1.0,46580.1082181118
1041,1.0,221581.408308498
2921,1.0,82185.7380061469
3972,0.0,38211.6538094582
5033,0.0,117784.461757979
5811,0.0,130915.673529241
925,1.0,18431.5632136925
