index,DoctorToldYouHaveDiabetes,WTMEC2YR
2734,0,18809.8535364298
1093,0,83451.2105173788
6177,1,12352.5251211804
5226,0,236419.364239932
1426,0,217665.468272573
545,0,144636.784292643
3094,0,110616.399477862
1465,0,239893.12382842
2659,1,40144.5606011819
568,0,23407.1135409145
5321,0,125218.485607075
6595,1,41074.0017261103
5617,0,347125.726039169
3969,0,217665.468272573
914,0,91845.596249977
931,1,339593.351323581
2721,0,64559.6370239986
