index,DoctorToldYouHaveDiabetes,WTMEC2YR
2721,0,64559.6370239986
3513,0,114420.514481923
6147,0,165354.962265944
5581,0,93917.311350984
3969,0,217665.468272573
5577,1,32476.4961074358
6520,0,137240.780178089
414,1,7880.07096387852
5226,0,236419.364239932
2737,0,23342.2091603602
7698,0,178221.624161462
3081,0,208401.416600525
569,0,213910.433718455
7320,0,81998.3231950013
2185,0,10894.7685856712
5900,0,100106.888745954
6527,0,159258.30526373
