index,DoctorToldYouHaveDiabetes,WTMEC2YR
693,1,85415.0417277532
7698,0,178221.624161462
6110,1,190541.567962775
1340,0,41396.8926577404
914,0,91845.596249977
2159,0,177065.638449152
2401,1,53366.5658631643
7282,0,158835.504417095
