index,DoctorToldYouHaveDiabetes,WTMEC2YR
3513,0,114420.514481923
5957,0,21423.0948083355
1163,0,38279.7725910864
5321,0,125218.485607075
2010,0,76389.8698824111
8271,0,40904.6431234249
1719,0,40905.8053486521
