index,EverToldYouHadCancerOrMalignancy,WTMEC2YR
3010,0.0,124173.47167798
2704,0.0,231584.695301426
5833,0.0,28975.4849602554
3492,0.0,312634.31996995
8095,1.0,163857.514702973
8066,0.0,272498.888663072
3621,0.0,308134.405321506
3003,0.0,55461.5432206245
