index,EverToldYouHadCancerOrMalignancy,WTMEC2YR
3492,0.0,312634.31996995
2211,0.0,53061.5173869783
5033,0.0,117784.461757979
4644,0.0,33244.7349128024
6470,1.0,85172.5994847058
2009,0.0,36644.7558233763
8095,1.0,163857.514702973
6375,0.0,180912.90521603
