index,BloodMercuryTotalUgl,WTMEC2YR
8266,1.25,235360.4668174
7009,0.6,207829.112758375
7704,0.53,109810.264649176
6037,5.02,90523.8508599872
6687,0.75,39292.9221847729
2055,1.32,143154.069456553
6661,0.58,8048.47694997557
6289,0.38,47558.3281920548
2249,3.53,207852.912081517
2607,1.09,175079.053076806
1932,0.68,151305.124969893
5839,0.44,46712.6113995565
205,0.57,155035.582452211
7873,0.83,76745.8406070358
1769,1.56,58477.1303258819
3946,1.57,192913.74013985
7464,0.28,12141.0215570687
