index,BloodMercuryTotalUgl,WTMEC2YR
7239,0.88,98047.7079251729
3094,1.22,110616.399477862
8320,1.98,117354.999333292
4780,0.28,9840.83777850951
2667,1.01,12376.406858713
1976,0.2,115815.10712497
8095,1.44,163857.514702973
7207,1.85,98607.9808135274
