index,BloodMercuryTotalUgl,WTMEC2YR
5304,0.28,51182.8003976917
1795,0.2,56539.6129254386
4687,0.52,22516.1563025665
5352,0.29,46559.2724420144
5689,3.79,30172.03344193
2943,1.25,103875.25737014
3326,3.05,137719.501162492
