index,BloodMercuryTotalUgl,WTMEC2YR
53,0.68,23665.8554305637
2541,0.29,23634.4210162285
2409,0.32,20553.0592700487
6493,0.6,30515.6268428638
7726,0.2,58286.5765373617
3565,0.29,43245.3880483784
206,0.2,29350.9691081493
4122,1.16,30521.1459826179
2133,0.87,39342.5770852031
1960,0.46,30510.5525828713
6350,0.2,90424.8773819806
2493,0.88,48716.6973380656
1932,0.68,151305.124969893
2326,4.27,7365.40892380169
1025,0.28,75340.2066268465
463,0.2,14385.5937944072
