index,BloodMercuryTotalUgl,WTMEC2YR
2133,0.87,39342.5770852031
463,0.2,14385.5937944072
5137,0.39,33134.4814280855
3179,0.96,19163.3309955887
2409,0.32,20553.0592700487
2493,0.88,48716.6973380656
1312,0.73,20336.379133557
2541,0.29,23634.4210162285
6438,0.31,54379.2970261298
6901,0.2,17084.5699141489
6842,0.2,27615.4419657602
6493,0.6,30515.6268428638
2708,0.2,47895.1537719943
