index,BloodMercuryTotalUgl,WTMEC2YR
6842,0.2,27615.4419657602
3110,0.31,21473.8849653143
6354,0.69,50394.2966911037
2927,1.11,28406.9231848449
6901,0.2,17084.5699141489
2708,0.2,47895.1537719943
4309,5.86,22945.0151994909
7212,0.81,37234.9902552348
6438,0.31,54379.2970261298
206,0.2,29350.9691081493
3565,0.29,43245.3880483784
658,1.55,72984.8607767315
4461,0.57,20836.9353365053
