index,CoveredByHealthInsurance,WTMEC2YR
7571,0.0,93072.6615693225
7298,1.0,23040.3995506711
5603,1.0,125158.750383651
4751,1.0,60764.5145549238
4792,1.0,29880.618655799
4855,1.0,109691.147805208
1222,1.0,30553.2177446913
3668,1.0,122013.968424775
1902,1.0,79701.21053835
5400,1.0,18357.0905893426
3115,1.0,6924.16140351584
2080,1.0,25284.7361793116
2240,1.0,17344.9965454269
4740,1.0,47298.0463375116
4644,1.0,33244.7349128024
8075,1.0,6162.88205428953
4985,1.0,12119.7352007647
