index,BloodMercuryTotalUgl,WTMEC2YR
3274,1.93,171537.671962164
5263,1.28,281295.984028268
6934,0.32,116060.479357399
6953,0.86,50627.9033687495
1227,0.34,99961.0803090959
7347,0.59,60314.3903243958
5587,7.82,110144.921768485
2910,2.52,284989.445851707
5097,0.44,90173.9943918281
252,6.25,159563.704338979
2843,0.81,36155.3940157819
7680,0.6,20812.6129673636
8358,0.69,129144.347735128
8186,0.39,108370.335485934
1053,0.94,144703.825664128
1386,0.86,250520.342892875
