index,BloodMercuryTotalUgl,WTMEC2YR
7734,0.46,195265.932049904
5048,0.84,53681.8978572279
6175,0.89,68845.4483157131
7532,0.74,166193.522565484
2984,1.66,46459.7365430318
4129,0.58,281271.94059347
3612,0.82,54873.4236228532
4758,0.71,86847.569616609
4533,0.93,30746.0522225208
1386,0.86,250520.342892875
6509,0.2,125852.794461006
1875,0.2,78643.3757346401
6327,0.71,32339.9888927283
1651,11.35,266075.672527355
2862,0.5,121356.123347592
1954,1.71,145376.500648366
3191,1.78,59654.7260569256
