index,BloodMercuryTotalUgl,WTMEC2YR
3571,0.38,51747.6564805402
19,1.5,229129.236930365
1719,2.05,40905.8053486521
328,2.08,27901.4001930279
7378,0.41,225011.218730725
81,0.2,269609.43379549
5609,0.86,120800.986808114
2537,1.01,151807.382074802
1386,0.86,250520.342892875
2367,0.2,68810.551116409
8012,1.15,45546.3837172661
4937,0.2,10288.5910511096
5824,5.3,205345.204393881
6684,0.2,106180.755383005
7833,0.62,109627.916244769
