index,CoveredByHealthInsurance,WTMEC2YR
5603,1.0,125158.750383651
3668,1.0,122013.968424775
4855,1.0,109691.147805208
4343,1.0,14984.3665205436
2166,1.0,39060.2220959127
4792,1.0,29880.618655799
7836,1.0,12180.4317068939
4751,1.0,60764.5145549238
4740,1.0,47298.0463375116
7298,1.0,23040.3995506711
7559,1.0,50812.4699102768
1902,1.0,79701.21053835
6210,1.0,33221.7021094102
7571,0.0,93072.6615693225
1475,1.0,20781.4650384493
5115,1.0,32083.9481244776
