index,CoveredByHealthInsurance,WTMEC2YR
7571,0.0,93072.6615693225
4855,1.0,109691.147805208
7318,1.0,45531.119837222
156,1.0,20486.5287680835
1475,1.0,20781.4650384493
1236,1.0,32650.3002910157
4751,1.0,60764.5145549238
5276,1.0,17045.9958114536
7790,1.0,36755.8519809876
4792,1.0,29880.618655799
4740,1.0,47298.0463375116
6208,1.0,5580.4061522492
7559,1.0,50812.4699102768
1902,1.0,79701.21053835
6571,1.0,9398.50665514892
2166,1.0,39060.2220959127
