index,CoveredByHealthInsurance,WTMEC2YR
4644,1.0,33244.7349128024
1902,1.0,79701.21053835
4855,1.0,109691.147805208
1236,1.0,32650.3002910157
2166,1.0,39060.2220959127
7559,1.0,50812.4699102768
954,1.0,12238.2059672312
7571,0.0,93072.6615693225
5603,1.0,125158.750383651
4751,1.0,60764.5145549238
3668,1.0,122013.968424775
2122,1.0,23329.8230975113
4740,1.0,47298.0463375116
5115,1.0,32083.9481244776
