index,BloodMercuryTotalUgl,WTMEC2YR
6175,0.89,68845.4483157131
7270,0.2,126474.184331103
6968,0.5,184939.782716018
8186,0.39,108370.335485934
990,6.23,39271.7128866054
1998,0.8,95470.9281968169
7316,1.69,37370.7211829092
5587,7.82,110144.921768485
914,0.85,91845.596249977
7009,0.6,207829.112758375
6763,0.52,25398.2136153508
6520,0.2,137240.780178089
4162,0.92,56356.507459975
