index,BloodMercuryTotalUgl,WTMEC2YR
5698,0.7,41832.6876556029
1053,0.94,144703.825664128
5824,5.3,205345.204393881
1082,1.53,57450.3230056259
357,3.34,167220.69884342
6984,0.96,76090.844168552
6934,0.32,116060.479357399
3685,0.73,118184.756400046
2367,0.2,68810.551116409
964,0.2,53958.0861367768
7270,0.2,126474.184331103
4333,0.38,213587.787815431
2184,0.76,33992.2311240386
1033,1.64,245217.752175739
1928,0.33,31095.5879152302
2704,0.28,231584.695301426
