index,BloodMercuryTotalUgl,WTMEC2YR
2843,0.81,36155.3940157819
1386,0.86,250520.342892875
3767,0.39,153632.150767048
1039,1.68,32631.1168179893
6968,0.5,184939.782716018
8358,0.69,129144.347735128
2367,0.2,68810.551116409
19,1.5,229129.236930365
3191,1.78,59654.7260569256
7646,0.68,34700.1509663816
7734,0.46,195265.932049904
1438,0.48,35094.2197085605
6684,0.2,106180.755383005
4333,0.38,213587.787815431
