index,CoveredByHealthInsurance,WTMEC2YR
4792,1.0,29880.618655799
4855,1.0,109691.147805208
4751,1.0,60764.5145549238
1475,1.0,20781.4650384493
7318,1.0,45531.119837222
4740,1.0,47298.0463375116
7571,0.0,93072.6615693225
2122,1.0,23329.8230975113
7790,1.0,36755.8519809876
2080,1.0,25284.7361793116
6210,1.0,33221.7021094102
5603,1.0,125158.750383651
5115,1.0,32083.9481244776
3862,1.0,9428.5144783888
1902,1.0,79701.21053835
