index,BloodMercuryTotalUgl,WTMEC2YR
477,6.85,60437.1471131226
2486,3.58,156022.484952848
5815,1.5,188388.363550207
4129,0.58,281271.94059347
7378,0.41,225011.218730725
7734,0.46,195265.932049904
1227,0.34,99961.0803090959
