index,CoveredByHealthInsurance,WTMEC2YR
1566,1.0,27937.1752801487
4751,1.0,60764.5145549238
5115,1.0,32083.9481244776
2166,1.0,39060.2220959127
5603,1.0,125158.750383651
4855,1.0,109691.147805208
3668,1.0,122013.968424775
4740,1.0,47298.0463375116
