index,BloodMercuryTotalUgl,WTMEC2YR
6374,1.04,166329.586364755
6594,0.2,19995.315905178
1910,0.86,73633.6335545823
5581,1.74,93917.311350984
990,6.23,39271.7128866054
7618,0.52,16653.6111015686
6908,1.21,74232.7328262553
6640,0.8,37879.887162608
