index,BloodCadmiumUgl,WTMEC2YR
6344,0.78,31750.5428067023
4814,0.18,169187.246265028
3832,0.22,76090.844168552
666,0.82,17837.8949791924
5963,0.16,155897.824093287
6592,0.2,302433.214834838
2513,0.21,49750.1695411938
1611,0.14,74791.1503403723
6538,1.09,143271.638072563
7504,0.24,197398.776671838
1089,0.14,73904.8557994244
7894,0.07,22136.7766955509
1663,0.07,183981.376912143
3080,0.21,99750.0347598769
6775,0.46,80500.7581321384
6006,0.35,42842.247923423
