index,DoctorToldYouHaveDiabetes,WTMEC2YR
5603,1,125158.750383651
3550,1,76614.6063556271
6467,1,151132.153271412
3342,1,16732.7045637977
5212,1,18549.6314819911
5698,1,41832.6876556029
3085,1,64130.437532084
8016,1,26337.6556532376
