index,DoctorToldYouHaveDiabetes,WTMEC2YR
5438,1,18254.7173491002
842,1,51137.3379889734
8139,1,103433.248183485
3550,1,76614.6063556271
5434,1,176836.544071642
6467,1,151132.153271412
3085,1,64130.437532084
5603,1,125158.750383651
6059,0,22127.5277967688
2392,1,73026.1708821077
7742,1,21961.5662473761
8016,1,26337.6556532376
2625,1,45614.8651701355
1050,1,23257.9081255006
3952,1,37858.472466356
175,1,36342.5742950214
