index,DoctorToldYouHaveDiabetes,WTMEC2YR
8139,1,103433.248183485
175,1,36342.5742950214
2625,1,45614.8651701355
8171,1,55634.972264129
5603,1,125158.750383651
2742,1,28467.7806583275
5897,1,18095.1300689585
6467,1,151132.153271412
