index,TakingInsulinNow,WTMEC2YR
7726,0.0,58286.5765373617
7345,0.0,14361.1568789864
5332,0.0,60830.2333297191
1401,0.0,39350.6794993756
1566,1.0,27937.1752801487
1625,0.0,32474.2901712333
6983,0.0,13609.7513395284
