index,BloodLeadUgdl,WTMEC2YR
5016,1.33,46828.4493246381
6491,0.52,34743.3805339447
86,0.95,13092.2708045271
6897,0.3,55493.7152001362
4674,0.94,115343.096171992
1133,0.62,41566.8544182815
7271,0.65,32275.2250251124
7726,1.72,58286.5765373617
