index,BloodLeadUgdl,WTMEC2YR
4612,0.56,99848.137736484
5330,0.44,104368.121846723
8162,0.72,71351.9584788363
7482,0.45,46728.2918336801
4816,0.47,91159.2059911834
888,1.21,227337.6812928
157,0.36,70964.0596861838
