index,EverToldYouHadCancerOrMalignancy,WTMEC2YR
7978,0.0,26569.8808176397
7910,0.0,83160.3594188858
7233,1.0,74508.372377724
5603,0.0,125158.750383651
2401,0.0,53366.5658631643
569,0.0,213910.433718455
5370,0.0,307165.26008922
4508,1.0,68264.2018662927
