index,EverToldYouHadCancerOrMalignancy,WTMEC2YR
2282,0.0,74373.1957672567
4508,1.0,68264.2018662927
5838,0.0,50257.3623581868
5532,0.0,49679.9816613231
3668,1.0,122013.968424775
5603,0.0,125158.750383651
