index,EverToldYouHadCancerOrMalignancy,WTMEC2YR
52,0.0,212848.251290738
7233,1.0,74508.372377724
5370,0.0,307165.26008922
2967,0.0,84406.3961619592
1753,0.0,67267.6252176093
5838,0.0,50257.3623581868
3862,0.0,9428.5144783888
302,0.0,20485.9244533317
1648,0.0,22700.3871214509
4311,0.0,63810.6544455854
