index,DoctorToldYouHaveDiabetes,WTMEC2YR
1652,0,30983.0305068386
3538,0,24069.9912753417
7246,0,23163.5603114355
4508,0,68264.2018662927
4124,0,76386.673391427
2287,1,11860.4158953712
3376,0,68431.69656516
5327,0,111349.571065096
1298,0,8137.14590573022
