index,DoctorToldYouHaveDiabetes,WTMEC2YR
569,0,213910.433718455
4508,0,68264.2018662927
52,1,212848.251290738
7726,0,58286.5765373617
1093,0,83451.2105173788
6824,0,34706.8566339495
6235,0,107744.011062948
