index,DoctorToldYouHaveDiabetes,WTMEC2YR
569,0,213910.433718455
52,1,212848.251290738
1093,0,83451.2105173788
6333,0,25073.4768852566
2103,1,30713.1569427581
4740,1,47298.0463375116
5343,1,30681.0205287227
5400,1,18357.0905893426
597,0,109985.385795053
4508,0,68264.2018662927
