index,EverToldYouHadCancerOrMalignancy,WTMEC2YR
52,0.0,212848.251290738
337,0.0,217036.354787672
5312,0.0,24869.955984035
8057,1.0,261074.049697366
2636,0.0,99434.1674296508
6385,0.0,47302.5393395155
2401,0.0,53366.5658631643
1093,0.0,83451.2105173788
200,0.0,38143.2443738384
