index,DoctorToldYouHaveDiabetes,WTMEC2YR
52,1,212848.251290738
4508,0,68264.2018662927
2636,1,99434.1674296508
1401,1,39350.6794993756
3376,0,68431.69656516
5327,0,111349.571065096
4124,0,76386.673391427
6271,0,49571.8928142366
