index,EverToldYouHadCancerOrMalignancy,WTMEC2YR
1837,0.0,24403.1277054495
1093,0.0,83451.2105173788
7671,0.0,77338.1587014857
7156,1.0,19868.0492795616
6373,0.0,49928.9207518923
2401,0.0,53366.5658631643
3340,0.0,14073.4192049647
5732,0.0,46847.9223078435
5784,1.0,14071.195277206
