index,CoveredByHealthInsurance,WTMEC2YR
7233,1.0,74508.372377724
5327,1.0,111349.571065096
3668,1.0,122013.968424775
8153,1.0,138654.855751892
52,1.0,212848.251290738
5370,1.0,307165.26008922
5040,1.0,31503.7772090258
2636,0.0,99434.1674296508
302,1.0,20485.9244533317
569,1.0,213910.433718455
5931,1.0,8211.44894254352
7790,1.0,36755.8519809876
3293,1.0,117212.515513979
1076,1.0,44385.273749512
7780,1.0,16488.8470745133
28,1.0,12439.3010537719
7559,1.0,50812.4699102768
966,1.0,37869.6656773812
