index,CoveredByHealthInsurance,WTMEC2YR
569,1.0,213910.433718455
286,1.0,11882.0354019828
1628,1.0,35564.7797110539
337,1.0,217036.354787672
52,1.0,212848.251290738
5370,1.0,307165.26008922
8153,1.0,138654.855751892
1532,1.0,27776.0739945173
5389,1.0,15638.6289775029
5603,1.0,125158.750383651
