index,BloodMercuryTotalUgl,WTMEC2YR
8210,0.79,185636.238129971
7990,0.2,85412.5927688562
3885,0.4,38151.2038653418
7534,0.2,154803.097281432
4243,1.07,74054.3761249836
806,3.03,128916.297249741
3492,0.83,312634.31996995
