index,DoctorToldYouHaveDiabetes,WTMEC2YR
3994,0,83756.9623372078
6227,0,11704.5200688901
1804,0,41427.9907879682
6391,0,45153.3543625678
68,0,13332.1183540925
499,0,86111.3798077894
5803,0,39119.4305006962
260,0,104437.397609319
4421,0,8784.55503632505
3953,0,45896.4352418698
7251,0,86951.4174434807
798,0,112979.113574068
3636,0,116445.203712449
3835,0,95942.4514261342
4942,0,197924.026946561
5105,0,60312.8215324225
