index,BloodMercuryTotalUgl,WTMEC2YR
2666,0.2,43354.9038124135
4710,7.05,416873.538378507
8057,0.66,261074.049697366
488,1.53,276067.658588646
7539,0.52,162308.482121441
653,1.33,25457.6711750687
294,0.44,66432.1829552821
2249,3.53,207852.912081517
6350,0.2,90424.8773819806
838,1.4,180878.018051287
3094,1.22,110616.399477862
5465,0.2,59032.0917010403
7514,2.57,98716.9523304193
2218,2.1,100348.318986344
1109,0.28,90967.3796258704
8104,0.3,121635.669672066
