index,BloodMercuryTotalUgl,WTMEC2YR
3946,1.57,192913.74013985
5581,1.74,93917.311350984
1153,0.84,43324.1706938908
3100,1.09,65265.5084044746
2218,2.1,100348.318986344
4495,11.37,116488.255366268
1510,0.32,21646.9649393994
867,1.26,181104.408586445
5147,0.36,189142.302948911
5322,0.88,158002.053973426
6470,1.95,85172.5994847058
1607,4.09,128366.144125928
3675,0.45,58566.062016304
2607,1.09,175079.053076806
2373,0.42,123868.246903015
