index,BloodMercuryTotalUgl,WTMEC2YR
7750,0.46,21069.098669057
2861,0.64,144910.515020423
4435,0.51,34713.6006508386
5878,0.38,294436.247388358
7239,0.88,98047.7079251729
4368,1.84,110793.891779072
7235,1.71,118365.248924027
6390,1.11,103133.928492692
1426,0.76,217665.468272573
1109,0.28,90967.3796258704
1199,0.59,9488.77852106002
1472,0.2,96526.6115810372
7940,4.03,99398.2546012838
1607,4.09,128366.144125928
7689,0.48,111609.790302581
867,1.26,181104.408586445
4765,0.4,24083.6795195037
