index,BloodMercuryTotalUgl,WTMEC2YR
7163,1.54,17882.2522642207
2249,3.53,207852.912081517
838,1.4,180878.018051287
3675,0.45,58566.062016304
2861,0.64,144910.515020423
6438,0.31,54379.2970261298
1226,2.59,54035.3036678887
488,1.53,276067.658588646
3830,1.23,164921.144740659
