index,BloodMercuryTotalUgl,WTMEC2YR
2055,1.32,143154.069456553
3289,0.97,88937.1678854062
7610,0.81,31352.0304341399
214,5.02,14389.5831229537
2943,1.25,103875.25737014
3887,1.61,37266.2168105907
4240,1.09,64075.2001635446
3326,3.05,137719.501162492
6348,0.69,125026.318098926
7075,1.05,64119.2579991607
2921,2.3,82185.7380061469
4368,1.84,110793.891779072
5878,0.38,294436.247388358
2142,2.78,200294.735191465
8304,0.6,27705.0457606208
1470,1.84,33763.3012673441
7940,4.03,99398.2546012838
