index,BloodMercuryTotalUgl,WTMEC2YR
6414,0.33,62446.3086939857
8104,0.3,121635.669672066
3769,0.4,39007.6576051615
7904,1.1,109905.332907733
1041,0.73,221581.408308498
378,0.78,177352.782966259
5923,0.61,127791.919413601
7940,4.03,99398.2546012838
