index,BloodMercuryTotalUgl,WTMEC2YR
5147,0.36,189142.302948911
1827,0.31,86808.8263083968
4710,7.05,416873.538378507
1226,2.59,54035.3036678887
8270,1.11,61763.1798695936
7000,1.71,100556.31219906
8266,1.25,235360.4668174
7904,1.1,109905.332907733
5755,0.37,31604.630606653
