index,TotalCholesterolMgdl,WTMEC2YR
5482,136.0,36249.2352081265
4650,169.0,68916.2960161287
4678,118.0,10570.2199703844
951,289.0,134179.896212121
3094,231.0,110616.399477862
4534,245.0,105067.582433531
1725,223.0,59211.7447060317
