index,BloodManganeseUgl,WTMEC2YR
2924,10.07,122013.968424775
720,10.59,8121.62107783875
658,12.18,72984.8607767315
2142,12.08,200294.735191465
3326,8.61,137719.501162492
6470,9.79,85172.5994847058
1769,16.16,58477.1303258819
3887,14.08,37266.2168105907
975,10.91,14536.2566261612
163,12.47,35944.5595729882
