index,WeightKg,WTMEC2YR
3293,56.3,117212.515513979
6473,63.5,66143.5216388579
2337,81.4,33538.2614474371
8312,117.8,20351.3249215654
4568,66.5,43906.0947044856
450,99.1,252445.411711235
1577,65.8,33006.7333722007
4739,52.9,106964.94278441
4268,58.5,141528.193131576
6617,97.0,171836.179823666
38,79.3,110345.678142099
7526,67.9,105081.123610655
5710,96.0,152100.041311101
1963,90.8,35026.5382348434
4732,50.9,18930.0657207687
