index,WeightKg,WTMEC2YR
6203,49.6,227915.567618983
8266,65.8,235360.4668174
7231,52.7,178346.40475293
3434,66.5,151788.472407606
2464,54.2,26665.3981605461
3869,57.5,168066.641320737
4654,60.3,101151.902525581
3526,67.3,149277.884114151
3176,79.6,20482.8499441801
2384,58.5,49540.9121031123
