index,BloodLeadUgdl,WTMEC2YR
7559,0.64,50812.4699102768
8292,1.39,11596.3385720751
5108,0.7,47596.7180659626
6072,1.87,101242.476754588
6210,1.61,33221.7021094102
1222,0.67,30553.2177446913
1475,0.71,20781.4650384493
2122,1.66,23329.8230975113
4644,0.72,33244.7349128024
4985,0.56,12119.7352007647
