index,EverToldYouHadHeartAttack,WTMEC2YR
1332,0.0,9139.88657848969
2796,0.0,78459.9109280792
3459,0.0,60482.0408601191
4855,1.0,109691.147805208
340,1.0,7488.16689312654
7790,1.0,36755.8519809876
3798,0.0,11206.8740356861
533,0.0,48102.9518518529
1475,1.0,20781.4650384493
