index,BloodLeadUgdl,WTMEC2YR
1091,0.82,62568.658214422
2240,1.15,17344.9965454269
2625,0.52,45614.8651701355
7742,1.08,21961.5662473761
5434,0.46,176836.544071642
1902,0.7,79701.21053835
8139,0.9,103433.248183485
5903,1.14,41535.1211896088
