index,EverToldYouHadHeartAttack,WTMEC2YR
6467,0.0,151132.153271412
2709,0.0,22695.0185489862
7790,1.0,36755.8519809876
2816,0.0,13890.4687789561
7270,0.0,126474.184331103
3459,0.0,60482.0408601191
6072,0.0,101242.476754588
3668,1.0,122013.968424775
