index,TakingInsulinNow,WTMEC2YR
954,1.0,12238.2059672312
6719,0.0,65304.1230824253
5236,1.0,12760.3788249066
481,0.0,16053.2785339497
483,0.0,133053.323479069
3884,1.0,71302.9841618051
5099,0.0,17734.6183018716
6467,1.0,151132.153271412
4495,0.0,116488.255366268
1401,0.0,39350.6794993756
