index,WeightKg,WTMEC2YR
7571,83.0,93072.6615693225
5591,99.5,51165.5915212813
1912,81.6,23572.0178064348
3178,93.2,56888.4507094491
2636,129.6,99434.1674296508
2254,123.8,34758.9221104467
4174,114.7,135154.322203794
6752,71.5,11982.3570346324
1373,99.5,63253.2896326339
1394,74.6,44042.2151162109
4633,111.7,45204.7939810146
665,118.1,37751.5351487187
491,76.2,8010.82480090885
998,129.8,27943.9491441467
2259,76.1,55698.23768138
3444,168.9,19194.646502057
