index,WeightKg,WTMEC2YR
2819,68.9,8351.46233976571
2259,76.1,55698.23768138
5809,96.7,139598.139341172
6786,74.6,12709.6647134427
5139,98.7,20457.1434298232
3738,108.0,150979.091301054
7571,83.0,93072.6615693225
7064,130.3,59601.0049043875
