index,WeightKg,WTMEC2YR
464,118.4,12386.1566923584
5809,96.7,139598.139341172
3738,108.0,150979.091301054
2736,144.6,57155.9089432308
3441,70.2,25856.1694889481
306,80.0,47926.3523561574
2259,76.1,55698.23768138
917,105.4,34694.1082360624
