index,CoveredByHealthInsurance,WTMEC2YR
2551,1.0,109756.75970328
2626,1.0,133676.146723706
2944,1.0,164492.60199365
8278,1.0,27165.0302735974
2902,1.0,54765.7157613431
7847,1.0,21062.3894390507
1227,1.0,99961.0803090959
294,0.0,66432.1829552821
4344,1.0,97057.4985731975
318,1.0,86525.9502153861
5079,1.0,12551.4191040831
701,1.0,132837.618885183
7009,1.0,207829.112758375
4502,1.0,61250.6599827952
834,1.0,197704.928417786
6333,1.0,25073.4768852566
