index,CoveredByHealthInsurance,WTMEC2YR
2373,1.0,123868.246903015
3190,1.0,45454.061147839
5108,1.0,47596.7180659626
4897,0.0,35513.671619382
8089,1.0,131495.301572173
1808,0.0,17318.3665870144
8171,1.0,55634.972264129
