index,DoctorToldYouHaveDiabetes,WTMEC2YR
6714,0,32162.4648362381
3085,1,64130.437532084
2264,0,50265.5283569525
2770,0,28241.353144526
6617,0,171836.179823666
5980,0,59754.113606285
6625,1,110963.928550483
2257,1,183186.215254314
8365,0,39426.2999475659
7440,0,13286.5442870569
7929,0,83257.3110209002
5542,0,180906.463686905
834,0,197704.928417786
7439,0,45505.9201920779
1205,0,26752.2045916245
1626,0,78101.4844425178
