index,WeightKg,WTMEC2YR
6438,59.6,54379.2970261298
5350,64.2,30330.6309524686
6784,47.2,236115.078498818
5465,61.1,59032.0917010403
3204,74.8,19253.4696788081
5361,115.4,33134.4814280855
6624,56.8,90204.3630335885
6917,95.7,54720.8590978155
8137,97.7,53307.5229079912
