index,WeightKg,WTMEC2YR
6931,53.4,174956.95399407
1706,53.9,10908.2587195122
5953,67.4,22055.087443421
2477,56.4,105032.384813012
7305,63.4,229165.613885539
6668,47.2,197924.026946561
2867,62.4,192920.68404484
6608,49.8,65157.030884707
7920,60.7,100184.042372012
5772,59.2,85390.2571498325
3822,72.3,284008.386336762
3492,63.1,312634.31996995
5147,66.1,189142.302948911
347,55.7,195848.960094735
4225,50.9,63999.1817453194
3434,66.5,151788.472407606
2420,59.9,161797.163131308
