index,WeightKg,WTMEC2YR
3835,58.7,95942.4514261342
3492,63.1,312634.31996995
2407,39.1,42053.4323575675
6538,57.0,143271.638072563
6267,71.4,129734.098069844
81,71.0,269609.43379549
6942,59.9,78705.7326488209
