index,WeightKg,WTMEC2YR
3828,69.8,45504.8246840088
7829,55.1,39917.6424552249
1166,53.4,24998.5230497857
5016,69.4,46828.4493246381
5993,57.4,37551.4389378484
2897,64.1,17898.8128451308
