index,WeightKg,WTMEC2YR
8324,73.3,36705.968722719
7929,105.3,83257.3110209002
6562,70.1,162895.797149377
8202,79.6,50365.0472479157
6093,60.6,13271.3341802987
4723,74.9,115017.825207457
637,54.6,43280.6309456573
4638,92.8,40866.2818972581
6761,52.4,78997.0445453924
1624,100.7,22162.4864800569
5364,64.0,27304.4905547606
50,106.7,99269.9578005395
1932,78.8,151305.124969893
1976,64.6,115815.10712497
6764,60.1,23458.4859056627
