index,WeightKg,WTMEC2YR
761,83.6,157436.218301964
1109,64.2,90967.3796258704
1932,78.8,151305.124969893
6966,119.6,41483.6741697124
8310,73.8,80576.8823374625
6603,101.4,185328.33125808
698,84.7,138200.69609644
2028,89.8,140678.179648079
5108,76.6,47596.7180659626
7629,64.8,35730.8025861871
1976,64.6,115815.10712497
3293,56.3,117212.515513979
4720,83.4,89218.8921123399
