index,WeightKg,WTMEC2YR
2356,62.1,68039.3241261455
7249,83.6,38238.4687385411
6612,69.9,109731.692769787
2394,75.7,67552.7128239078
5894,64.4,47243.4519595567
5270,94.3,17009.41728716
4723,74.9,115017.825207457
