index,DoctorToldYouHaveDiabetes,WTMEC2YR
4055,0,36176.2303366632
3864,0,176069.804189691
336,0,159061.489063745
7216,0,89293.8310909558
3356,0,24758.4167964275
1460,0,300980.757197945
4650,0,68916.2960161287
2249,0,207852.912081517
