index,WeightKg,WTMEC2YR
1963,90.8,35026.5382348434
1792,85.5,51340.1364349454
7929,105.3,83257.3110209002
6718,49.6,162335.039909242
5072,70.9,18561.0623317934
8242,70.9,157843.83441735
6350,89.0,90424.8773819806
1199,75.9,9488.77852106002
