index,DoctorToldYouHaveDiabetes,WTMEC2YR
3841,0,237953.755341776
5571,0,52087.8490759793
8122,0,35814.425943658
1460,0,300980.757197945
3334,0,30385.2723558888
7910,1,83160.3594188858
1740,0,122298.046092623
1845,0,27332.9692694616
7929,0,83257.3110209002
6617,0,171836.179823666
6761,0,78997.0445453924
