index,DoctorToldYouHaveDiabetes,WTMEC2YR
6718,0,162335.039909242
2767,0,14483.0640275899
2571,0,18201.0618272677
1982,0,77577.614233409
6963,0,20910.6145175715
1429,0,74577.2069754017
1286,1,29730.4067611395
5892,0,28490.4778736088
3830,0,164921.144740659
