index,WeightKg,WTMEC2YR
8365,111.5,39426.2999475659
2041,75.2,111844.248122977
6761,52.4,78997.0445453924
1962,48.9,20006.0661416766
282,68.4,125331.603623969
4508,85.5,68264.2018662927
2356,62.1,68039.3241261455
1037,57.7,39772.1396006567
