index,DoctorToldYouHaveDiabetes,WTMEC2YR
7920,0,100184.042372012
1606,0,110610.031490507
6617,0,171836.179823666
2249,0,207852.912081517
1127,0,58965.5377711878
668,0,25807.4035494603
254,0,95031.561744197
6718,0,162335.039909242
4055,0,36176.2303366632
