index,BloodMercuryTotalUgl,WTMEC2YR
1875,0.2,78643.3757346401
7734,0.46,195265.932049904
2704,0.28,231584.695301426
7783,0.86,212585.057458391
2910,2.52,284989.445851707
737,0.2,203543.196846148
5897,0.95,18095.1300689585
5581,1.74,93917.311350984
4321,0.2,51910.7197517259
2843,0.81,36155.3940157819
5263,1.28,281295.984028268
1386,0.86,250520.342892875
8186,0.39,108370.335485934
3515,0.3,30934.5724870916
81,0.2,269609.43379549
1954,1.71,145376.500648366
1651,11.35,266075.672527355
