index,BloodMercuryTotalUgl,WTMEC2YR
1033,1.64,245217.752175739
5207,0.71,18529.7968780403
6942,0.56,78705.7326488209
2724,4.65,262904.172567268
2768,0.75,90713.2767341334
2486,3.58,156022.484952848
7094,2.06,105127.753605778
6060,0.56,33288.4452951842
2704,0.28,231584.695301426
4816,0.64,91159.2059911834
2862,0.5,121356.123347592
1053,0.94,144703.825664128
4382,10.08,35276.6830795101
1227,0.34,99961.0803090959
3685,0.73,118184.756400046
