index,BloodMercuryTotalUgl,WTMEC2YR
1705,0.41,50295.761379206
6968,0.5,184939.782716018
3677,0.34,105240.383892715
2877,0.35,105280.522135127
1727,0.69,143802.038141491
4741,2.67,54886.8181179087
