index,BloodMercuryTotalUgl,WTMEC2YR
357,3.34,167220.69884342
6968,0.5,184939.782716018
7871,0.31,82679.4152540597
2724,4.65,262904.172567268
3612,0.82,54873.4236228532
6953,0.86,50627.9033687495
4502,0.2,61250.6599827952
