index,TakingInsulinNow,WTMEC2YR
6290,0.0,68581.6294835021
6742,0.0,36881.9538088112
1928,0.0,31095.5879152302
6463,0.0,27120.1523567644
533,1.0,48102.9518518529
998,0.0,27943.9491441467
3142,0.0,17583.7267480916
5378,0.0,15088.862379178
60,0.0,25687.5334744611
3738,0.0,150979.091301054
4751,1.0,60764.5145549238
7318,1.0,45531.119837222
4859,0.0,36375.7447410148
5033,0.0,117784.461757979
3268,0.0,16512.7433721931
3189,1.0,20521.6059381824
4644,1.0,33244.7349128024
