index,TotalCholesterolMgdl,WTMEC2YR
3830,179.0,164921.144740659
4663,255.0,65359.7154770613
5482,136.0,36249.2352081265
4699,180.0,407800.803407575
2836,254.0,143823.257298644
1460,168.0,300980.757197945
6178,193.0,168618.230786039
7320,144.0,81998.3231950013
901,277.0,213676.041604305
8066,216.0,272498.888663072
6931,206.0,174956.95399407
2719,222.0,159503.641227616
3219,181.0,77436.1182843069
4864,189.0,8301.265093477
5605,234.0,42846.4068380893
