index,TotalCholesterolMgdl,WTMEC2YR
6170,178.0,66732.8285984723
2007,206.0,122050.146454685
7320,144.0,81998.3231950013
6668,175.0,197924.026946561
4699,180.0,407800.803407575
6379,242.0,278720.986620934
6527,207.0,159258.30526373
