index,TakingInsulinNow,WTMEC2YR
7571,1.0,93072.6615693225
7679,0.0,93317.1475429101
6110,0.0,190541.567962775
998,0.0,27943.9491441467
1500,0.0,90877.7305814506
4351,0.0,92029.6014253463
6770,0.0,45657.6742188217
