index,TakingInsulinNow,WTMEC2YR
6088,0.0,25622.6232573369
3676,0.0,29492.9205081583
3738,0.0,150979.091301054
7523,0.0,17486.7567139747
6290,0.0,68581.6294835021
941,0.0,52989.6381017721
5774,0.0,35830.7954971109
7571,1.0,93072.6615693225
4700,0.0,10992.3482360507
