index,TakingInsulinNow,WTMEC2YR
2065,0.0,9092.15626995925
5033,0.0,117784.461757979
6457,0.0,18581.7560480309
6110,0.0,190541.567962775
3085,1.0,64130.437532084
8163,1.0,10346.8264074022
7571,1.0,93072.6615693225
1500,0.0,90877.7305814506
6487,1.0,16817.609789251
