index,TotalCholesterolMgdl,WTMEC2YR
7698,265.0,178221.624161462
2725,236.0,99890.4565048424
6204,212.0,45693.7574759045
3219,181.0,77436.1182843069
8066,216.0,272498.888663072
6177,188.0,12352.5251211804
6178,193.0,168618.230786039
5073,257.0,93077.3385952862
4194,233.0,46499.3761556547
