index,TakingInsulinNow,WTMEC2YR
6828,0.0,26886.9396907554
8200,1.0,27229.4145824578
5774,0.0,35830.7954971109
2834,0.0,15604.8920282755
7601,0.0,58389.4057052475
7571,1.0,93072.6615693225
177,0.0,23658.0789324307
206,0.0,29350.9691081493
5033,0.0,117784.461757979
7027,0.0,77940.0058553327
