index,TotalCholesterolMgdl,WTMEC2YR
6527,207.0,159258.30526373
6916,194.0,6964.95034683293
5498,217.0,21002.9903263775
4240,145.0,64075.2001635446
2126,132.0,11682.8326664873
2007,206.0,122050.146454685
6204,212.0,45693.7574759045
59,254.0,18420.1899057268
951,289.0,134179.896212121
