index,TakeMedicationForDepression,WTMEC2YR
7759,1.0,12674.6118175912
3918,0.0,46216.3475383574
1141,0.0,49541.4372541212
958,0.0,72178.6432570173
4796,0.0,19424.8482864261
5674,0.0,30756.5402938152
2763,1.0,30933.969242785
4276,0.0,77213.665834931
1547,0.0,30497.2830777565
5223,0.0,22591.7112651829
6637,0.0,23438.0468125674
5867,0.0,46520.6891972126
3140,0.0,18032.5685666281
