index,TakeMedicationForDepression,WTMEC2YR
8157,0.0,24900.2375909496
5674,0.0,30756.5402938152
3797,0.0,40425.4927025968
8336,0.0,23448.0257704086
2629,0.0,108610.793474713
2114,0.0,11701.0544068055
3918,0.0,46216.3475383574
1297,0.0,58268.5657974819
4276,0.0,77213.665834931
974,0.0,32046.9578186673
5867,0.0,46520.6891972126
4952,0.0,66537.5552226029
3050,0.0,62757.685836162
