index,TakeMedicationForDepression,WTMEC2YR
1141,0.0,49541.4372541212
958,0.0,72178.6432570173
3140,0.0,18032.5685666281
6223,0.0,32421.8208230372
8157,0.0,24900.2375909496
2629,0.0,108610.793474713
5867,0.0,46520.6891972126
5562,0.0,64760.9782811715
4952,0.0,66537.5552226029
3924,0.0,53144.2874193858
1297,0.0,58268.5657974819
7646,0.0,34700.1509663816
3594,0.0,35826.3322825042
