index,TakeMedicationForDepression,WTMEC2YR
8004,0.0,24754.3738977448
2114,0.0,11701.0544068055
5867,0.0,46520.6891972126
3924,0.0,53144.2874193858
1141,0.0,49541.4372541212
4952,0.0,66537.5552226029
1297,0.0,58268.5657974819
4517,0.0,25611.6952979607
1547,0.0,30497.2830777565
5158,0.0,31753.7458522973
5674,0.0,30756.5402938152
1912,0.0,23572.0178064348
