index,CoveredByHealthInsurance,WTMEC2YR
3075,1.0,72333.0416397964
8095,1.0,163857.514702973
1641,1.0,50454.8308850063
567,1.0,124622.594935855
5430,1.0,46738.0209106042
1906,1.0,197224.657199677
2492,1.0,36824.8538901966
894,1.0,151447.55169619
1222,1.0,30553.2177446913
1902,1.0,79701.21053835
318,1.0,86525.9502153861
7107,1.0,46229.8366586924
673,1.0,46684.2680325729
6905,1.0,41456.1424839427
5759,1.0,17752.944086203
