index,CoveredByHealthInsurance,WTMEC2YR
5535,0.0,46459.7365430318
894,1.0,151447.55169619
2492,1.0,36824.8538901966
5759,1.0,17752.944086203
7107,1.0,46229.8366586924
1906,1.0,197224.657199677
318,1.0,86525.9502153861
1641,1.0,50454.8308850063
5049,1.0,35520.3727717859
8226,1.0,22287.77163527
5430,1.0,46738.0209106042
8095,1.0,163857.514702973
567,1.0,124622.594935855
1902,1.0,79701.21053835
673,1.0,46684.2680325729
