index,DoctorToldYouHaveDiabetes,WTMEC2YR
7689,0,111609.790302581
6862,0,37216.6079974989
3509,0,89966.575544671
6230,0,268261.513478299
8302,0,83354.7055594434
6025,0,79621.8082311023
1248,0,80666.8649325279
1783,0,125233.372455346
6955,0,19152.082355664
1943,0,24245.6381929523
1694,0,60065.8848630088
1045,0,57107.2137607394
6758,0,29227.9158487236
3682,0,34908.6730251067
3908,0,44775.6015213158
4311,0,63810.6544455854
1960,0,30510.5525828713
