index,DoctorToldYouHaveDiabetes,WTMEC2YR
1783,0,125233.372455346
5839,1,46712.6113995565
5226,0,236419.364239932
7405,0,20413.5079075616
4311,0,63810.6544455854
8217,0,26101.6008948224
7689,0,111609.790302581
6230,0,268261.513478299
2272,0,23999.8607867378
1694,0,60065.8848630088
1355,0,48681.1753694322
4460,0,42879.1846872496
4475,0,39175.1058804126
1045,0,57107.2137607394
6025,0,79621.8082311023
3908,0,44775.6015213158
1248,0,80666.8649325279
4625,0,30022.9665848995
3513,0,114420.514481923
