index,CoveredByHealthInsurance,WTMEC2YR
2763,0.0,30933.969242785
5535,0.0,46459.7365430318
567,1.0,124622.594935855
8095,1.0,163857.514702973
5430,1.0,46738.0209106042
1906,1.0,197224.657199677
894,1.0,151447.55169619
673,1.0,46684.2680325729
1641,1.0,50454.8308850063
8226,1.0,22287.77163527
3075,1.0,72333.0416397964
2492,1.0,36824.8538901966
2975,1.0,17703.2546129128
6905,1.0,41456.1424839427
1902,1.0,79701.21053835
7107,1.0,46229.8366586924
1760,1.0,10338.6077260073
318,1.0,86525.9502153861
