index,DoctorToldYouHaveDiabetes,WTMEC2YR
5251,0,27851.9309846296
7960,0,25208.8868649344
1960,0,30510.5525828713
6230,0,268261.513478299
8255,0,43702.6362399893
5103,0,53728.4222506661
8271,0,40904.6431234249
5839,1,46712.6113995565
2988,0,36569.2960224069
5226,0,236419.364239932
6025,0,79621.8082311023
4475,0,39175.1058804126
4311,0,63810.6544455854
8302,0,83354.7055594434
2272,0,23999.8607867378
7689,0,111609.790302581
3509,0,89966.575544671
1355,0,48681.1753694322
6862,0,37216.6079974989
