index,DoctorToldYouHaveDiabetes,WTMEC2YR
8271,0,40904.6431234249
5226,0,236419.364239932
5103,0,53728.4222506661
4952,0,66537.5552226029
1783,0,125233.372455346
1694,0,60065.8848630088
1045,0,57107.2137607394
547,0,49547.2791713862
2288,0,70180.0098820327
3509,0,89966.575544671
8217,0,26101.6008948224
8302,0,83354.7055594434
6025,0,79621.8082311023
3310,0,20211.0494776727
3513,0,114420.514481923
4460,0,42879.1846872496
