index,DoctorToldYouHaveDiabetes,WTMEC2YR
7689,0,111609.790302581
1694,0,60065.8848630088
4952,0,66537.5552226029
3908,0,44775.6015213158
6230,0,268261.513478299
2288,0,70180.0098820327
6025,0,79621.8082311023
3682,0,34908.6730251067
5274,0,15302.2495053932
