index,CoveredByHealthInsurance,WTMEC2YR
8095,1.0,163857.514702973
2492,1.0,36824.8538901966
318,1.0,86525.9502153861
1641,1.0,50454.8308850063
7478,1.0,49975.7598269447
5535,0.0,46459.7365430318
5049,1.0,35520.3727717859
1906,1.0,197224.657199677
