index,DoctorToldYouHaveDiabetes,WTMEC2YR
5382,0,17202.9684044454
6230,0,268261.513478299
7689,0,111609.790302581
1783,0,125233.372455346
8302,0,83354.7055594434
4952,0,66537.5552226029
3513,0,114420.514481923
5790,1,16317.8939893904
