index,CoveredByHealthInsurance,WTMEC2YR
567,1.0,124622.594935855
7107,1.0,46229.8366586924
1906,1.0,197224.657199677
1902,1.0,79701.21053835
5535,0.0,46459.7365430318
894,1.0,151447.55169619
318,1.0,86525.9502153861
