index,CoveredByHealthInsurance,WTMEC2YR
673,1.0,46684.2680325729
567,1.0,124622.594935855
1222,1.0,30553.2177446913
1902,1.0,79701.21053835
5049,1.0,35520.3727717859
894,1.0,151447.55169619
8095,1.0,163857.514702973
1906,1.0,197224.657199677
