index,DoctorToldYouHaveDiabetes,WTMEC2YR
2988,0,36569.2960224069
2288,0,70180.0098820327
1960,0,30510.5525828713
1694,0,60065.8848630088
7689,0,111609.790302581
6862,0,37216.6079974989
4765,0,24083.6795195037
