index,DoctorToldYouHaveDiabetes,WTMEC2YR
5499,1,20178.8489564957
1677,0,43683.8960060217
7689,0,111609.790302581
6634,0,24181.997261765
1783,0,125233.372455346
8217,0,26101.6008948224
4311,0,63810.6544455854
5103,0,53728.4222506661
