index,HaveSeriousDifficultyConcentrating,WTMEC2YR
5603,0.0,125158.750383651
7298,0.0,23040.3995506711
3204,0.0,19253.4696788081
7800,0.0,26982.5560167914
6271,0.0,49571.8928142366
7571,1.0,93072.6615693225
597,0.0,109985.385795053
2967,0.0,84406.3961619592
6561,0.0,23458.9737667025
5040,1.0,31503.7772090258
3376,1.0,68431.69656516
6110,1.0,190541.567962775
5327,0.0,111349.571065096
6235,0.0,107744.011062948
3818,0.0,53510.5969219115
