index,HaveSeriousDifficultyConcentrating,WTMEC2YR
3376,1.0,68431.69656516
7571,1.0,93072.6615693225
3818,0.0,53510.5969219115
7671,1.0,77338.1587014857
597,0.0,109985.385795053
6110,1.0,190541.567962775
1845,0.0,27332.9692694616
