index,BloodCadmiumUgl,WTMEC2YR
6931,0.64,174956.95399407
6538,1.09,143271.638072563
8198,0.2,118085.359157455
976,0.41,23923.6962886132
2685,0.26,173431.037273958
347,0.26,195848.960094735
6481,1.41,29522.8763050522
2662,0.22,29147.7666067358
726,0.49,14247.102428583
