index,BloodCadmiumUgl,WTMEC2YR
422,2.0,21026.8137356937
1129,0.56,49199.0802489618
7404,0.42,16183.8760313938
6931,0.64,174956.95399407
6538,1.09,143271.638072563
901,1.99,213676.041604305
6761,2.22,78997.0445453924
1460,0.69,300980.757197945
