index,BloodCadmiumUgl,WTMEC2YR
7347,0.12,60314.3903243958
5824,0.1,205345.204393881
3957,0.07,102800.05296974
127,0.89,37121.3664104861
3344,0.36,145905.676839955
5566,0.19,150147.039038896
1465,0.72,239893.12382842
7031,0.21,35928.5547929664
2747,0.81,149819.910285894
2593,0.07,41438.5573602408
1227,0.14,99961.0803090959
7810,0.22,270740.371801942
5542,0.44,180906.463686905
4114,0.23,29166.5991609026
