index,BloodMercuryTotalUgl,WTMEC2YR
693,2.05,85415.0417277532
638,0.3,54715.9648040317
2163,0.47,109028.612025016
5845,0.41,34834.6355636648
6603,0.29,185328.33125808
5081,0.46,9341.25563632611
1226,2.59,54035.3036678887
5878,0.38,294436.247388358
641,1.0,38126.2190823989
7009,0.6,207829.112758375
931,12.76,339593.351323581
1183,1.69,146482.39689477
7405,0.4,20413.5079075616
5581,1.74,93917.311350984
6170,0.88,66732.8285984723
7940,4.03,99398.2546012838
7075,1.05,64119.2579991607
