index,BloodMercuryTotalUgl,WTMEC2YR
8266,1.25,235360.4668174
3192,0.89,37354.5131771682
6350,0.2,90424.8773819806
183,1.56,57805.8975526477
6784,0.35,236115.078498818
931,12.76,339593.351323581
1769,1.56,58477.1303258819
1465,5.66,239893.12382842
568,1.55,23407.1135409145
1041,0.73,221581.408308498
8183,0.2,53827.723222393
2142,2.78,200294.735191465
7529,1.17,7471.67919734307
1618,0.99,99298.3835163364
7207,1.85,98607.9808135274
838,1.4,180878.018051287
