index,BloodCadmiumUgl,WTMEC2YR
1663,0.07,183981.376912143
1330,1.26,41313.0330190746
5603,0.27,125158.750383651
1938,0.34,35234.0882013715
5013,0.72,41018.8577727303
6866,1.0,148338.962063924
4855,0.14,109691.147805208
3570,0.17,52771.6831659158
1082,0.07,57450.3230056259
5581,0.12,93917.311350984
1424,0.22,189007.85930351
6864,0.24,17524.6997926355
7532,0.18,166193.522565484
5591,0.84,51165.5915212813
