index,BloodCadmiumUgl,WTMEC2YR
4581,0.15,66979.1039760121
488,0.18,276067.658588646
1220,1.93,19430.2302838138
1820,0.14,13357.0755201085
3558,0.14,139325.883563955
464,0.16,12386.1566923584
2801,0.16,240329.816310115
1556,0.23,113649.286711292
2339,0.32,158660.399731529
834,0.22,197704.928417786
5201,0.15,124884.456938504
6603,1.3,185328.33125808
4113,0.27,110582.131352321
131,0.32,137651.326918144
5114,0.13,74572.8616605732
1618,0.93,99298.3835163364
6523,0.17,173848.561117728
