index,BloodCadmiumUgl,WTMEC2YR
3969,0.23,217665.468272573
1668,0.1,21531.655438897
7517,0.62,48164.1496152495
2794,0.17,26358.3515012091
5744,0.29,88097.6919558968
2719,0.18,159503.641227616
1950,0.23,42696.3837555748
1954,0.11,145376.500648366
6703,0.49,11344.6138037772
1995,0.14,127439.600124145
1183,0.39,146482.39689477
5710,1.24,152100.041311101
5815,0.18,188388.363550207
8270,0.33,61763.1798695936
8099,0.07,245535.954021965
