index,BloodCadmiumUgl,WTMEC2YR
3125,0.27,51705.5309171598
5603,0.27,125158.750383651
7601,1.14,58389.4057052475
7698,0.07,178221.624161462
5824,0.1,205345.204393881
6625,0.25,110963.928550483
2785,0.26,120263.863910751
