index,BloodMercuryTotalUgl,WTMEC2YR
1465,5.66,239893.12382842
5518,4.68,96170.7051406744
8338,0.97,66729.301086536
1041,0.73,221581.408308498
1598,0.82,96300.8850961369
1976,0.2,115815.10712497
7207,1.85,98607.9808135274
3289,0.97,88937.1678854062
