index,BloodCadmiumUgl,WTMEC2YR
2719,0.18,159503.641227616
6186,0.28,288489.404981519
2834,0.88,15604.8920282755
5710,1.24,152100.041311101
6205,0.28,221823.418900595
1278,0.1,43145.5905135033
6966,0.96,41483.6741697124
337,0.1,217036.354787672
