index,BloodCadmiumUgl,WTMEC2YR
1614,0.14,93137.8759214724
7320,0.42,81998.3231950013
931,0.07,339593.351323581
1424,0.22,189007.85930351
5008,2.05,47000.3256309429
3989,0.83,228798.191889946
2636,0.07,99434.1674296508
