index,BloodCadmiumUgl,WTMEC2YR
1579,0.22,16474.4932448534
337,0.1,217036.354787672
425,0.18,126438.510692012
1309,0.14,221220.827941338
7810,0.22,270740.371801942
5616,0.07,181531.267242831
3738,0.32,150979.091301054
