index,EverToldYouHadHeartAttack,WTMEC2YR
3684,0.0,186963.291583161
4915,0.0,43702.6362399893
2859,0.0,134410.400965746
7249,0.0,38238.4687385411
1835,0.0,32415.8325482625
745,0.0,379744.44769473
6898,0.0,62492.91941421
1074,0.0,242401.017814568
4119,0.0,159824.274251847
7808,0.0,233972.405849731
7378,0.0,225011.218730725
3337,0.0,142823.509105085
7761,0.0,26086.8934264567
3252,0.0,131802.295296985
1355,0.0,48681.1753694322
7205,0.0,69559.6701032851
19,0.0,229129.236930365
