index,EverToldYouHadHeartAttack,WTMEC2YR
269,0.0,88807.9178653374
910,0.0,21226.9878719024
1022,0.0,129915.4196576
6429,0.0,32893.3716507416
6792,0.0,91384.3691391202
1369,0.0,53810.5332747233
1717,0.0,176836.544071642
