index,EverToldYouHadHeartAttack,WTMEC2YR
1194,0.0,227609.242861634
7176,0.0,186923.97793458
6449,0.0,320792.726122231
9,0.0,166841.660681132
1278,0.0,43145.5905135033
7559,1.0,50812.4699102768
834,0.0,197704.928417786
