index,EverToldYouHadHeartAttack,WTMEC2YR
7321,0.0,42513.6064008683
5605,0.0,42846.4068380893
1917,0.0,24594.1473174621
4606,0.0,256727.440457377
8153,1.0,138654.855751892
2415,0.0,83016.0316631461
3475,0.0,74519.759366986
231,0.0,258942.630912774
