index,EverToldYouHadHeartAttack,WTMEC2YR
5623,0.0,139660.521374717
4710,0.0,416873.538378507
4222,0.0,163149.336431119
5195,0.0,53929.6833234979
7810,0.0,270740.371801942
1994,0.0,13600.2199092005
2991,0.0,83451.3491432387
651,0.0,203108.114423791
2476,0.0,33544.393447224
