index,EverToldYouHadHeartAttack,WTMEC2YR
702,0.0,174829.544119193
262,0.0,123408.308538609
379,0.0,26320.9594450264
4511,0.0,47635.6532100871
253,0.0,14853.5802088384
5589,0.0,47188.8904067242
7700,0.0,57406.269716542
6350,0.0,90424.8773819806
