index,EverToldYouHadHeartAttack,WTMEC2YR
8076,0.0,128054.115796174
7264,0.0,21031.251891725
3685,0.0,118184.756400046
5588,0.0,170077.084138516
2089,0.0,30942.834198698
2561,0.0,82217.3811654973
2284,0.0,18967.5923991694
8284,0.0,121635.669672066
2829,0.0,85142.2219428513
