index,EverToldYouHadHeartAttack,WTMEC2YR
2613,0.0,104460.93163383
935,0.0,22266.9942144866
2877,0.0,105280.522135127
1394,0.0,44042.2151162109
2278,0.0,363629.370525946
697,0.0,73794.541712691
1644,0.0,145674.53828034
8054,0.0,192084.534630478
