index,EverToldYouHadHeartAttack,WTMEC2YR
7241,0.0,42632.2138500994
135,0.0,137884.509474123
5926,0.0,219486.01786196
551,0.0,118245.911658417
6538,0.0,143271.638072563
6773,0.0,79471.5441371635
6686,0.0,125625.841523287
442,0.0,113714.752209952
