index,EverToldYouHadHeartAttack,WTMEC2YR
88,0.0,17184.2451386136
8210,0.0,185636.238129971
1208,0.0,94148.8489561925
3629,0.0,165607.375842006
5884,0.0,30124.4306281389
4614,0.0,111536.494072976
4772,0.0,86120.6330729289
