index,EverToldYouHadHeartAttack,WTMEC2YR
107,0.0,10948.205344066
1626,0.0,78101.4844425178
4709,0.0,35026.2152282458
254,0.0,95031.561744197
135,0.0,137884.509474123
4451,0.0,107247.790521128
5866,0.0,320792.726122231
4972,0.0,243429.27116423
