index,EverToldYouHadHeartAttack,WTMEC2YR
5511,0.0,115821.695412551
1465,0.0,239893.12382842
1280,0.0,175736.550946505
7996,0.0,40350.4719865472
5048,0.0,53681.8978572279
3675,0.0,58566.062016304
5596,0.0,111398.70987374
2119,0.0,44961.6065560007
