index,EverToldYouHadHeartAttack,WTMEC2YR
5684,0.0,88376.0360298786
702,0.0,174829.544119193
1783,0.0,125233.372455346
1074,0.0,242401.017814568
2704,0.0,231584.695301426
3325,0.0,13632.3478914809
6837,0.0,8307.14548859178
8235,0.0,25608.1689931126
1596,0.0,419762.836487576
3835,0.0,95942.4514261342
