index,EverToldYouHadHeartAttack,WTMEC2YR
5542,0.0,180906.463686905
5201,0.0,124884.456938504
5894,0.0,47243.4519595567
838,0.0,180878.018051287
1024,0.0,66507.8410675663
2859,0.0,134410.400965746
5596,0.0,111398.70987374
