index,EverToldYouHadHeartAttack,WTMEC2YR
2015,0.0,336326.881840465
6862,0.0,37216.6079974989
3667,0.0,20246.6928154158
231,0.0,258942.630912774
2403,0.0,21526.7321945016
4952,0.0,66537.5552226029
7187,0.0,222581.329769781
1412,0.0,145376.500648366
8358,0.0,129144.347735128
