index,HaveSeriousDifficultyConcentrating,WTMEC2YR
6267,0.0,129734.098069844
1499,0.0,265875.433667499
283,0.0,32116.9261231732
282,0.0,125331.603623969
3071,1.0,108780.330229893
6533,0.0,35617.3423300845
6344,0.0,31750.5428067023
5534,0.0,58923.728991717
6985,0.0,152233.743097782
3247,1.0,196978.684371954
8242,0.0,157843.83441735
894,0.0,151447.55169619
2041,0.0,111844.248122977
2798,0.0,10123.5478174049
