index,WaistCircumferenceCm,WTMEC2YR
3060,142.3,20726.1618536332
6523,103.0,173848.561117728
4509,106.3,17321.3287205958
5824,128.3,205345.204393881
4041,98.1,265329.632565462
2555,96.6,243752.023871804
5016,83.3,46828.4493246381
3177,98.5,186909.145775331
5322,104.3,158002.053973426
3614,109.6,48745.9217722376
