index,TotalCholesterolMgdl,WTMEC2YR
7395,181.0,31996.4535988932
3584,180.0,76373.9766678607
3010,174.0,124173.47167798
5041,228.0,106182.749252869
2626,212.0,133676.146723706
6354,153.0,50394.2966911037
6630,182.0,93917.311350984
7187,255.0,222581.329769781
