index,EverToldYouHadCancerOrMalignancy,WTMEC2YR
7062,0.0,172915.577837413
3085,0.0,64130.437532084
6426,0.0,28248.9858576304
8139,0.0,103433.248183485
4332,0.0,27477.9319410411
450,0.0,252445.411711235
4562,0.0,48480.1557664953
104,0.0,276495.955353976
