index,TotalCholesterolMgdl,WTMEC2YR
5346,172.0,30499.9639874356
7187,255.0,222581.329769781
5332,315.0,60830.2333297191
6630,182.0,93917.311350984
5463,227.0,42996.3199505155
2626,212.0,133676.146723706
5365,124.0,14159.5188511467
4308,185.0,24193.7816311714
3584,180.0,76373.9766678607
