index,TotalCholesterolMgdl,WTMEC2YR
3697,189.0,33787.540873315
1312,107.0,20336.379133557
6905,235.0,41456.1424839427
5332,315.0,60830.2333297191
5346,172.0,30499.9639874356
4308,185.0,24193.7816311714
5041,228.0,106182.749252869
