index,TotalCholesterolMgdl,WTMEC2YR
7354,180.0,84038.3740839004
3010,174.0,124173.47167798
6630,182.0,93917.311350984
5332,315.0,60830.2333297191
2626,212.0,133676.146723706
5041,228.0,106182.749252869
