index,EverToldYouHadCancerOrMalignancy,WTMEC2YR
7601,0.0,58389.4057052475
8153,0.0,138654.855751892
4859,0.0,36375.7447410148
7202,0.0,10519.6109908565
5603,0.0,125158.750383651
6674,0.0,28345.5849090328
583,0.0,24720.7756700321
5080,0.0,60961.623482179
4735,0.0,16791.4320841084
