index,TakeMedicationForDepression,WTMEC2YR
6210,1.0,33221.7021094102
1845,0.0,27332.9692694616
2636,0.0,99434.1674296508
7671,0.0,77338.1587014857
7910,0.0,83160.3594188858
3005,0.0,52601.2884522198
5819,0.0,25233.2610860087
849,0.0,27437.3322646151
5603,0.0,125158.750383651
1652,0.0,30983.0305068386
6235,0.0,107744.011062948
337,0.0,217036.354787672
590,0.0,29468.9611726528
4855,0.0,109691.147805208
3293,1.0,117212.515513979
5809,0.0,139598.139341172
5732,0.0,46847.9223078435
