index,TakeMedicationForDepression,WTMEC2YR
3668,0.0,122013.968424775
2967,0.0,84406.3961619592
337,0.0,217036.354787672
5819,0.0,25233.2610860087
6917,0.0,54720.8590978155
8057,0.0,261074.049697366
2620,0.0,46033.6287797881
1222,1.0,30553.2177446913
1041,1.0,221581.408308498
6110,0.0,190541.567962775
1753,0.0,67267.6252176093
6060,1.0,33288.4452951842
1648,0.0,22700.3871214509
6920,0.0,48724.4381164553
2636,0.0,99434.1674296508
3499,0.0,54358.8587778983
6403,0.0,10895.773467701
