index,TakeMedicationForDepression,WTMEC2YR
4917,0.0,39692.5733705788
6060,1.0,33288.4452951842
8153,0.0,138654.855751892
6967,1.0,6362.88024094075
6333,1.0,25073.4768852566
6271,0.0,49571.8928142366
52,0.0,212848.251290738
5809,0.0,139598.139341172
6917,0.0,54720.8590978155
4124,0.0,76386.673391427
4855,0.0,109691.147805208
