index,TotalCholesterolMgdl,WTMEC2YR
5900,251.0,100106.888745954
4650,169.0,68916.2960161287
6527,207.0,159258.30526373
2721,202.0,64559.6370239986
4498,212.0,14175.3100564261
1725,223.0,59211.7447060317
336,171.0,159061.489063745
8210,254.0,185636.238129971
7401,183.0,60731.1438614204
5605,234.0,42846.4068380893
7320,144.0,81998.3231950013
6856,118.0,21126.3514553936
2725,236.0,99890.4565048424
7083,188.0,50677.6782363229
6032,192.0,24874.3202676413
1711,175.0,75961.9696790438
