index,TotalCholesterolMgdl,WTMEC2YR
2108,193.0,57424.9281873823
3830,179.0,164921.144740659
1925,245.0,16231.3126311131
378,320.0,177352.782966259
5617,238.0,347125.726039169
4699,180.0,407800.803407575
7056,156.0,28916.0541446019
3994,255.0,83756.9623372078
901,277.0,213676.041604305
4534,245.0,105067.582433531
