index,TotalCholesterolMgdl,WTMEC2YR
5550,159.0,5153.81287225494
7292,236.0,67700.4091024985
5210,129.0,42251.3178542269
5516,251.0,75759.7743256328
3807,250.0,85852.1578164036
3942,208.0,216961.084125459
2007,206.0,122050.146454685
6931,206.0,174956.95399407
