index,DoctorToldYouHaveDiabetes,WTMEC2YR
1041,0,221581.408308498
1648,0,22700.3871214509
8153,1,138654.855751892
5343,1,30681.0205287227
1093,0,83451.2105173788
1236,1,32650.3002910157
52,1,212848.251290738
2620,1,46033.6287797881
5603,1,125158.750383651
2967,0,84406.3961619592
6110,1,190541.567962775
6616,0,42595.9820464446
5040,0,31503.7772090258
1475,1,20781.4650384493
8057,1,261074.049697366
491,1,8010.82480090885
5370,0,307165.26008922
5327,0,111349.571065096
