index,BloodCadmiumUgl,WTMEC2YR
5745,0.29,167317.621577438
7813,0.17,189073.832972442
798,0.18,112979.113574068
3815,0.35,8524.89531281358
7539,0.39,162308.482121441
4168,2.53,178416.494098221
2702,0.19,57191.3547286479
2345,0.07,61809.6966018788
1025,2.53,75340.2066268465
5926,0.2,219486.01786196
2561,0.07,82217.3811654973
4129,0.11,281271.94059347
1284,0.84,9601.39087222624
4632,0.16,83135.330259543
7568,0.22,47690.9716052118
730,1.21,52130.9849197188
8206,0.56,11572.4993486118
