index,BloodCadmiumUgl,WTMEC2YR
5465,0.16,59032.0917010403
5791,0.22,86149.5574214378
3372,0.77,221220.827941338
2493,0.77,48716.6973380656
2704,0.07,231584.695301426
5616,0.07,181531.267242831
3653,0.34,67398.473307363
4175,0.21,53908.3740342593
2967,0.18,84406.3961619592
5277,0.2,61526.907835916
6908,0.07,74232.7328262553
4614,0.07,111536.494072976
4555,0.07,77419.3035617956
6230,0.18,268261.513478299
4268,1.47,141528.193131576
