index,DoctorToldYouHaveDiabetes,WTMEC2YR
8057,1,261074.049697366
2263,1,23068.3871280922
2636,1,99434.1674296508
6333,0,25073.4768852566
1093,0,83451.2105173788
6169,0,29388.3717985799
3668,1,122013.968424775
831,1,52103.4560518576
7726,0,58286.5765373617
4751,1,60764.5145549238
5327,0,111349.571065096
590,1,29468.9611726528
7671,0,77338.1587014857
4707,1,7609.15608800665
5370,0,307165.26008922
7836,1,12180.4317068939
6110,1,190541.567962775
6980,0,17576.8805907479
4311,0,63810.6544455854
