index,DoctorToldYouHaveDiabetes,WTMEC2YR
337,1,217036.354787672
1902,1,79701.21053835
4855,1,109691.147805208
4508,0,68264.2018662927
1401,1,39350.6794993756
6580,0,27899.7837459968
569,0,213910.433718455
3293,0,117212.515513979
5312,0,24869.955984035
359,0,14322.9005247006
2967,0,84406.3961619592
52,1,212848.251290738
3879,0,29760.0288459961
3005,1,52601.2884522198
3818,1,53510.5969219115
6110,1,190541.567962775
6235,0,107744.011062948
