index,BloodCadmiumUgl,WTMEC2YR
1863,0.29,84609.9817396486
3372,0.77,221220.827941338
798,0.18,112979.113574068
3575,0.2,143260.600336801
8319,0.17,46481.7354038798
3004,0.36,20694.6269264816
4351,0.56,92029.6014253463
1836,0.3,49340.3042798425
7400,0.21,302724.833363506
2182,0.34,48064.7974126906
5434,0.14,176836.544071642
6965,0.1,67943.0604115963
9,0.61,166841.660681132
6025,0.16,79621.8082311023
5524,0.07,170644.415057559
