index,BloodCadmiumUgl,WTMEC2YR
1058,0.48,38188.307021539
3819,0.07,31445.6783587235
4632,0.16,83135.330259543
1248,0.07,80666.8649325279
7871,0.17,82679.4152540597
2796,0.18,78459.9109280792
3587,0.42,21744.9446636874
1214,0.28,120778.073777287
