index,DoctorToldYouHaveDiabetes,WTMEC2YR
7750,0,21069.098669057
8057,1,261074.049697366
4124,0,76386.673391427
5809,1,139598.139341172
6518,0,34730.5920427559
8002,0,33123.8259152252
7571,1,93072.6615693225
1401,1,39350.6794993756
337,1,217036.354787672
6835,0,13971.7766758763
5838,0,50257.3623581868
