index,DoctorToldYouHaveDiabetes,WTMEC2YR
2636,1,99434.1674296508
5532,0,49679.9816613231
7571,1,93072.6615693225
5040,0,31503.7772090258
6351,1,15570.6556018228
176,0,9117.47805203752
4531,0,14716.9337409178
4197,0,36100.1328359427
2252,0,10060.1897502666
