index,DoctorToldYouHaveDiabetes,WTMEC2YR
2166,1,39060.2220959127
6235,0,107744.011062948
7910,1,83160.3594188858
5370,0,307165.26008922
1093,0,83451.2105173788
849,0,27437.3322646151
7671,0,77338.1587014857
5276,1,17045.9958114536
6518,0,34730.5920427559
3499,0,54358.8587778983
4586,0,23020.9697614744
