index,BloodCadmiumUgl,WTMEC2YR
7820,0.12,25243.5782403803
5603,0.27,125158.750383651
6495,0.24,39547.3685270843
7876,0.07,97707.2001157164
3228,0.18,61809.6966018788
5195,0.82,53929.6833234979
1107,0.87,99340.4834813457
