index,EverToldYouHadHeartAttack,WTMEC2YR
6350,0.0,90424.8773819806
6189,0.0,15766.9286484762
7781,0.0,88192.9699415161
1091,0.0,62568.658214422
3954,0.0,28995.0126832659
8104,0.0,121635.669672066
3337,0.0,142823.509105085
