index,EverToldYouHadHeartAttack,WTMEC2YR
2359,0.0,39213.4543673795
92,0.0,30055.1986616622
8104,0.0,121635.669672066
8183,0.0,53827.723222393
5049,0.0,35520.3727717859
149,0.0,61180.7407817132
5304,0.0,51182.8003976917
