index,EverToldYouHadCancerOrMalignancy,WTMEC2YR
3684,0.0,186963.291583161
7196,0.0,27952.7321223339
7118,0.0,74893.198572197
699,0.0,47197.7316726218
3930,0.0,72833.3394880091
1369,0.0,53810.5332747233
4127,0.0,56328.022656808
938,0.0,16582.4465680371
2600,0.0,84997.6926795314
