index,EverToldYouHadHeartAttack,WTMEC2YR
1650,0.0,75823.2953275086
1795,0.0,56539.6129254386
6350,0.0,90424.8773819806
4876,0.0,34981.8238363646
2103,1.0,30713.1569427581
5481,0.0,9930.91233070202
149,0.0,61180.7407817132
1109,0.0,90967.3796258704
