index,EverToldYouHadHeartAttack,WTMEC2YR
6603,0.0,185328.33125808
1472,0.0,96526.6115810372
8104,0.0,121635.669672066
5304,0.0,51182.8003976917
8327,0.0,32216.8145551803
1827,0.0,86808.8263083968
3853,0.0,70528.6030809053
