index,EverToldYouHadCancerOrMalignancy,WTMEC2YR
3240,0.0,53385.9629481299
5151,0.0,145519.612339116
4636,0.0,66568.2739181378
6599,0.0,80911.7474774103
6898,0.0,62492.91941421
563,0.0,31203.9262299177
2588,0.0,39394.1727151637
