index,TotalCholesterolMgdl,WTMEC2YR
6625,178.0,110963.928550483
7790,135.0,36755.8519809876
7318,115.0,45531.119837222
1424,135.0,189007.85930351
7064,109.0,59601.0049043875
2910,207.0,284989.445851707
6840,186.0,46395.9563508233
8200,160.0,27229.4145824578
3668,123.0,122013.968424775
