index,TotalCholesterolMgdl,WTMEC2YR
6651,105.0,29154.3466881829
438,182.0,9478.71354032651
80,197.0,149491.377588386
6625,178.0,110963.928550483
2910,207.0,284989.445851707
4855,125.0,109691.147805208
3415,189.0,25233.2610860087
3668,123.0,122013.968424775
6840,186.0,46395.9563508233
