index,WeightKg,WTMEC2YR
5903,85.9,41535.1211896088
8143,85.8,17101.6610318601
7601,95.4,58389.4057052475
3560,80.9,42232.518601434
4188,53.9,34938.7934713902
2584,79.7,181999.676459589
8304,73.1,27705.0457606208
3482,118.3,69809.6693055092
1689,72.3,65525.8034283383
