index,WeightKg,WTMEC2YR
1690,76.0,44391.2730553701
5041,80.7,106182.749252869
2476,115.1,33544.393447224
4239,85.2,19009.8994365521
4859,89.0,36375.7447410148
1222,74.3,30553.2177446913
6769,86.2,30646.0329153136
