index,TotalCholesterolMgdl,WTMEC2YR
1424,135.0,189007.85930351
2122,176.0,23329.8230975113
4855,125.0,109691.147805208
6625,178.0,110963.928550483
3668,123.0,122013.968424775
4644,161.0,33244.7349128024
533,223.0,48102.9518518529
80,197.0,149491.377588386
1330,139.0,41313.0330190746
3415,189.0,25233.2610860087
5728,186.0,23342.2091603602
