index,WeightKg,WTMEC2YR
5387,53.9,21006.5172037682
2620,191.4,46033.6287797881
1902,80.7,79701.21053835
1235,132.9,22527.3427344844
8141,73.5,19243.7874113901
5656,85.1,30999.8086557654
2591,85.9,25001.8512201456
