index,TotalCholesterolMgdl,WTMEC2YR
2837,180.0,22527.3427344844
80,197.0,149491.377588386
7318,115.0,45531.119837222
7817,184.0,38278.9080769788
1161,158.0,42096.4408111257
2910,207.0,284989.445851707
5728,186.0,23342.2091603602
6625,178.0,110963.928550483
7064,109.0,59601.0049043875
7790,135.0,36755.8519809876
