index,BloodLeadUgdl,WTMEC2YR
6348,0.73,125026.318098926
1618,0.88,99298.3835163364
7873,1.09,76745.8406070358
5923,2.19,127791.919413601
4693,0.93,90241.5060266633
2281,0.47,40381.443817349
5322,0.86,158002.053973426
