index,BloodLeadUgdl,WTMEC2YR
7075,0.66,64119.2579991607
3178,0.62,56888.4507094491
1618,0.88,99298.3835163364
5322,0.86,158002.053973426
3490,1.56,10175.6525637149
6170,1.61,66732.8285984723
7207,0.42,98607.9808135274
