index,BloodLeadUgdl,WTMEC2YR
3830,2.41,164921.144740659
6348,0.73,125026.318098926
1301,2.14,169435.34266015
2373,0.72,123868.246903015
5322,0.86,158002.053973426
4693,0.93,90241.5060266633
1618,0.88,99298.3835163364
