index,HaveSeriousDifficultyConcentrating,WTMEC2YR
1911,0.0,49629.7963666772
5090,0.0,41007.8643584201
7314,0.0,251900.62631846
7185,1.0,135728.620785782
5811,0.0,130915.673529241
8066,0.0,272498.888663072
4300,0.0,29201.7989757431
894,0.0,151447.55169619
