index,HaveSeriousDifficultyConcentrating,WTMEC2YR
5535,0.0,46459.7365430318
297,0.0,84105.0958714266
7185,1.0,135728.620785782
5090,0.0,41007.8643584201
7314,0.0,251900.62631846
4074,1.0,30731.4358571927
8066,0.0,272498.888663072
6530,0.0,77431.7553576493
4300,0.0,29201.7989757431
