index,BloodLeadUgdl,WTMEC2YR
4495,1.19,116488.255366268
2607,0.65,175079.053076806
2281,0.47,40381.443817349
5964,0.76,156240.057335583
1301,2.14,169435.34266015
1536,2.44,25310.4196381416
5923,2.19,127791.919413601
