index,HaveSeriousDifficultyConcentrating,WTMEC2YR
5811,0.0,130915.673529241
894,0.0,151447.55169619
5535,0.0,46459.7365430318
2037,0.0,29350.9691081493
8066,0.0,272498.888663072
7185,1.0,135728.620785782
7314,0.0,251900.62631846
