index,HaveSeriousDifficultyConcentrating,WTMEC2YR
5759,1.0,17752.944086203
7185,1.0,135728.620785782
5811,0.0,130915.673529241
1911,0.0,49629.7963666772
297,0.0,84105.0958714266
8066,0.0,272498.888663072
2872,1.0,44997.6426026298
6530,0.0,77431.7553576493
