index,BloodMercuryTotalUgl,WTMEC2YR
7328,6.21,65389.9628315003
8233,0.48,49536.0762937503
8152,0.58,22835.6800235286
5463,1.01,42996.3199505155
2768,0.75,90713.2767341334
4636,1.02,66568.2739181378
6350,0.2,90424.8773819806
1869,3.19,58269.3543752445
2007,0.87,122050.146454685
7814,0.87,40944.6825522197
5445,0.76,32982.273543697
1633,3.57,6854.80238322995
7250,0.43,53178.881535384
1459,0.31,29149.0233260214
8082,1.01,142549.019577187
