index,BloodMercuryTotalUgl,WTMEC2YR
1267,1.08,91837.2868125524
3536,0.2,18831.04663686
8233,0.48,49536.0762937503
6235,0.2,107744.011062948
228,0.2,64177.6386666284
8169,0.2,39712.4031774316
7235,1.71,118365.248924027
