index,BloodMercuryTotalUgl,WTMEC2YR
6025,0.57,79621.8082311023
6263,0.69,84653.969803616
3107,1.37,41984.5765813946
8180,0.47,208037.731874754
5717,0.47,23808.8883331174
1368,4.31,113858.313032713
4652,0.86,35897.0112687014
2787,0.2,37249.1832800644
