index,BloodMercuryTotalUgl,WTMEC2YR
1994,9.69,13600.2199092005
317,0.33,9984.41213147759
6863,0.92,213902.49625407
7943,1.73,44143.8943334184
562,4.33,225034.527060252
6381,0.6,47238.5714920086
2801,0.43,240329.816310115
337,0.75,217036.354787672
2313,0.59,220018.334538068
