index,BloodMercuryTotalUgl,WTMEC2YR
5050,0.67,216728.354979332
6053,4.09,120284.199006586
958,2.6,72178.6432570173
2801,0.43,240329.816310115
787,0.84,52634.0624414578
5777,1.04,80422.980342937
6340,0.77,160725.956027591
