index,BloodManganeseUgl,WTMEC2YR
3946,12.24,192913.74013985
1769,16.16,58477.1303258819
2924,10.07,122013.968424775
2142,12.08,200294.735191465
3887,14.08,37266.2168105907
3587,10.55,21744.9446636874
3326,8.61,137719.501162492
1486,10.53,20467.4009758939
