index,BloodMercuryTotalUgl,WTMEC2YR
6863,0.92,213902.49625407
7047,0.68,156305.081343801
3015,2.55,12839.4694687412
5777,1.04,80422.980342937
7185,1.63,135728.620785782
3930,0.3,72833.3394880091
7499,4.92,65371.7516591485
