index,BloodManganeseUgl,WTMEC2YR
2924,10.07,122013.968424775
658,12.18,72984.8607767315
3326,8.61,137719.501162492
3887,14.08,37266.2168105907
2142,12.08,200294.735191465
3587,10.55,21744.9446636874
7515,8.7,21921.7133429396
3946,12.24,192913.74013985
