index,BloodMercuryTotalUgl,WTMEC2YR
1912,2.22,23572.0178064348
4942,0.2,197924.026946561
3494,0.51,26389.5801204697
7187,0.97,222581.329769781
1206,0.2,62210.8345331674
337,0.75,217036.354787672
6613,0.2,34454.1801108446
7185,1.63,135728.620785782
