index,BloodMercuryTotalUgl,WTMEC2YR
3606,10.12,57093.5580778547
5498,1.17,21002.9903263775
7943,1.73,44143.8943334184
3953,1.25,45896.4352418698
3015,2.55,12839.4694687412
6146,0.39,52394.6901046593
