index,BloodLeadUgdl,WTMEC2YR
2456,6.6,17932.6803419765
80,0.87,149491.377588386
3884,2.21,71302.9841618051
6624,0.52,90204.3630335885
5389,1.11,15638.6289775029
7571,1.2,93072.6615693225
3085,0.49,64130.437532084
7270,0.11,126474.184331103
4756,0.91,25624.2094463232
3189,0.52,20521.6059381824
6625,0.36,110963.928550483
8200,0.59,27229.4145824578
856,0.89,27097.9239253829
5250,0.36,21330.0780168978
7775,1.46,12941.6060706006
1757,0.59,41319.9220389059
2166,1.29,39060.2220959127
