index,BloodLeadUgdl,WTMEC2YR
6624,0.52,90204.3630335885
1331,1.48,36636.6753573719
7817,0.26,38278.9080769788
4740,1.91,47298.0463375116
1563,0.54,32304.8697675371
3085,0.49,64130.437532084
2197,1.93,30835.6534537723
6467,0.89,151132.153271412
1161,0.25,42096.4408111257
