index,BloodLeadUgdl,WTMEC2YR
3012,0.67,61835.4696824814
7742,1.08,21961.5662473761
5108,0.7,47596.7180659626
125,0.63,24586.0889959942
954,2.39,12238.2059672312
10,0.71,15479.5811980259
2392,0.47,73026.1708821077
3668,1.25,122013.968424775
780,1.19,9216.92015717003
