index,CoveredByHealthInsurance,WTMEC2YR
6786,0.0,12709.6647134427
1757,1.0,41319.9220389059
212,1.0,13745.2492774843
1050,1.0,23257.9081255006
2796,1.0,78459.9109280792
5424,1.0,71078.6551974057
2335,1.0,29891.7061879697
5881,1.0,24595.2902618341
