index,EverToldYouHadCancerOrMalignancy,WTMEC2YR
7609,0.0,18305.4201511756
1138,0.0,82650.2935401507
3835,0.0,95942.4514261342
2752,0.0,11559.4339606537
2092,0.0,30553.2177446913
1948,0.0,20088.7105838507
6552,0.0,75215.4237681673
563,0.0,31203.9262299177
3548,0.0,22164.6061724109
5206,0.0,24500.7540022624
7737,0.0,58673.9606541729
3240,0.0,53385.9629481299
1501,0.0,27806.424088093
5930,0.0,24808.2127067691
3582,0.0,33002.1528138141
2980,0.0,62998.7005992314
