index,EverToldYouHadCancerOrMalignancy,WTMEC2YR
374,0.0,54130.7347674068
1740,0.0,122298.046092623
5210,0.0,42251.3178542269
7728,0.0,78483.7821245894
7918,0.0,55926.2596410938
3965,0.0,29808.0308615703
6126,0.0,34532.3119039471
1577,0.0,33006.7333722007
518,0.0,46352.6502246446
1512,0.0,33867.6303621248
3972,0.0,38211.6538094582
4055,0.0,36176.2303366632
4949,0.0,45890.1117349408
3022,0.0,47938.2767785903
5807,0.0,83194.6611469297
