index,EverToldYouHadCancerOrMalignancy,WTMEC2YR
1369,0.0,53810.5332747233
1138,0.0,82650.2935401507
3169,0.0,14968.1543661501
4274,0.0,20405.8975410938
1740,0.0,122298.046092623
4327,0.0,76597.1951517258
2867,0.0,192920.68404484
840,0.0,32362.4657913016
