index,EverToldYouHadCancerOrMalignancy,WTMEC2YR
4441,0.0,17813.4885082678
5100,1.0,11360.8178796371
5426,0.0,17032.7105129642
2980,0.0,62998.7005992314
3309,0.0,83947.5173918593
7543,0.0,86137.2811032929
551,0.0,118245.911658417
7196,0.0,27952.7321223339
