index,EverToldYouHadCancerOrMalignancy,WTMEC2YR
1369,0.0,53810.5332747233
7728,0.0,78483.7821245894
6818,0.0,39259.6520065222
3309,0.0,83947.5173918593
1759,0.0,199593.069619705
5061,0.0,80084.2195375565
6229,0.0,41679.5946297578
