index,DoctorToldYouHaveDiabetes,WTMEC2YR
2474,0,253619.35600209
1033,0,245217.752175739
1258,0,30420.0294475974
4555,0,77419.3035617956
6502,0,89192.6704654645
5295,0,20707.4118273766
295,0,40566.7844908824
3543,0,46714.423267919
3595,0,60016.153438961
410,0,98092.6983288917
