index,EverToldYouHadCancerOrMalignancy,WTMEC2YR
397,0.0,46448.7289688723
1369,0.0,53810.5332747233
3515,0.0,30934.5724870916
153,0.0,125047.391839698
5807,0.0,83194.6611469297
4441,0.0,17813.4885082678
2088,0.0,29031.3475205318
