index,EverToldYouHadCancerOrMalignancy,WTMEC2YR
3467,0.0,36243.6879223169
2867,0.0,192920.68404484
8125,0.0,43563.9205844329
5016,0.0,46828.4493246381
7723,0.0,88578.7249274622
7482,0.0,46728.2918336801
3169,0.0,14968.1543661501
8337,0.0,39386.1645315635
6229,0.0,41679.5946297578
1169,0.0,24638.0074044667
