index,DoctorToldYouHaveDiabetes,WTMEC2YR
6415,0,39016.9307070465
6880,0,61372.6255273763
295,0,40566.7844908824
2474,0,253619.35600209
3612,0,54873.4236228532
7798,1,17884.3371621533
3403,0,62798.6982990303
7270,1,126474.184331103
6342,0,115896.932518449
