index,CoveredByHealthInsurance,WTMEC2YR
3621,1.0,308134.405321506
7364,1.0,136083.096688325
4803,1.0,19124.580308032
1982,1.0,77577.614233409
6203,1.0,227915.567618983
4403,1.0,123871.22022007
8210,1.0,185636.238129971
3758,1.0,17885.1609376903
1217,1.0,268835.646182863
1426,1.0,217665.468272573
1832,1.0,24081.1911520528
4599,1.0,35094.3843642458
4972,1.0,243429.27116423
5638,1.0,159744.430652298
834,1.0,197704.928417786
