index,CoveredByHealthInsurance,WTMEC2YR
3623,1.0,53585.3189516753
2861,1.0,144910.515020423
6265,1.0,310518.388487575
896,1.0,220143.511499145
5811,1.0,130915.673529241
2626,1.0,133676.146723706
3076,1.0,108737.5799299
8285,1.0,129217.182631719
