index,CoveredByHealthInsurance,WTMEC2YR
6976,1.0,152367.631364916
1280,1.0,175736.550946505
7734,1.0,195265.932049904
5604,1.0,23881.5630507886
5824,1.0,205345.204393881
5103,1.0,53728.4222506661
5226,1.0,236419.364239932
4614,1.0,111536.494072976
129,1.0,190727.342267678
