index,CoveredByHealthInsurance,WTMEC2YR
2447,1.0,114836.165449082
3575,1.0,143260.600336801
4857,0.0,46498.549430931
1237,0.0,124334.322749208
7269,0.0,87512.457112567
7822,1.0,48829.7506623737
2684,1.0,16360.8773667223
