index,EverToldYouHadHeartAttack,WTMEC2YR
930,0.0,72154.6507071293
6467,0.0,151132.153271412
5417,0.0,253959.910432275
702,0.0,174829.544119193
7793,0.0,28622.1641289745
585,0.0,30636.4335793023
4575,0.0,34066.1566567589
8285,0.0,129217.182631719
2257,0.0,183186.215254314
7507,0.0,222818.627706047
5202,0.0,21988.9732596472
1024,0.0,66507.8410675663
6110,1.0,190541.567962775
7600,0.0,30871.0735320692
7124,0.0,10995.5793618021
1689,0.0,65525.8034283383
4495,0.0,116488.255366268
