index,BloodMercuryTotalUgl,WTMEC2YR
2108,0.89,57424.9281873823
1843,0.48,93318.1539125971
2721,1.02,64559.6370239986
7662,0.2,69072.704318721
8082,1.01,142549.019577187
2441,0.93,54765.7157613431
4634,0.33,31604.630606653
4333,0.38,213587.787815431
3050,1.29,62757.685836162
4509,0.39,17321.3287205958
5995,0.31,11950.085272532
2028,0.2,140678.179648079
7413,1.08,101571.617823069
8057,0.66,261074.049697366
3377,0.7,48184.9862076723
5823,0.84,23860.5901628914
2071,0.2,112251.239665344
