index,EverToldYouHadHeartAttack,WTMEC2YR
5720,0.0,255038.380989282
4485,0.0,128871.432404995
3935,0.0,24368.8940591296
481,0.0,16053.2785339497
3330,1.0,21401.7951203153
7270,0.0,126474.184331103
7600,0.0,30871.0735320692
7204,0.0,23307.3055676236
1236,1.0,32650.3002910157
450,0.0,252445.411711235
