index,EverToldYouHadHeartAttack,WTMEC2YR
4894,0.0,20365.1605381442
7910,1.0,83160.3594188858
322,0.0,45961.9509408831
5903,0.0,41535.1211896088
483,0.0,133053.323479069
5343,1.0,30681.0205287227
4155,0.0,28492.809926356
5603,1.0,125158.750383651
4605,0.0,34079.4285722229
