index,EverToldYouHadHeartAttack,WTMEC2YR
1057,0.0,11959.1522105415
6110,1.0,190541.567962775
3929,0.0,34415.4012911697
6992,0.0,11882.7345709847
2620,1.0,46033.6287797881
6276,0.0,10191.8712950996
5434,0.0,176836.544071642
8285,0.0,129217.182631719
5041,0.0,106182.749252869
