index,BloodMercuryTotalUgl,WTMEC2YR
3298,1.01,11846.9825499543
7083,0.76,50677.6782363229
3167,0.31,25217.9507345126
5698,0.7,41832.6876556029
3202,0.72,71462.2690372433
7396,1.06,31161.0482559291
3080,0.2,99750.0347598769
1146,0.38,10205.607217548
1795,0.2,56539.6129254386
