index,EverToldYouHadHeartAttack,WTMEC2YR
7514,0.0,98716.9523304193
6924,0.0,42666.6629898986
6222,0.0,15876.4571294845
19,0.0,229129.236930365
5041,0.0,106182.749252869
3801,0.0,18503.5248871735
7270,0.0,126474.184331103
3357,0.0,23192.0852124219
702,0.0,174829.544119193
