index,BloodMercuryTotalUgl,WTMEC2YR
2862,0.5,121356.123347592
8057,0.66,261074.049697366
2028,0.2,140678.179648079
4517,18.57,25611.6952979607
6175,0.89,68845.4483157131
7539,0.52,162308.482121441
6375,7.52,180912.90521603
6866,0.2,148338.962063924
