index,BloodMercuryTotalUgl,WTMEC2YR
932,0.97,121762.766094119
5731,1.14,52903.6309574792
2028,0.2,140678.179648079
6175,0.89,68845.4483157131
7662,0.2,69072.704318721
5024,0.57,332785.866231774
6603,0.29,185328.33125808
4451,0.2,107247.790521128
