index,BloodMercuryTotalUgl,WTMEC2YR
6685,5.25,134126.471145649
4061,0.4,35490.1378960002
1261,0.2,272498.888663072
1843,0.48,93318.1539125971
2862,0.5,121356.123347592
1932,0.68,151305.124969893
932,0.97,121762.766094119
6458,0.41,32975.4469579835
