index,EverToldYouHadHeartAttack,WTMEC2YR
1320,0.0,13653.6414724956
1113,0.0,15792.479433176
5652,0.0,31645.9983234931
3406,0.0,51936.0349798471
5516,0.0,75759.7743256328
337,1.0,217036.354787672
7946,0.0,81340.0528599526
5322,0.0,158002.053973426
5916,0.0,45824.1053315667
1373,0.0,63253.2896326339
6706,0.0,14605.4146074638
