index,BloodMercuryTotalUgl,WTMEC2YR
6776,0.39,91803.9218736802
3507,0.2,14605.6722968203
4333,0.38,213587.787815431
6685,5.25,134126.471145649
7539,0.52,162308.482121441
1261,0.2,272498.888663072
1716,0.38,54640.5713262297
