index,EverToldYouHadCancerOrMalignancy,WTMEC2YR
2148,0.0,32305.2732556212
3117,0.0,111710.037958354
2943,1.0,103875.25737014
927,0.0,69056.7252398165
7000,1.0,100556.31219906
1313,0.0,76480.1826415161
5201,0.0,124884.456938504
89,0.0,122796.675106829
5454,0.0,30112.7471792555
1424,0.0,189007.85930351
680,0.0,71155.4517456335
2154,0.0,113673.994264032
