index,HaveSeriousDifficultyConcentrating,WTMEC2YR
896,0.0,220143.511499145
5824,0.0,205345.204393881
1954,0.0,145376.500648366
3020,0.0,103165.292032781
2724,0.0,262904.172567268
7316,0.0,37370.7211829092
3517,0.0,42141.9158260702
4154,0.0,188854.266624504
2910,0.0,284989.445851707
1033,0.0,245217.752175739
347,0.0,195848.960094735
4033,0.0,42505.2486170419
5721,0.0,22986.1442981228
2095,0.0,20344.5255291882
1082,1.0,57450.3230056259
6090,0.0,55500.2622780362
