index,HaveSeriousDifficultyConcentrating,WTMEC2YR
8089,0.0,131495.301572173
428,0.0,30712.5431202449
1651,0.0,266075.672527355
6685,0.0,134126.471145649
357,0.0,167220.69884342
1082,1.0,57450.3230056259
4893,0.0,154220.762874309
4154,0.0,188854.266624504
3661,0.0,17955.7408231108
477,0.0,60437.1471131226
2685,0.0,173431.037273958
2447,0.0,114836.165449082
3384,0.0,45489.1986150886
5581,0.0,93917.311350984
8099,0.0,245535.954021965
4234,0.0,83128.041961371
