index,EverToldYouHadCancerOrMalignancy,WTMEC2YR
865,1.0,47931.7474141585
5503,0.0,169162.644001192
2154,0.0,113673.994264032
2052,0.0,68474.0821760585
7000,1.0,100556.31219906
5417,0.0,253959.910432275
5783,0.0,104861.862651831
5114,0.0,74572.8616605732
1713,0.0,35699.1334385281
6372,0.0,67312.3704313111
1309,0.0,221220.827941338
3482,0.0,69809.6693055092
5791,0.0,86149.5574214378
7695,0.0,30121.2014319968
89,0.0,122796.675106829
3685,0.0,118184.756400046
