index,EverToldYouHadCancerOrMalignancy,WTMEC2YR
782,0.0,65182.0811596671
5720,0.0,255038.380989282
7460,0.0,17627.0411689872
2593,0.0,41438.5573602408
5291,0.0,38051.7072427216
5033,0.0,117784.461757979
7816,0.0,28658.3066304531
5434,0.0,176836.544071642
7982,0.0,30329.6249239765
2537,0.0,151807.382074802
8099,0.0,245535.954021965
2316,0.0,154549.275510269
6447,0.0,16798.4212261625
927,0.0,69056.7252398165
1982,0.0,77577.614233409
7681,0.0,48208.9950596958
5824,0.0,205345.204393881
