index,EverToldYouHadCancerOrMalignancy,WTMEC2YR
7200,0.0,20418.6710073984
6919,0.0,32181.7802291063
3409,0.0,70450.006502051
3988,0.0,109723.764467027
1424,0.0,189007.85930351
1982,0.0,77577.614233409
3076,0.0,108737.5799299
