index,HaveSeriousDifficultyConcentrating,WTMEC2YR
5689,0.0,30172.03344193
5824,0.0,205345.204393881
3274,1.0,171537.671962164
6820,0.0,50695.0478045239
1894,0.0,163797.605829848
5587,0.0,110144.921768485
1183,0.0,146482.39689477
896,0.0,220143.511499145
5284,0.0,77270.997960153
