index,HaveSeriousDifficultyConcentrating,WTMEC2YR
4741,0.0,54886.8181179087
896,0.0,220143.511499145
4154,0.0,188854.266624504
2934,0.0,202666.607385467
5000,0.0,35042.4972128127
2486,0.0,156022.484952848
252,0.0,159563.704338979
617,1.0,92610.2262433804
