index,EverToldYouHadCancerOrMalignancy,WTMEC2YR
5351,0.0,100139.23201941
680,0.0,71155.4517456335
6965,1.0,67943.0604115963
8022,1.0,148635.653907498
7000,1.0,100556.31219906
5033,0.0,117784.461757979
5760,0.0,53551.1141059303
