index,EverToldYouHadCancerOrMalignancy,WTMEC2YR
3068,1.0,16756.5060667944
2561,0.0,82217.3811654973
649,0.0,88807.9178653374
1161,0.0,42096.4408111257
3482,0.0,69809.6693055092
8339,1.0,90160.2623385276
