index,EverToldYouHadCancerOrMalignancy,WTMEC2YR
6534,0.0,29031.8257349889
5201,0.0,124884.456938504
2910,0.0,284989.445851707
5720,0.0,255038.380989282
8022,1.0,148635.653907498
6684,0.0,106180.755383005
5760,0.0,53551.1141059303
