index,DoctorToldYouHaveDiabetes,WTMEC2YR
7198,0,174017.587362904
2028,0,140678.179648079
1107,0,99340.4834813457
5678,0,30677.7791572452
7330,0,55650.6211938747
6995,0,181552.148656495
649,0,88807.9178653374
8063,0,21027.962064144
5263,0,281295.984028268
6949,0,32913.6879839176
6267,0,129734.098069844
2546,0,23876.0681343242
5815,0,188388.363550207
5147,0,189142.302948911
1499,0,265875.433667499
