index,DoctorToldYouHaveDiabetes,WTMEC2YR
7356,0,11804.379514489
3312,0,94087.0934374869
178,0,124293.633054111
6284,0,42015.6499310682
5491,0,121365.782548951
8309,0,27521.7438045952
3789,0,93213.7003912649
6624,1,90204.3630335885
347,0,195848.960094735
3161,0,22424.5822369116
7314,0,251900.62631846
3434,0,151788.472407606
4106,0,100444.738040675
1170,0,30137.2916554975
3219,0,77436.1182843069
859,0,57498.6561839987
