index,DoctorToldYouHaveDiabetes,WTMEC2YR
7739,0,93859.112778794
4132,0,112660.512717485
2718,0,77398.3634740178
5174,0,35831.9965422415
8130,0,60615.4258527479
7796,0,58868.3577951692
26,1,28532.9380802784
1445,0,23902.0141161126
7689,0,111609.790302581
6685,0,134126.471145649
8082,0,142549.019577187
2587,0,69702.8795367565
2489,0,9903.65153482016
4032,0,31406.1573686541
6147,0,165354.962265944
813,0,15685.0376216213
