index,DoctorToldYouHaveDiabetes,WTMEC2YR
7187,0,222581.329769781
5608,0,44542.5550838688
4265,0,104236.394704154
3094,0,110616.399477862
7810,0,270740.371801942
522,0,70663.7939777689
2263,1,23068.3871280922
2796,1,78459.9109280792
