index,DoctorToldYouHaveDiabetes,WTMEC2YR
2169,0,61399.2847572588
1539,0,14703.2107250718
2686,0,101723.299070427
5221,0,155778.335889233
2325,0,38746.6672208411
3628,0,9244.1766862255
1727,0,143802.038141491
3669,0,165542.442625025
