index,DoctorToldYouHaveDiabetes,WTMEC2YR
1843,0,93318.1539125971
6729,0,187547.754080562
5221,0,155778.335889233
7814,0,40944.6825522197
5164,0,83646.4206230289
4859,1,36375.7447410148
1759,0,199593.069619705
