index,DoctorToldYouHaveDiabetes,WTMEC2YR
6823,0,38983.9384863637
3830,0,164921.144740659
3278,0,39662.7076949086
139,0,253429.471575049
3177,0,186909.145775331
6467,1,151132.153271412
5979,0,133053.323479069
