index,DoctorToldYouHaveDiabetes,WTMEC2YR
2159,0,177065.638449152
6629,0,419056.576211997
6267,0,129734.098069844
6544,0,75167.3389155204
4010,0,162321.492391845
4276,0,77213.665834931
2607,0,175079.053076806
