index,DoctorToldYouHaveDiabetes,WTMEC2YR
8358,0,129144.347735128
4564,1,12522.2583001017
3669,0,165542.442625025
7469,0,36239.575123551
3594,0,35826.3322825042
4234,0,83128.041961371
8105,0,25235.4919164411
6467,1,151132.153271412
3022,0,47938.2767785903
1101,1,27430.2981648112
