index,DoctorToldYouHaveDiabetes,WTMEC2YR
413,0,53868.2853629999
3020,0,103165.292032781
1712,1,20924.0536531553
2584,1,181999.676459589
6467,1,151132.153271412
7904,0,109905.332907733
6048,0,21278.6853245531
