index,DoctorToldYouHaveDiabetes,WTMEC2YR
5491,0,121365.782548951
806,0,128916.297249741
7704,0,109810.264649176
375,1,72777.3049919816
6913,0,41540.9932164003
5542,0,180906.463686905
1790,0,35505.3655204779
