index,DoctorToldYouHaveDiabetes,WTMEC2YR
8210,0,185636.238129971
2704,0,231584.695301426
141,0,95014.1410621128
52,1,212848.251290738
5598,0,39458.5320391045
3830,0,164921.144740659
