index,DoctorToldYouHaveDiabetes,WTMEC2YR
6493,0,30515.6268428638
998,1,27943.9491441467
6994,0,21250.8638846831
6617,0,171836.179823666
3128,1,19137.663663339
6267,0,129734.098069844
4555,0,77419.3035617956
1200,1,104165.340707295
