index,DoctorToldYouHaveDiabetes,WTMEC2YR
5427,0,36182.5943326835
569,0,213910.433718455
3788,1,239578.460386789
8271,0,40904.6431234249
1217,0,268835.646182863
3252,0,131802.295296985
4051,0,219248.044843692
