index,DoctorToldYouHaveDiabetes,WTMEC2YR
7676,0,75727.2715898599
1403,0,81601.1460895753
4783,0,53278.9083099047
737,0,203543.196846148
1776,0,180858.246973633
8242,0,157843.83441735
4051,0,219248.044843692
6525,0,37736.8803728856
