index,DoctorToldYouHaveDiabetes,WTMEC2YR
8202,0,50365.0472479157
5417,1,253959.910432275
3646,0,24643.8253159204
4679,0,83605.4172720196
7287,0,66919.6603129886
3046,0,54036.131960108
1626,0,78101.4844425178
3747,0,196043.290425687
