index,BloodLeadUgdl,WTMEC2YR
3378,0.27,33027.8108907442
2814,0.61,18728.258300049
2373,0.72,123868.246903015
7401,2.9,60731.1438614204
5923,2.19,127791.919413601
5044,1.12,24867.2643803974
2249,2.35,207852.912081517
5322,0.86,158002.053973426
2513,2.18,49750.1695411938
97,0.57,47363.4325388438
1112,2.73,71292.7182566561
3514,0.74,26294.3940854092
1692,0.85,74480.8150764318
3769,0.73,39007.6576051615
658,1.56,72984.8607767315
