index,BloodLeadUgdl,WTMEC2YR
2607,0.65,175079.053076806
7704,0.26,109810.264649176
4197,0.38,36100.1328359427
1536,2.44,25310.4196381416
1426,1.34,217665.468272573
364,0.99,23294.2688953873
1112,2.73,71292.7182566561
1269,1.43,84299.9549239246
7075,0.66,64119.2579991607
5322,0.86,158002.053973426
3291,2.34,29354.2215566432
638,0.87,54715.9648040317
969,0.98,64933.1538684938
7873,1.09,76745.8406070358
2493,1.51,48716.6973380656
3830,2.41,164921.144740659
