index,BloodLeadUgdl,WTMEC2YR
7873,1.09,76745.8406070358
2163,2.3,109028.612025016
867,1.08,181104.408586445
1426,1.34,217665.468272573
3178,0.62,56888.4507094491
7075,0.66,64119.2579991607
1618,0.88,99298.3835163364
