index,EverToldYouHadHeartAttack,WTMEC2YR
1050,0.0,23257.9081255006
5276,1.0,17045.9958114536
6633,0.0,20208.9489573388
2080,1.0,25284.7361793116
2491,0.0,10206.8992140651
3189,0.0,20521.6059381824
2240,1.0,17344.9965454269
2259,0.0,55698.23768138
4985,1.0,12119.7352007647
1066,0.0,22192.8058437188
7836,1.0,12180.4317068939
7249,0.0,38238.4687385411
6840,0.0,46395.9563508233
156,1.0,20486.5287680835
2742,0.0,28467.7806583275
4372,0.0,15117.5975722344
6034,0.0,12312.4426771675
