index,EverToldYouHadHeartAttack,WTMEC2YR
7535,0.0,16703.9672392338
7249,0.0,38238.4687385411
6840,0.0,46395.9563508233
7571,1.0,93072.6615693225
6625,0.0,110963.928550483
1669,0.0,57787.5361604703
5434,0.0,176836.544071642
1884,0.0,35452.470348723
