index,BloodMercuryTotalUgl,WTMEC2YR
7235,1.71,118365.248924027
2281,0.35,40381.443817349
3337,0.35,142823.509105085
2218,2.1,100348.318986344
4359,0.2,26261.0525479543
8022,0.62,148635.653907498
3954,0.2,28995.0126832659
4704,1.23,51475.1799882992
7781,0.35,88192.9699415161
2793,0.5,71739.9893898942
7343,0.2,19836.2216954498
2973,1.16,24386.1815112233
2373,0.42,123868.246903015
5526,0.62,36744.5597613891
4917,0.8,39692.5733705788
8057,0.66,261074.049697366
