index,BloodMercuryTotalUgl,WTMEC2YR
6036,0.7,18499.7682694531
6037,5.02,90523.8508599872
3178,0.38,56888.4507094491
3569,0.67,9214.2831297487
3094,1.22,110616.399477862
6350,0.2,90424.8773819806
1301,1.5,169435.34266015
8095,1.44,163857.514702973
1426,0.76,217665.468272573
6526,0.75,37544.6961837736
1518,0.41,16970.8158225914
5923,0.61,127791.919413601
4188,0.64,34938.7934713902
1146,0.38,10205.607217548
6780,0.67,68691.7614125703
4344,0.64,97057.4985731975
