index,BloodMercuryTotalUgl,WTMEC2YR
378,0.78,177352.782966259
5923,0.61,127791.919413601
880,2.4,322377.079684728
6784,0.35,236115.078498818
5581,1.74,93917.311350984
488,1.53,276067.658588646
7464,0.28,12141.0215570687
