index,BloodMercuryTotalUgl,WTMEC2YR
7832,0.39,56232.6785726905
1277,1.62,74951.398856718
6698,0.37,83144.5693821028
1652,1.94,30983.0305068386
7395,0.72,31996.4535988932
5717,0.47,23808.8883331174
3338,1.47,114702.453417753
