index,BloodMercuryTotalUgl,WTMEC2YR
2028,0.2,140678.179648079
1269,1.35,84299.9549239246
6762,0.54,21831.5516942125
1652,1.94,30983.0305068386
318,0.42,86525.9502153861
1998,0.8,95470.9281968169
2527,0.48,61809.6966018788
