index,WaistCircumferenceCm,WTMEC2YR
3860,135.0,27290.2717079479
5080,116.5,60961.623482179
3668,130.5,122013.968424775
6624,87.6,90204.3630335885
80,125.5,149491.377588386
5819,126.1,25233.2610860087
4644,117.6,33244.7349128024
8139,108.6,103433.248183485
2080,108.7,25284.7361793116
