index,BloodMercuryTotalUgl,WTMEC2YR
6770,2.14,45657.6742188217
1143,1.81,25975.5621794793
5895,4.07,16839.8980637202
463,0.2,14385.5937944072
318,0.42,86525.9502153861
5783,0.2,104861.862651831
8202,2.91,50365.0472479157
1998,0.8,95470.9281968169
5332,0.97,60830.2333297191
3505,1.01,54942.7392665328
3338,1.47,114702.453417753
6698,0.37,83144.5693821028
3190,0.36,45454.061147839
5973,0.2,12110.9313113045
