index,BloodMercuryTotalUgl,WTMEC2YR
5332,0.97,60830.2333297191
7107,0.2,46229.8366586924
351,0.29,61809.6966018788
8202,2.91,50365.0472479157
5518,4.68,96170.7051406744
5041,0.57,106182.749252869
7354,0.63,84038.3740839004
