index,BloodMercuryTotalUgl,WTMEC2YR
7726,0.2,58286.5765373617
5603,0.2,125158.750383651
1041,0.73,221581.408308498
2563,0.69,7550.66672764676
8057,0.66,261074.049697366
1902,0.45,79701.21053835
4311,0.43,63810.6544455854
597,0.2,109985.385795053
