index,TakeMedicationForDepression,WTMEC2YR
1760,1.0,10338.6077260073
7726,1.0,58286.5765373617
6373,0.0,49928.9207518923
2620,0.0,46033.6287797881
3468,0.0,8508.61425586369
4570,0.0,30650.3322217631
597,0.0,109985.385795053
337,0.0,217036.354787672
8153,0.0,138654.855751892
7910,0.0,83160.3594188858
4440,0.0,26221.4551486132
4085,0.0,7592.16321481882
5327,0.0,111349.571065096
5603,0.0,125158.750383651
1093,0.0,83451.2105173788
5546,0.0,26273.8696520871
4508,0.0,68264.2018662927
