index,BloodLeadUgdl,WTMEC2YR
8186,0.61,108370.335485934
4635,0.72,135954.264094674
3495,0.5,64634.3111867281
5989,1.49,70428.9288825044
5106,0.72,170220.753982675
2967,0.6,84406.3961619592
1041,0.61,221581.408308498
6196,0.63,49610.5206109334
329,0.82,30310.9605815917
2997,0.53,85280.5209620755
7703,2.06,27642.450150082
6995,0.69,181552.148656495
598,0.29,46743.0967382105
3612,0.39,54873.4236228532
