index,WaistCircumferenceCm,WTMEC2YR
19,82.6,229129.236930365
456,86.9,25928.1372421271
6004,86.2,51720.746860873
3788,91.3,239578.460386789
3614,109.6,48745.9217722376
4485,117.0,128871.432404995
337,115.3,217036.354787672
2337,108.4,33538.2614474371
7571,100.9,93072.6615693225
6072,105.5,101242.476754588
2253,112.7,87990.8679147109
1902,116.8,79701.21053835
5106,97.9,170220.753982675
5322,104.3,158002.053973426
4693,105.2,90241.5060266633
