index,WaistCircumferenceCm,WTMEC2YR
104,113.1,276495.955353976
931,118.2,339593.351323581
6624,87.6,90204.3630335885
1906,100.8,197224.657199677
576,103.8,21373.2781637481
80,125.5,149491.377588386
5100,82.4,11360.8178796371
3244,103.5,16358.5169683336
932,101.7,121762.766094119
