index,BloodLeadUgdl,WTMEC2YR
3404,1.02,16000.9014280867
4111,0.5,79198.531829697
3756,0.87,18131.2309150311
5840,0.44,70350.0026447513
3676,1.47,29492.9205081583
702,0.85,174829.544119193
2859,0.42,134410.400965746
3638,1.83,36930.3541593652
4463,0.73,42799.6258330142
6612,3.16,109731.692769787
