index,BloodLeadUgdl,WTMEC2YR
6379,2.38,278720.986620934
5460,0.3,36573.2483470345
2429,0.42,50551.0827963979
5923,2.19,127791.919413601
1392,0.67,116873.987893286
7478,0.81,49975.7598269447
5137,1.57,33134.4814280855
1895,0.63,126483.30953354
