index,BloodLeadUgdl,WTMEC2YR
8225,0.51,91624.5486346883
8154,1.17,28303.633898695
5106,0.72,170220.753982675
634,1.39,237630.139583614
956,1.69,70988.5013207568
6891,0.48,49193.3599440795
1894,0.42,163797.605829848
