index,WaistCircumferenceCm,WTMEC2YR
6120,109.4,18455.3210880435
2636,131.2,99434.1674296508
2454,110.0,63160.4213128357
6072,105.5,101242.476754588
4434,103.1,21867.2305373883
4343,111.7,14984.3665205436
206,97.0,29350.9691081493
6327,112.0,32339.9888927283
