index,BloodLeadUgdl,WTMEC2YR
8095,0.81,163857.514702973
5871,1.3,47633.0810063909
7734,0.29,195265.932049904
1570,0.44,68219.2088308833
5811,1.28,130915.673529241
2647,1.26,19219.1013161554
7100,0.68,99707.6191821094
6196,0.63,49610.5206109334
