index,BloodManganeseUgl,WTMEC2YR
7532,4.49,166193.522565484
1600,6.02,121002.218689631
1783,10.46,125233.372455346
5903,4.49,41535.1211896088
5230,13.0,214086.933625875
4819,17.33,48020.3705145816
745,10.96,379744.44769473
1902,9.71,79701.21053835
8054,4.66,192084.534630478
8270,12.62,61763.1798695936
1663,10.92,183981.376912143
5137,12.55,33134.4814280855
3700,14.02,20562.2760763707
5815,11.02,188388.363550207
1045,8.68,57107.2137607394
880,11.64,322377.079684728
2159,15.8,177065.638449152
