index,BloodManganeseUgl,WTMEC2YR
7849,6.6,27284.2001026265
5263,10.99,281295.984028268
996,7.19,37744.694180486
8359,6.48,30287.1887305134
1625,7.95,32474.2901712333
18,15.05,126309.823275619
5900,9.34,100106.888745954
3653,10.11,67398.473307363
1358,11.17,24357.0204961017
3942,9.69,216961.084125459
6110,11.53,190541.567962775
6057,10.9,21615.4357515847
3677,8.06,105240.383892715
4942,12.66,197924.026946561
4523,6.83,25910.2193944849
2340,6.88,69169.0898593202
8104,9.78,121635.669672066
