index,BloodManganeseUgl,WTMEC2YR
3659,12.69,67499.8960188999
5744,13.68,88097.6919558968
5535,8.9,46459.7365430318
3513,11.68,114420.514481923
4998,7.01,15674.7221150287
6459,16.05,38527.910247993
2693,12.43,15693.5297862437
1740,10.51,122298.046092623
7966,7.98,35090.0225554341
