index,BloodManganeseUgl,WTMEC2YR
510,11.01,80781.5643739433
4244,19.89,91778.3261933206
693,11.84,85415.0417277532
1041,9.98,221581.408308498
3738,5.15,150979.091301054
3975,11.48,13590.9626070166
4699,11.14,407800.803407575
6538,8.87,143271.638072563
