index,BloodManganeseUgl,WTMEC2YR
2198,13.24,125860.868622171
5638,10.71,159744.430652298
1571,14.61,40615.6861551858
7265,7.32,30392.3344445687
2339,13.23,158660.399731529
4928,11.51,37680.8107784544
4132,7.8,112660.512717485
6237,7.38,17027.9581986976
3772,25.82,282045.668487106
60,15.6,25687.5334744611
