index,BloodManganeseUgl,WTMEC2YR
972,13.44,90562.9978296003
4261,14.1,13981.7489093665
7781,6.62,88192.9699415161
8066,10.47,272498.888663072
5815,11.02,188388.363550207
7310,8.13,85887.6663744877
1618,7.32,99298.3835163364
3841,11.95,237953.755341776
