index,DoctorToldYouHaveDiabetes,WTMEC2YR
7405,0,20413.5079075616
4952,0,66537.5552226029
6758,0,29227.9158487236
8302,0,83354.7055594434
6230,0,268261.513478299
1783,0,125233.372455346
4311,0,63810.6544455854
3513,0,114420.514481923
3462,0,16629.9693984909
6621,0,25049.2514866581
1248,0,80666.8649325279
1361,0,15166.5970853329
6955,0,19152.082355664
8271,0,40904.6431234249
5274,0,15302.2495053932
4460,0,42879.1846872496
6862,0,37216.6079974989
6025,0,79621.8082311023
4475,0,39175.1058804126
1694,0,60065.8848630088
1980,0,24381.338415451
3494,0,26389.5801204697
8255,0,43702.6362399893
5103,0,53728.4222506661
4761,0,16879.0322601821
5226,0,236419.364239932
6634,0,24181.997261765
4765,0,24083.6795195037
8217,0,26101.6008948224
3509,0,89966.575544671
7689,0,111609.790302581
5251,0,27851.9309846296
5839,1,46712.6113995565
2288,0,70180.0098820327
1045,0,57107.2137607394
6492,0,7854.22892629147
2988,0,36569.2960224069
5499,1,20178.8489564957
1943,0,24245.6381929523
