index,DoctorToldYouHaveDiabetes,WTMEC2YR
796,0,37541.8041093911
5226,0,236419.364239932
8255,0,43702.6362399893
4311,0,63810.6544455854
1694,0,60065.8848630088
8302,0,83354.7055594434
5103,0,53728.4222506661
2288,0,70180.0098820327
952,0,12829.5053551578
6230,0,268261.513478299
3513,0,114420.514481923
1677,0,43683.8960060217
3509,0,89966.575544671
1248,0,80666.8649325279
3494,0,26389.5801204697
6025,0,79621.8082311023
6980,0,17576.8805907479
2037,0,29350.9691081493
3462,0,16629.9693984909
1980,0,24381.338415451
1653,0,9262.11460402255
1058,0,38188.307021539
8217,0,26101.6008948224
1783,0,125233.372455346
4475,0,39175.1058804126
5839,1,46712.6113995565
4625,0,30022.9665848995
3142,1,17583.7267480916
2892,1,11623.651816679
7405,0,20413.5079075616
1045,0,57107.2137607394
1355,0,48681.1753694322
3908,0,44775.6015213158
7196,0,27952.7321223339
2988,0,36569.2960224069
8271,0,40904.6431234249
7689,0,111609.790302581
7416,0,17472.0179357805
