index,DoctorToldYouHaveDiabetes,WTMEC2YR
1248,0,80666.8649325279
1783,0,125233.372455346
5251,0,27851.9309846296
6025,0,79621.8082311023
1355,0,48681.1753694322
4625,0,30022.9665848995
8255,0,43702.6362399893
1653,0,9262.11460402255
2272,0,23999.8607867378
