index,DoctorToldYouHaveDiabetes,WTMEC2YR
3492,0,312634.31996995
3291,0,29354.2215566432
1759,0,199593.069619705
5772,0,85390.2571498325
1460,0,300980.757197945
2826,0,93220.9583049731
2867,0,192920.68404484
6939,0,27705.0457606208
4942,0,197924.026946561
4010,0,162321.492391845
6718,0,162335.039909242
6290,1,68581.6294835021
1863,0,84609.9817396486
3129,0,41326.1112848636
5086,0,20311.6616386059
6944,0,26736.7418391379
3279,0,10835.0926115205
