index,DoctorToldYouHaveDiabetes,WTMEC2YR
6836,0,51148.7930987336
3953,0,45896.4352418698
7382,0,27419.0467090216
807,0,37793.4129736538
6718,0,162335.039909242
903,0,104368.121846723
271,0,28239.3021044285
2650,0,93317.2061947006
3899,0,19866.5423036674
4080,0,273574.816008904
3568,0,182239.805595385
6784,0,236115.078498818
1976,0,115815.10712497
2867,0,192920.68404484
7788,0,13873.4054687988
4124,0,76386.673391427
4011,0,113643.612373712
5135,0,251699.870795621
