index,DoctorToldYouHaveDiabetes,WTMEC2YR
4654,0,101151.902525581
2382,0,30344.8691689553
2927,0,28406.9231848449
41,0,28801.6358998112
260,0,104437.397609319
8222,0,28334.4006052487
8024,0,24869.955984035
5161,0,20890.8015897977
5610,0,34380.3262495655
7682,0,106978.054210581
8054,0,192084.534630478
7914,0,52282.6536350852
4340,1,31932.5881496489
7920,0,100184.042372012
4346,0,16974.2951078418
2650,0,93317.2061947006
4014,0,51197.0622169154
3823,0,41944.234318639
4233,0,21121.2027191553
