index,BloodMercuryTotalUgl,WTMEC2YR
7871,0.31,82679.4152540597
1204,0.2,22188.9975152438
1087,1.68,34671.186954796
1308,1.0,39035.5216506079
7719,0.3,37858.472466356
1472,0.2,96526.6115810372
7876,1.22,97707.2001157164
