index,DoctorToldYouHaveDiabetes,WTMEC2YR
838,0,180878.018051287
1729,0,59997.4180165448
58,0,75727.2715898599
4067,0,112605.822301529
2288,0,70180.0098820327
472,0,53256.0751501364
3782,0,26550.0576207612
