index,BloodMercuryTotalUgl,WTMEC2YR
7764,0.67,11783.338422236
2154,0.62,113673.994264032
5518,4.68,96170.7051406744
4356,1.06,65509.8361944109
2253,0.67,87990.8679147109
5616,0.66,181531.267242831
6103,0.33,47992.445628924
