index,DoctorToldYouHaveDiabetes,WTMEC2YR
5547,0,34578.9521191975
3321,0,54504.6449574674
260,0,104437.397609319
5330,0,104368.121846723
2147,0,20635.8467326305
4071,0,34380.3262495655
8076,0,128054.115796174
