index,DoctorToldYouHaveDiabetes,WTMEC2YR
4650,0,68916.2960161287
1888,0,16236.9923495815
5271,0,137734.386956601
2826,0,93220.9583049731
2020,0,14778.6943079545
6761,0,78997.0445453924
5772,0,85390.2571498325
5199,0,27935.3295580942
