index,DoctorToldYouHaveDiabetes,WTMEC2YR
4508,0,68264.2018662927
2636,1,99434.1674296508
52,1,212848.251290738
4124,0,76386.673391427
1323,0,21756.8697604609
3376,0,68431.69656516
2122,1,23329.8230975113
6271,0,49571.8928142366
4440,0,26221.4551486132
6041,0,20960.7487069498
5327,0,111349.571065096
5332,0,60830.2333297191
6235,0,107744.011062948
6210,1,33221.7021094102
597,0,109985.385795053
7246,0,23163.5603114355
311,1,10837.0361478504
