index,DoctorToldYouHaveDiabetes,WTMEC2YR
5327,0,111349.571065096
4124,0,76386.673391427
6518,0,34730.5920427559
1093,0,83451.2105173788
5343,1,30681.0205287227
6271,0,49571.8928142366
