index,BloodMercuryTotalUgl,WTMEC2YR
318,0.42,86525.9502153861
4026,0.47,107122.806839875
6770,2.14,45657.6742188217
3505,1.01,54942.7392665328
5562,0.2,64760.9782811715
7015,0.2,57394.208279958
5041,0.57,106182.749252869
7633,0.55,13808.2598892081
6350,0.2,90424.8773819806
5708,0.54,28081.1338722042
6465,2.58,37989.3424635332
7671,0.2,77338.1587014857
1025,0.28,75340.2066268465
2631,0.89,15903.189721298
