index,BloodMercuryTotalUgl,WTMEC2YR
2028,0.2,140678.179648079
7354,0.63,84038.3740839004
6083,0.2,46483.4087934268
325,0.75,35077.3723134094
60,0.45,25687.5334744611
1532,0.2,27776.0739945173
4026,0.47,107122.806839875
6905,0.71,41456.1424839427
1277,1.62,74951.398856718
7671,0.2,77338.1587014857
5783,0.2,104861.862651831
7832,0.39,56232.6785726905
6457,1.46,18581.7560480309
4950,0.47,14814.6698860813
7356,0.58,11804.379514489
3338,1.47,114702.453417753
