index,BloodMercuryTotalUgl,WTMEC2YR
5484,1.05,23012.066507356
318,0.42,86525.9502153861
5518,4.68,96170.7051406744
1269,1.35,84299.9549239246
1025,0.28,75340.2066268465
6350,0.2,90424.8773819806
8256,4.49,14560.5720222213
7395,0.72,31996.4535988932
5955,0.47,50866.1320975286
3338,1.47,114702.453417753
7676,0.2,75727.2715898599
4586,0.39,23020.9697614744
7354,0.63,84038.3740839004
