index,BloodMercuryTotalUgl,WTMEC2YR
351,0.29,61809.6966018788
3750,0.33,30118.4507108523
7676,0.2,75727.2715898599
1277,1.62,74951.398856718
3338,1.47,114702.453417753
5708,0.54,28081.1338722042
7671,0.2,77338.1587014857
