index,BloodMercuryTotalUgl,WTMEC2YR
3220,0.36,25194.4470744301
6083,0.2,46483.4087934268
4026,0.47,107122.806839875
8050,0.32,44927.6402368925
7377,0.3,39056.5041100171
3750,0.33,30118.4507108523
1361,0.42,15166.5970853329
8202,2.91,50365.0472479157
