index,BloodMercuryTotalUgl,WTMEC2YR
463,0.2,14385.5937944072
4597,0.2,39350.1194942164
1532,0.2,27776.0739945173
6350,0.2,90424.8773819806
4652,0.86,35897.0112687014
318,0.42,86525.9502153861
6439,0.2,23278.6864694178
6526,0.75,37544.6961837736
