index,TakeMedicationForDepression,WTMEC2YR
4289,1.0,46580.1082181118
4508,0.0,68264.2018662927
5058,0.0,62405.1023901247
1976,0.0,115815.10712497
7299,0.0,54932.6570721653
5964,0.0,156240.057335583
6687,1.0,39292.9221847729
4403,0.0,123871.22022007
360,0.0,53456.3241371805
1109,0.0,90967.3796258704
817,0.0,78281.8750170408
8266,0.0,235360.4668174
5944,0.0,11257.3975520344
7904,0.0,109905.332907733
1650,0.0,75823.2953275086
