index,TakeMedicationForDepression,WTMEC2YR
378,0.0,177352.782966259
3298,0.0,11846.9825499543
4495,0.0,116488.255366268
867,1.0,181104.408586445
6414,0.0,62446.3086939857
5135,1.0,251699.870795621
2954,0.0,16550.9628523258
3830,1.0,164921.144740659
3209,0.0,10563.9192248826
5147,0.0,189142.302948911
6603,0.0,185328.33125808
838,0.0,180878.018051287
2054,0.0,31497.4803274885
1715,0.0,172750.291185162
1618,1.0,99298.3835163364
7159,0.0,13399.1870655204
