index,WeightKg,WTMEC2YR
7812,65.0,64172.7906131665
7743,48.1,25523.5618396733
8091,51.8,86149.5574214378
1300,63.2,114410.989659088
4132,58.1,112660.512717485
2551,56.3,109756.75970328
6533,69.7,35617.3423300845
3922,64.6,28756.7848497923
1772,78.6,110792.560254817
7682,65.2,106978.054210581
5808,50.6,70149.7620182459
5221,76.7,155778.335889233
3434,66.5,151788.472407606
