index,TakingInsulinNow,WTMEC2YR
4751,1.0,60764.5145549238
2122,1.0,23329.8230975113
1625,0.0,32474.2901712333
6210,1.0,33221.7021094102
1902,1.0,79701.21053835
1566,1.0,27937.1752801487
2240,1.0,17344.9965454269
1041,0.0,221581.408308498
3293,0.0,117212.515513979
4644,1.0,33244.7349128024
