index,BloodMercuryTotalUgl,WTMEC2YR
4197,2.02,36100.1328359427
2563,0.69,7550.66672764676
4508,1.12,68264.2018662927
7671,0.2,77338.1587014857
597,0.2,109985.385795053
5809,1.99,139598.139341172
3668,0.73,122013.968424775
