index,BloodMercuryTotalUgl,WTMEC2YR
6333,0.5,25073.4768852566
3376,0.2,68431.69656516
6060,0.56,33288.4452951842
3879,1.0,29760.0288459961
4210,1.91,13956.1593218983
8106,0.36,30459.6023349621
4508,1.12,68264.2018662927
