index,BloodLeadUgdl,WTMEC2YR
3819,0.41,31445.6783587235
7810,0.68,270740.371801942
1607,0.33,128366.144125928
6053,0.57,120284.199006586
8054,1.35,192084.534630478
5700,2.18,32729.9849042348
3966,1.14,185712.655316152
883,0.24,144629.713938186
1692,0.85,74480.8150764318
7353,1.0,37082.3655787845
1301,2.14,169435.34266015
4154,0.37,188854.266624504
4723,0.83,115017.825207457
