index,BloodCadmiumUgl,WTMEC2YR
5977,0.24,50221.5716433851
6949,1.02,32913.6879839176
5739,0.26,19433.8804957096
6473,0.87,66143.5216388579
1287,1.23,35594.1579646281
5888,0.16,18917.9376939852
2650,0.77,93317.2061947006
3812,4.09,95237.1089077765
1136,0.37,17117.2827744103
6515,0.36,16672.2515370214
6271,3.88,49571.8928142366
518,0.07,46352.6502246446
3526,0.22,149277.884114151
7828,0.25,11023.2566800586
4300,0.37,29201.7989757431
1339,0.17,25109.4446605525
