index,BloodLeadUgdl,WTMEC2YR
6612,3.16,109731.692769787
6107,0.38,20472.0109773745
7101,0.5,122835.71954983
2257,1.07,183186.215254314
4825,0.78,207632.217068353
4893,1.1,154220.762874309
262,1.15,123408.308538609
4741,0.96,54886.8181179087
4493,1.2,35376.7292675614
5926,1.67,219486.01786196
7361,0.5,104496.093647699
3078,0.54,45962.985031042
1599,0.77,192201.585066586
