index,BloodLeadUgdl,WTMEC2YR
6616,0.96,42595.9820464446
104,0.75,276495.955353976
1400,1.41,24007.3456533744
651,0.72,203108.114423791
8055,0.31,118521.430603195
631,1.23,29472.8001020108
2078,0.46,63637.8262330138
2775,0.94,13033.17263032
254,1.37,95031.561744197
