index,BloodCadmiumUgl,WTMEC2YR
6267,0.07,129734.098069844
1371,0.18,45185.5740309738
4568,0.87,43906.0947044856
6592,0.2,302433.214834838
798,0.18,112979.113574068
2718,0.3,77398.3634740178
139,0.27,253429.471575049
6495,0.24,39547.3685270843
