index,BloodCadmiumUgl,WTMEC2YR
3267,0.07,33003.9345943361
2334,0.23,159083.836723411
1549,0.23,271806.566726651
4823,0.07,282808.747077932
2486,0.18,156022.484952848
1239,0.4,48210.31432416
3568,0.13,182239.805595385
