index,BloodCadmiumUgl,WTMEC2YR
5147,0.52,189142.302948911
4325,0.13,29120.2643673441
2702,0.19,57191.3547286479
3636,4.57,116445.203712449
81,0.14,269609.43379549
5221,1.03,155778.335889233
6004,0.07,51720.746860873
3434,0.23,151788.472407606
5500,0.51,28342.7613263653
