index,BloodLeadUgdl,WTMEC2YR
5421,0.73,17818.0355097779
6683,0.45,219800.515907889
3946,1.07,192913.74013985
8318,2.01,16068.0463280809
3081,1.58,208401.416600525
5402,1.14,65771.9589304709
2629,1.27,108610.793474713
7796,0.41,58868.3577951692
1687,0.34,23502.9129653266
