index,HaveSeriousDifficultyConcentrating,WTMEC2YR
378,0.0,177352.782966259
813,0.0,15685.0376216213
3464,0.0,14868.6994287751
8183,1.0,53827.723222393
3739,0.0,13085.7902010639
3645,0.0,36035.7063116572
141,0.0,95014.1410621128
4802,0.0,27255.516073098
1600,0.0,121002.218689631
1630,0.0,192081.547251249
2474,0.0,253619.35600209
3124,0.0,108815.635934638
135,1.0,137884.509474123
5743,0.0,152959.686185785
1687,1.0,23502.9129653266
8310,0.0,80576.8823374625
