index,HaveSeriousDifficultyConcentrating,WTMEC2YR
966,0.0,37869.6656773812
1138,0.0,82650.2935401507
135,1.0,137884.509474123
1797,0.0,226816.64246876
6612,0.0,109731.692769787
5090,0.0,41007.8643584201
6985,0.0,152233.743097782
1650,0.0,75823.2953275086
894,0.0,151447.55169619
5483,0.0,84725.3473127015
702,0.0,174829.544119193
634,0.0,237630.139583614
7295,0.0,257298.589682116
