index,HaveSeriousDifficultyConcentrating,WTMEC2YR
1932,1.0,151305.124969893
135,1.0,137884.509474123
1138,0.0,82650.2935401507
7616,0.0,10063.4627266823
5743,0.0,152959.686185785
5940,0.0,23635.1118597326
3247,1.0,196978.684371954
