index,HaveSeriousDifficultyConcentrating,WTMEC2YR
378,0.0,177352.782966259
2685,0.0,173431.037273958
7722,0.0,17931.3700061383
1988,0.0,32116.9261231732
1650,0.0,75823.2953275086
846,1.0,66671.8986936302
5175,0.0,96775.6462840563
282,0.0,125331.603623969
6562,1.0,162895.797149377
7658,0.0,75466.8956122624
7378,0.0,225011.218730725
5743,0.0,152959.686185785
867,1.0,181104.408586445
5047,0.0,38079.4944852573
1932,1.0,151305.124969893
