index,HaveSeriousDifficultyConcentrating,WTMEC2YR
7378,0.0,225011.218730725
1797,0.0,226816.64246876
8242,0.0,157843.83441735
6612,0.0,109731.692769787
1133,0.0,41566.8544182815
7600,0.0,30871.0735320692
817,0.0,78281.8750170408
4434,0.0,21867.2305373883
1600,0.0,121002.218689631
4723,0.0,115017.825207457
2296,0.0,30392.5598743363
3242,0.0,34250.507044201
847,0.0,56442.2544033761
7295,0.0,257298.589682116
3247,1.0,196978.684371954
