index,CoveredByHealthInsurance,WTMEC2YR
6467,1.0,151132.153271412
2259,0.0,55698.23768138
1222,1.0,30553.2177446913
7938,1.0,14119.1882650737
5276,1.0,17045.9958114536
5236,1.0,12760.3788249066
8075,1.0,6162.88205428953
1902,1.0,79701.21053835
5424,1.0,71078.6551974057
2392,1.0,73026.1708821077
5603,1.0,125158.750383651
7571,0.0,93072.6615693225
6247,1.0,43860.6655419532
856,1.0,27097.9239253829
6072,1.0,101242.476754588
156,1.0,20486.5287680835
2456,1.0,17932.6803419765
