index,CoveredByHealthInsurance,WTMEC2YR
2392,1.0,73026.1708821077
80,1.0,149491.377588386
3884,1.0,71302.9841618051
6069,1.0,58845.1726589731
7790,1.0,36755.8519809876
4985,1.0,12119.7352007647
1091,1.0,62568.658214422
1315,1.0,12772.0237166576
4644,1.0,33244.7349128024
856,1.0,27097.9239253829
5434,1.0,176836.544071642
2259,0.0,55698.23768138
5603,1.0,125158.750383651
2394,1.0,67552.7128239078
3550,1.0,76614.6063556271
