index,CoveredByHealthInsurance,WTMEC2YR
4751,1.0,60764.5145549238
930,1.0,72154.6507071293
1331,1.0,36636.6753573719
7016,0.0,21503.6771811156
6625,1.0,110963.928550483
2080,1.0,25284.7361793116
1566,1.0,27937.1752801487
5603,1.0,125158.750383651
5424,1.0,71078.6551974057
