index,CoveredByHealthInsurance,WTMEC2YR
1814,1.0,11821.7318394039
4434,1.0,21867.2305373883
1870,1.0,9007.53515912817
687,1.0,11218.0687921093
1880,1.0,12822.793268394
2837,1.0,22527.3427344844
