index,WeightKg,WTMEC2YR
7062,92.5,172915.577837413
1424,115.8,189007.85930351
1078,126.5,268265.450567731
4614,125.9,111536.494072976
5878,94.9,294436.247388358
483,94.0,133053.323479069
797,93.8,33257.7951825021
5999,119.2,53476.2519192366
1770,105.1,125725.302119431
5115,108.0,32083.9481244776
2055,103.3,143154.069456553
6262,96.4,93068.6381013904
7781,87.3,88192.9699415161
1527,100.1,70245.5005293764
1410,111.8,9228.07631148791
