index,EverToldYouHadCancerOrMalignancy,WTMEC2YR
3312,0.0,94087.0934374869
887,0.0,97289.0672070798
5005,0.0,127772.450261739
1024,0.0,66507.8410675663
7883,0.0,75500.5094477248
4075,0.0,44179.199699321
