index,EverToldYouHadCancerOrMalignancy,WTMEC2YR
1073,0.0,25124.3391141673
3312,0.0,94087.0934374869
7862,0.0,61981.572262444
7423,0.0,98240.4272540408
6185,0.0,75035.5640439237
5005,0.0,127772.450261739
