index,EverToldYouHadCancerOrMalignancy,WTMEC2YR
8233,0.0,49536.0762937503
6990,0.0,34876.4457427191
5699,0.0,35605.1591203172
120,0.0,52561.2638436962
1211,0.0,9382.88056623304
887,0.0,97289.0672070798
5005,0.0,127772.450261739
6832,0.0,176978.890602464
