index,EverToldYouHadCancerOrMalignancy,WTMEC2YR
5963,0.0,155897.824093287
974,0.0,32046.9578186673
7423,0.0,98240.4272540408
1437,0.0,69316.3271941216
1558,0.0,373049.101439956
7706,0.0,156305.081343801
6185,0.0,75035.5640439237
682,0.0,76619.6945714018
5511,0.0,115821.695412551
2664,0.0,19110.8363412515
7883,0.0,75500.5094477248
