index,WeightKg,WTMEC2YR
3884,86.5,71302.9841618051
5603,95.8,125158.750383651
3560,80.9,42232.518601434
5588,92.5,170077.084138516
1579,116.3,16474.4932448534
7781,87.3,88192.9699415161
5304,95.6,51182.8003976917
