index,WeightKg,WTMEC2YR
4614,125.9,111536.494072976
3560,80.9,42232.518601434
7847,79.2,21062.3894390507
6241,108.9,22179.593269615
414,120.5,7880.07096387852
7092,86.8,35668.2949948452
2735,98.4,22546.7939945039
7320,103.1,81998.3231950013
