index,WeightKg,WTMEC2YR
495,135.5,60519.9353479255
7325,80.4,56533.5842701581
5588,92.5,170077.084138516
2045,102.1,87316.1815413504
5115,108.0,32083.9481244776
447,100.6,47206.9649849021
3560,80.9,42232.518601434
