index,WeightKg,WTMEC2YR
5878,94.9,294436.247388358
5882,98.0,29143.8748905268
7685,118.5,74080.8568477193
6719,94.5,65304.1230824253
7781,87.3,88192.9699415161
5603,95.8,125158.750383651
5720,130.7,255038.380989282
931,102.0,339593.351323581
6103,104.5,47992.445628924
5362,179.2,131784.670882851
