index,WeightKg,WTMEC2YR
3659,58.5,67499.8960188999
1301,49.2,169435.34266015
3293,56.3,117212.515513979
1076,65.2,44385.273749512
5430,77.4,46738.0209106042
1041,69.5,221581.408308498
5952,49.8,56769.0616654709
6686,47.6,125625.841523287
2477,56.4,105032.384813012
4647,56.5,34288.9353615471
6562,70.1,162895.797149377
2783,51.2,51942.385284526
1021,56.7,28959.6690847651
4221,58.9,11198.8956701397
416,40.4,15137.1590362731
1960,53.8,30510.5525828713
