index,HaveSeriousDifficultyConcentrating,WTMEC2YR
4425,1.0,47433.8328688509
8055,0.0,118521.430603195
6544,0.0,75167.3389155204
3117,0.0,111710.037958354
1827,0.0,86808.8263083968
2872,1.0,44997.6426026298
7726,1.0,58286.5765373617
1472,0.0,96526.6115810372
1465,0.0,239893.12382842
6686,1.0,125625.841523287
2783,0.0,51942.385284526
7310,0.0,85887.6663744877
5952,0.0,56769.0616654709
6687,0.0,39292.9221847729
4445,0.0,94086.3278703975
