index,HaveSeriousDifficultyConcentrating,WTMEC2YR
6686,1.0,125625.841523287
1041,1.0,221581.408308498
2921,0.0,82185.7380061469
1779,0.0,103584.86334948
6186,0.0,288489.404981519
6499,0.0,41459.1428509424
3937,0.0,49054.1948943029
2763,0.0,30933.969242785
1827,0.0,86808.8263083968
84,1.0,34146.6944942787
3659,0.0,67499.8960188999
1960,1.0,30510.5525828713
6721,0.0,93850.454669837
7842,0.0,26532.0214930019
1301,1.0,169435.34266015
2373,0.0,123868.246903015
6303,0.0,171414.649051174
