index,BloodCadmiumUgl,WTMEC2YR
317,0.3,9984.41213147759
5638,0.71,159744.430652298
7970,0.15,52214.9148669135
5710,1.24,152100.041311101
3486,0.07,27400.9772095476
7684,0.22,17744.145079077
809,0.18,94067.0601299042
2861,0.52,144910.515020423
3982,0.25,90876.6006426663
149,0.43,61180.7407817132
1663,0.07,183981.376912143
6175,0.12,68845.4483157131
6205,0.28,221823.418900595
3425,0.13,145245.336904958
4814,0.18,169187.246265028
1753,0.16,67267.6252176093
781,0.19,65859.4010772467
