index,HaveSeriousDifficultyConcentrating,WTMEC2YR
3618,0.0,25182.3997155242
7719,1.0,37858.472466356
3570,0.0,52771.6831659158
6354,1.0,50394.2966911037
84,1.0,34146.6944942787
649,1.0,88807.9178653374
6105,1.0,62243.9903132519
617,1.0,92610.2262433804
1153,0.0,43324.1706938908
1200,0.0,104165.340707295
522,0.0,70663.7939777689
1566,0.0,27937.1752801487
5848,1.0,31681.3864044407
