index,HaveSeriousDifficultyConcentrating,WTMEC2YR
6186,0.0,288489.404981519
6265,0.0,310518.388487575
6375,0.0,180912.90521603
3136,0.0,14716.9337409178
6303,0.0,171414.649051174
73,0.0,43102.5624077064
3752,1.0,161213.584692293
3659,0.0,67499.8960188999
6976,0.0,152367.631364916
686,0.0,306375.581076064
8066,0.0,272498.888663072
7906,1.0,93072.6615693225
1634,0.0,77738.7393525174
790,0.0,63027.5510543883
6081,0.0,10074.1970754609
3129,1.0,41326.1112848636
