index,BloodCadmiumUgl,WTMEC2YR
4125,0.2,22652.1935548881
5824,0.1,205345.204393881
488,0.18,276067.658588646
6966,0.96,41483.6741697124
2861,0.52,144910.515020423
6100,0.23,75376.6932357104
1200,0.12,104165.340707295
3081,0.18,208401.416600525
2537,0.15,151807.382074802
2316,0.3,154549.275510269
4644,0.28,33244.7349128024
3330,0.45,21401.7951203153
5020,0.18,45508.5250845582
5795,0.21,123426.870971329
3908,1.03,44775.6015213158
7645,0.1,37663.0349519361
