index,BloodCadmiumUgl,WTMEC2YR
3224,0.34,48256.9706149095
1780,0.18,85517.1605263277
2636,0.07,99434.1674296508
5904,0.54,43245.3880483784
1717,0.42,176836.544071642
665,0.07,37751.5351487187
357,0.18,167220.69884342
