index,BloodCadmiumUgl,WTMEC2YR
208,0.1,125800.888013629
2438,0.07,60625.9659083938
5321,0.21,125218.485607075
8284,1.82,121635.669672066
5367,0.29,272076.78341954
2055,0.21,143154.069456553
8099,0.07,245535.954021965
3289,0.45,88937.1678854062
