index,HaveSeriousDifficultyConcentrating,WTMEC2YR
4026,1.0,107122.806839875
5044,0.0,24867.2643803974
3937,0.0,49054.1948943029
1200,0.0,104165.340707295
2763,0.0,30933.969242785
5488,0.0,60451.9685501576
186,1.0,29226.8688994036
