index,HaveSeriousDifficultyConcentrating,WTMEC2YR
1309,0.0,221220.827941338
104,0.0,276495.955353976
7009,0.0,207829.112758375
2211,1.0,53061.5173869783
8095,0.0,163857.514702973
1041,1.0,221581.408308498
5135,0.0,251699.870795621
3096,1.0,64075.2001635446
7314,0.0,251900.62631846
