index,HaveSeriousDifficultyConcentrating,WTMEC2YR
2112,0.0,58128.277435178
6303,0.0,171414.649051174
1465,0.0,239893.12382842
5144,0.0,21062.3894390507
2551,0.0,109756.75970328
1203,0.0,303381.147365378
7009,0.0,207829.112758375
5332,1.0,60830.2333297191
