index,HaveSeriousDifficultyConcentrating,WTMEC2YR
6303,0.0,171414.649051174
567,0.0,124622.594935855
6186,0.0,288489.404981519
1076,1.0,44385.273749512
2902,0.0,54765.7157613431
3846,0.0,59165.9873414387
1203,0.0,303381.147365378
617,1.0,92610.2262433804
