index,HaveSeriousDifficultyConcentrating,WTMEC2YR
2341,0.0,133368.525340242
8079,0.0,54215.6916724823
6060,1.0,33288.4452951842
437,0.0,171391.170398074
7185,1.0,135728.620785782
6186,0.0,288489.404981519
2704,0.0,231584.695301426
5811,0.0,130915.673529241
