index,BloodCadmiumUgl,WTMEC2YR
2580,0.21,43805.4870501756
5370,0.22,307165.26008922
2142,1.19,200294.735191465
5512,0.18,18113.7978745509
1894,0.26,163797.605829848
3655,0.16,141308.633775769
5824,0.1,205345.204393881
2780,0.19,27182.8711318027
