index,BloodMercuryTotalUgl,WTMEC2YR
2194,0.76,137734.386956601
8082,1.01,142549.019577187
290,0.2,38278.9080769788
6414,0.33,62446.3086939857
4636,1.02,66568.2739181378
2889,0.92,58734.1841344179
6265,4.25,310518.388487575
211,0.2,124429.455375418
6025,0.57,79621.8082311023
4213,2.9,179458.83807451
1297,0.97,58268.5657974819
7814,0.87,40944.6825522197
4230,0.2,15875.2979831674
3663,3.79,60686.0509230392
5253,12.18,27241.4709268891
8180,0.47,208037.731874754
