index,BloodMercuryTotalUgl,WTMEC2YR
6329,0.2,142001.400958086
1312,0.73,20336.379133557
211,0.2,124429.455375418
3594,1.96,35826.3322825042
2194,0.76,137734.386956601
6375,7.52,180912.90521603
745,1.02,379744.44769473
7097,0.76,84653.1405310521
6421,1.33,102822.184903191
6265,4.25,310518.388487575
3266,2.71,111795.526787731
1294,1.16,26440.8522078181
4213,2.9,179458.83807451
5463,1.01,42996.3199505155
2894,0.9,60240.9782191194
1437,0.34,69316.3271941216
6172,2.29,16508.6408158531
