index,BloodMercuryTotalUgl,WTMEC2YR
7250,0.43,53178.881535384
2448,0.41,79430.7796301913
2134,2.0,17359.4315005197
4041,0.32,265329.632565462
2889,0.92,58734.1841344179
4308,0.7,24193.7816311714
2007,0.87,122050.146454685
4213,2.9,179458.83807451
290,0.2,38278.9080769788
6480,1.07,11969.0132921737
