index,BloodCadmiumUgl,WTMEC2YR
944,0.44,30663.6187482159
4577,0.14,154923.393857915
5370,0.22,307165.26008922
6773,0.11,79471.5441371635
488,0.18,276067.658588646
8044,0.53,21044.5226882506
4213,0.16,179458.83807451
4097,0.64,41238.259354585
2934,0.41,202666.607385467
