index,EverToldYouHadHeartAttack,WTMEC2YR
2151,0.0,17926.6732368178
674,1.0,27701.0644355858
357,0.0,167220.69884342
3738,0.0,150979.091301054
2916,0.0,78719.4583498247
6467,0.0,151132.153271412
6891,0.0,49193.3599440795
831,1.0,52103.4560518576
