index,BloodCadmiumUgl,WTMEC2YR
3521,0.25,306729.710255991
701,0.22,132837.618885183
806,0.44,128916.297249741
7850,0.21,37136.6916351159
2629,0.47,108610.793474713
888,0.57,227337.6812928
2688,0.2,114805.424010237
