index,EverToldYouHadHeartAttack,WTMEC2YR
5352,0.0,46559.2724420144
8057,1.0,261074.049697366
5106,0.0,170220.753982675
5078,0.0,35679.8055789298
7027,0.0,77940.0058553327
4269,0.0,10607.7368571335
6467,0.0,151132.153271412
7052,0.0,19468.1744139352
5720,0.0,255038.380989282
