index,EverToldYouHadHeartAttack,WTMEC2YR
1551,1.0,14932.750754647
831,1.0,52103.4560518576
2337,0.0,33538.2614474371
3482,0.0,69809.6693055092
1330,0.0,41313.0330190746
121,0.0,5139.67813386844
7239,0.0,98047.7079251729
3668,1.0,122013.968424775
7064,0.0,59601.0049043875
