index,EverToldYouHadHeartAttack,WTMEC2YR
6840,0.0,46395.9563508233
2454,0.0,63160.4213128357
5106,0.0,170220.753982675
2257,0.0,183186.215254314
6625,0.0,110963.928550483
80,0.0,149491.377588386
8285,0.0,129217.182631719
