index,EverToldYouHadHeartAttack,WTMEC2YR
4445,0.0,94086.3278703975
3238,0.0,18055.2854203829
8338,0.0,66729.301086536
5999,0.0,53476.2519192366
7946,0.0,81340.0528599526
2425,0.0,21581.1377934107
2454,0.0,63160.4213128357
799,0.0,11716.8427403831
5057,0.0,38482.77556886
5481,0.0,9930.91233070202
