index,EverToldYouHadHeartAttack,WTMEC2YR
6247,0.0,43860.6655419532
1689,0.0,65525.8034283383
7584,0.0,35513.671619382
941,0.0,52989.6381017721
6290,0.0,68581.6294835021
6262,0.0,93068.6381013904
2636,1.0,99434.1674296508
5814,1.0,11453.7285018772
