index,WaistCircumferenceCm,WTMEC2YR
6222,133.2,15876.4571294845
1800,92.2,7368.48305668256
1902,116.8,79701.21053835
2910,113.5,284989.445851707
4372,113.8,15117.5975722344
175,119.3,36342.5742950214
3668,130.5,122013.968424775
8139,108.6,103433.248183485
3108,91.7,30927.8978904449
4434,103.1,21867.2305373883
1091,106.4,62568.658214422
6965,118.3,67943.0604115963
6072,105.5,101242.476754588
80,125.5,149491.377588386
2596,118.9,39304.6464072963
7318,111.5,45531.119837222
1669,114.7,57787.5361604703
5574,95.0,6408.79588507273
2197,101.2,30835.6534537723
3952,106.6,37858.472466356
7971,100.1,22149.4352249255
1743,118.5,8760.33282669276
2394,107.8,67552.7128239078
6247,104.2,43860.6655419532
5916,100.4,45824.1053315667
2326,99.5,7365.40892380169
5903,105.3,41535.1211896088
6625,111.8,110963.928550483
8171,106.9,55634.972264129
7249,101.9,38238.4687385411
5603,116.0,125158.750383651
4483,113.2,33612.8511662752
1563,163.6,32304.8697675371
604,83.7,249636.771221841
1424,128.2,189007.85930351
2166,119.8,39060.2220959127
6467,117.2,151132.153271412
7270,95.0,126474.184331103
