index,WaistCircumferenceCm,WTMEC2YR
1902,116.8,79701.21053835
5080,116.5,60961.623482179
4483,113.2,33612.8511662752
5115,127.5,32083.9481244776
80,125.5,149491.377588386
5881,87.0,24595.2902618341
8163,115.8,10346.8264074022
1202,84.8,8982.48866070371
7046,88.8,16248.1122261523
604,83.7,249636.771221841
7270,95.0,126474.184331103
1771,118.5,9471.82604111725
2910,113.5,284989.445851707
4434,103.1,21867.2305373883
5424,108.5,71078.6551974057
3459,97.5,60482.0408601191
6120,109.4,18455.3210880435
7318,111.5,45531.119837222
1669,114.7,57787.5361604703
1884,102.4,35452.470348723
2791,88.9,11694.1549809815
10,118.4,15479.5811980259
1940,122.0,21498.0767009936
7249,101.9,38238.4687385411
1091,106.4,62568.658214422
7823,103.6,25332.0716863834
6069,111.5,58845.1726589731
1161,142.4,42096.4408111257
7817,144.0,38278.9080769788
6625,111.8,110963.928550483
6624,87.6,90204.3630335885
7016,115.0,21503.6771811156
6057,129.3,21615.4357515847
5819,126.1,25233.2610860087
7571,100.9,93072.6615693225
8249,118.6,17527.9933545836
6561,116.8,23458.9737667025
2394,107.8,67552.7128239078
1236,98.9,32650.3002910157
7559,100.8,50812.4699102768
533,137.9,48102.9518518529
799,94.3,11716.8427403831
7790,131.7,36755.8519809876
2335,118.7,29891.7061879697
1874,146.9,23053.3591555915
5434,114.1,176836.544071642
8139,108.6,103433.248183485
1424,128.2,189007.85930351
2197,101.2,30835.6534537723
4372,113.8,15117.5975722344
7535,124.1,16703.9672392338
3550,103.6,76614.6063556271
7742,121.1,21961.5662473761
5698,108.4,41832.6876556029
3012,93.4,61835.4696824814
1870,113.0,9007.53515912817
3011,90.5,19144.756782921
6072,105.5,101242.476754588
6467,117.2,151132.153271412
4261,103.4,13981.7489093665
