index,BloodCadmiumUgl,WTMEC2YR
480,0.23,35107.2223206505
2055,0.21,143154.069456553
2373,0.21,123868.246903015
7689,2.52,111609.790302581
6784,0.31,236115.078498818
2249,0.62,207852.912081517
205,0.23,155035.582452211
838,0.17,180878.018051287
488,0.18,276067.658588646
6289,0.36,47558.3281920548
3853,0.47,70528.6030809053
3094,0.29,110616.399477862
1932,0.75,151305.124969893
3097,0.21,39741.3315382687
