index,BloodCadmiumUgl,WTMEC2YR
7706,0.07,156305.081343801
5434,0.14,176836.544071642
5608,0.14,44542.5550838688
8188,0.19,59372.6722664267
4106,0.13,100444.738040675
6544,0.14,75167.3389155204
7423,0.19,98240.4272540408
3982,0.25,90876.6006426663
3621,0.24,308134.405321506
1626,1.09,78101.4844425178
2587,0.21,69702.8795367565
1982,0.95,77577.614233409
3685,0.07,118184.756400046
7818,0.07,47988.9959753375
