index,BloodCadmiumUgl,WTMEC2YR
7574,0.23,24661.1541391171
8266,0.2,235360.4668174
1960,1.73,30510.5525828713
5878,0.23,294436.247388358
7009,0.18,207829.112758375
2249,0.62,207852.912081517
205,0.23,155035.582452211
2218,0.38,100348.318986344
1438,0.18,35094.2197085605
4359,0.1,26261.0525479543
1715,0.21,172750.291185162
7253,0.25,51710.3233581536
2924,0.29,122013.968424775
2943,0.16,103875.25737014
1827,0.21,86808.8263083968
