index,BloodCadmiumUgl,WTMEC2YR
1313,0.34,76480.1826415161
649,0.33,88807.9178653374
1200,0.12,104165.340707295
7948,0.49,21789.6546306639
8099,0.07,245535.954021965
887,0.32,97289.0672070798
495,0.07,60519.9353479255
5824,0.1,205345.204393881
3125,0.27,51705.5309171598
2861,0.52,144910.515020423
3567,0.07,62114.8027488631
5998,0.8,47700.0873345667
7298,0.23,23040.3995506711
3675,0.13,58566.062016304
229,0.22,73404.0838819979
