index,BloodCadmiumUgl,WTMEC2YR
6599,0.12,80911.7474774103
425,0.18,126438.510692012
3854,0.15,33367.8947411043
5999,0.23,53476.2519192366
1780,0.18,85517.1605263277
83,0.07,23976.3108766394
7103,0.33,56276.6127671792
4013,0.17,92243.2705512622
5824,0.1,205345.204393881
1278,0.1,43145.5905135033
2799,0.32,31441.4683968543
3117,0.41,111710.037958354
1663,0.07,183981.376912143
7253,0.25,51710.3233581536
1910,0.17,73633.6335545823
