index,BloodCadmiumUgl,WTMEC2YR
8188,0.19,59372.6722664267
782,0.07,65182.0811596671
8339,0.22,90160.2623385276
674,0.46,27701.0644355858
4581,0.15,66979.1039760121
7361,0.22,104496.093647699
205,0.23,155035.582452211
5454,0.07,30112.7471792555
8281,0.44,71692.3158751882
5351,0.1,100139.23201941
831,0.17,52103.4560518576
2587,0.21,69702.8795367565
5696,0.14,24811.3897080542
7706,0.07,156305.081343801
3614,0.26,48745.9217722376
