index,BloodCadmiumUgl,WTMEC2YR
7948,0.49,21789.6546306639
887,0.32,97289.0672070798
2613,0.14,104460.93163383
1403,0.28,81601.1460895753
208,0.1,125800.888013629
7423,0.19,98240.4272540408
