index,BloodCadmiumUgl,WTMEC2YR
8320,0.31,117354.999333292
7864,0.42,117835.461348118
6350,0.74,90424.8773819806
7940,0.07,99398.2546012838
8270,0.33,61763.1798695936
1109,1.34,90967.3796258704
5135,0.25,251699.870795621
4368,0.27,110793.891779072
2029,0.42,10857.0323278656
