index,BloodCadmiumUgl,WTMEC2YR
4728,0.2,41610.3501325621
2924,0.29,122013.968424775
7207,0.15,98607.9808135274
2943,0.16,103875.25737014
3097,0.21,39741.3315382687
5147,0.52,189142.302948911
1041,0.74,221581.408308498
6391,0.36,45153.3543625678
