index,BloodCadmiumUgl,WTMEC2YR
4058,0.17,49096.8059965819
7000,0.16,100556.31219906
7877,0.26,43005.0219688712
6767,0.37,33267.3272970755
7689,2.52,111609.790302581
6780,0.33,68691.7614125703
3337,0.07,142823.509105085
4368,0.27,110793.891779072
