index,BloodCadmiumUgl,WTMEC2YR
2587,0.21,69702.8795367565
6625,0.25,110963.928550483
6539,0.21,39945.6724673128
6966,0.96,41483.6741697124
8339,0.22,90160.2623385276
5525,0.99,51876.5900408693
