index,BloodCadmiumUgl,WTMEC2YR
7864,0.42,117835.461348118
2163,0.53,109028.612025016
5878,0.23,294436.247388358
8266,0.2,235360.4668174
3946,0.35,192913.74013985
6390,0.13,103133.928492692
