index,BloodCadmiumUgl,WTMEC2YR
2910,0.13,284989.445851707
5963,0.16,155897.824093287
1773,0.22,82600.7793910147
1410,0.16,9228.07631148791
1780,0.18,85517.1605263277
5882,0.24,29143.8748905268
8099,0.07,245535.954021965
7027,0.14,77940.0058553327
