index,BloodCadmiumUgl,WTMEC2YR
1389,0.15,24515.7699709676
4106,0.13,100444.738040675
4425,1.68,47433.8328688509
2316,0.3,154549.275510269
649,0.33,88807.9178653374
831,0.17,52103.4560518576
391,0.34,50216.9544935243
7897,0.21,33245.420687696
1309,0.14,221220.827941338
