index,BloodCadmiumUgl,WTMEC2YR
3685,0.07,118184.756400046
3621,0.24,308134.405321506
3425,0.13,145245.336904958
3437,0.33,63390.0209563605
5963,0.16,155897.824093287
5824,0.1,205345.204393881
2496,0.12,139753.022153128
4600,0.19,83224.2295607991
