index,EverToldYouHadCancerOrMalignancy,WTMEC2YR
5710,0.0,152100.041311101
2704,0.0,231584.695301426
6375,0.0,180912.90521603
6952,0.0,109771.077548745
1465,1.0,239893.12382842
73,1.0,43102.5624077064
4756,1.0,25624.2094463232
582,0.0,29006.3760687888
4597,0.0,39350.1194942164
