index,EverToldYouHadCancerOrMalignancy,WTMEC2YR
5710,0.0,152100.041311101
6375,0.0,180912.90521603
2721,0.0,64559.6370239986
2704,0.0,231584.695301426
6408,0.0,29969.9813512549
4586,1.0,23020.9697614744
4409,0.0,18942.8487020577
1465,1.0,239893.12382842
73,1.0,43102.5624077064
