index,HaveSeriousDifficultyConcentrating,WTMEC2YR
7671,1.0,77338.1587014857
6561,0.0,23458.9737667025
7480,0.0,12469.5380578907
2967,0.0,84406.3961619592
5327,0.0,111349.571065096
6917,0.0,54720.8590978155
5603,0.0,125158.750383651
6110,1.0,190541.567962775
3376,1.0,68431.69656516
7571,1.0,93072.6615693225
1401,0.0,39350.6794993756
1625,1.0,32474.2901712333
3566,0.0,8825.29003328408
597,0.0,109985.385795053
5784,0.0,14071.195277206
5732,1.0,46847.9223078435
6235,0.0,107744.011062948
