index,EverToldYouHadHeartAttack,WTMEC2YR
5322,0.0,158002.053973426
4953,0.0,15363.422394855
1082,0.0,57450.3230056259
2263,1.0,23068.3871280922
3178,0.0,56888.4507094491
6471,0.0,26547.7530105504
8339,0.0,90160.2623385276
5755,0.0,31604.630606653
1091,0.0,62568.658214422
