index,HaveSeriousDifficultyConcentrating,WTMEC2YR
6110,1.0,190541.567962775
7156,0.0,19868.0492795616
7726,1.0,58286.5765373617
5546,1.0,26273.8696520871
3818,0.0,53510.5969219115
7671,1.0,77338.1587014857
5040,1.0,31503.7772090258
4768,0.0,11199.3158417699
2967,0.0,84406.3961619592
