index,HaveSeriousDifficultyConcentrating,WTMEC2YR
1475,0.0,20781.4650384493
2080,0.0,25284.7361793116
6235,0.0,107744.011062948
5603,0.0,125158.750383651
3376,1.0,68431.69656516
597,0.0,109985.385795053
5327,0.0,111349.571065096
1625,1.0,32474.2901712333
