index,EverToldYouHadHeartAttack,WTMEC2YR
6624,0.0,90204.3630335885
4495,0.0,116488.255366268
1472,0.0,96526.6115810372
8339,0.0,90160.2623385276
1902,1.0,79701.21053835
2795,0.0,13597.4222437025
8338,0.0,66729.301086536
