index,EverToldYouHadHeartAttack,WTMEC2YR
1183,0.0,146482.39689477
1226,0.0,54035.3036678887
5402,0.0,65771.9589304709
1269,0.0,84299.9549239246
7412,0.0,47069.6027556038
6687,1.0,39292.9221847729
5352,0.0,46559.2724420144
7781,0.0,88192.9699415161
