index,EverToldYouHadHeartAttack,WTMEC2YR
3560,0.0,42232.518601434
7239,0.0,98047.7079251729
2513,0.0,49750.1695411938
1769,0.0,58477.1303258819
6719,0.0,65304.1230824253
4188,0.0,34938.7934713902
