index,DoctorToldYouHaveDiabetes,WTMEC2YR
8186,0,108370.335485934
6267,0,129734.098069844
8187,0,30441.3323829846
626,0,39919.8954677548
2548,0,59869.1211058635
4463,0,42799.6258330142
7620,0,68122.0568085057
5377,0,78125.7303559698
8244,0,25835.5535119844
