index,DoctorToldYouHaveDiabetes,WTMEC2YR
5230,0,214086.933625875
7100,0,99707.6191821094
197,0,77545.6769957598
7458,0,7410.23540661641
1797,0,226816.64246876
1392,0,116873.987893286
4606,0,256727.440457377
1371,0,45185.5740309738
