index,WaistCircumferenceCm,WTMEC2YR
8153,107.1,138654.855751892
3668,130.5,122013.968424775
3330,130.1,21401.7951203153
7318,111.5,45531.119837222
337,115.3,217036.354787672
5603,116.0,125158.750383651
311,92.8,10837.0361478504
1236,98.9,32650.3002910157
