index,WaistCircumferenceCm,WTMEC2YR
3818,113.0,53510.5969219115
7072,94.2,13042.7787069833
3005,93.6,52601.2884522198
6373,116.5,49928.9207518923
3668,130.5,122013.968424775
337,115.3,217036.354787672
52,103.7,212848.251290738
8153,107.1,138654.855751892
