index,DoctorToldYouHaveDiabetes,WTMEC2YR
8186,0,108370.335485934
197,0,77545.6769957598
6676,0,38928.4931300462
1392,0,116873.987893286
3731,0,50010.4728927845
1797,0,226816.64246876
5807,0,83194.6611469297
