index,WaistCircumferenceCm,WTMEC2YR
8050,114.0,44927.6402368925
2401,132.6,53366.5658631643
7790,131.7,36755.8519809876
171,100.0,17784.0466581904
3005,93.6,52601.2884522198
1902,116.8,79701.21053835
7480,120.6,12469.5380578907
