index,WaistCircumferenceCm,WTMEC2YR
1902,116.8,79701.21053835
8057,101.8,261074.049697366
5603,116.0,125158.750383651
6110,132.4,190541.567962775
2240,91.0,17344.9965454269
52,103.7,212848.251290738
337,115.3,217036.354787672
2103,105.6,30713.1569427581
2287,85.0,11860.4158953712
