index,DoctorToldYouHaveDiabetes,WTMEC2YR
1392,0,116873.987893286
1797,0,226816.64246876
6267,0,129734.098069844
2345,0,61809.6966018788
197,0,77545.6769957598
6902,0,16859.1797832057
3598,0,49395.9158922092
8186,0,108370.335485934
