index,WaistCircumferenceCm,WTMEC2YR
5546,97.2,26273.8696520871
8057,101.8,261074.049697366
5814,95.1,11453.7285018772
5603,116.0,125158.750383651
52,103.7,212848.251290738
8153,107.1,138654.855751892
337,115.3,217036.354787672
954,119.8,12238.2059672312
3668,130.5,122013.968424775
