index,BloodCadmiumUgl,WTMEC2YR
5106,0.24,170220.753982675
8054,0.24,192084.534630478
2934,0.41,202666.607385467
7381,0.17,37289.3944171121
8320,0.31,117354.999333292
1499,0.16,265875.433667499
617,0.25,92610.2262433804
