index,BloodCadmiumUgl,WTMEC2YR
4741,0.17,54886.8181179087
7600,0.45,30871.0735320692
3912,0.15,59407.317280759
33,0.82,59094.0993994977
254,0.73,95031.561744197
255,0.52,19678.4490879888
3145,0.16,38464.6787965189
4486,0.32,29358.510781743
3909,0.27,111926.904050272
842,0.28,51137.3379889734
