index,BloodCadmiumUgl,WTMEC2YR
1599,0.12,192201.585066586
1368,0.27,113858.313032713
7966,0.58,35090.0225554341
6375,0.49,180912.90521603
7547,0.36,83474.5982159414
4371,3.45,40781.4797534909
1465,0.72,239893.12382842
5106,0.24,170220.753982675
3148,0.35,87453.9942399705
