index,WeightKg,WTMEC2YR
3419,69.6,114915.309437548
53,85.6,23665.8554305637
1355,116.4,48681.1753694322
4636,84.7,66568.2739181378
422,77.3,21026.8137356937
4370,96.8,134575.715365229
5684,54.6,88376.0360298786
1099,86.0,29700.7746603925
4936,61.8,30671.700559799
2620,191.4,46033.6287797881
1465,98.2,239893.12382842
5197,50.6,20757.6156602587
7185,76.0,135728.620785782
5221,76.7,155778.335889233
4463,69.1,42799.6258330142
4168,93.3,178416.494098221
