index,CoveredByHealthInsurance,WTMEC2YR
6120,1.0,18455.3210880435
8226,1.0,22287.77163527
5424,1.0,71078.6551974057
4855,1.0,109691.147805208
2392,1.0,73026.1708821077
2804,1.0,41086.187059834
3668,1.0,122013.968424775
2166,1.0,39060.2220959127
