index,CoveredByHealthInsurance,WTMEC2YR
3668,1.0,122013.968424775
7971,1.0,22149.4352249255
6467,1.0,151132.153271412
4563,1.0,22029.3693263424
6072,1.0,101242.476754588
1222,1.0,30553.2177446913
5115,1.0,32083.9481244776
5434,1.0,176836.544071642
2080,1.0,25284.7361793116
3012,1.0,61835.4696824814
