index,CoveredByHealthInsurance,WTMEC2YR
1424,1.0,189007.85930351
2804,1.0,41086.187059834
3952,1.0,37858.472466356
6624,1.0,90204.3630335885
1331,1.0,36636.6753573719
6965,1.0,67943.0604115963
842,1.0,51137.3379889734
533,1.0,48102.9518518529
4985,1.0,12119.7352007647
