index,WeightKg,WTMEC2YR
1932,78.8,151305.124969893
1757,131.8,41319.9220389059
214,78.7,14389.5831229537
4761,81.6,16879.0322601821
1149,90.6,43991.2176505355
5249,49.2,83042.0079015117
3235,63.7,34009.3301853149
4293,68.3,81128.9782162292
7185,76.0,135728.620785782
