index,CoveredByHealthInsurance,WTMEC2YR
5434,1.0,176836.544071642
5212,1.0,18549.6314819911
1161,1.0,42096.4408111257
1331,1.0,36636.6753573719
4644,1.0,33244.7349128024
954,1.0,12238.2059672312
1091,1.0,62568.658214422
2259,0.0,55698.23768138
5510,1.0,22195.1296839537
604,1.0,249636.771221841
5698,1.0,41832.6876556029
