index,WeightKg,WTMEC2YR
2725,86.2,99890.4565048424
4292,90.5,67151.6078173467
3841,80.9,237953.755341776
1220,159.2,19430.2302838138
951,62.8,134179.896212121
6612,69.9,109731.692769787
888,71.4,227337.6812928
