index,DoctorToldYouHaveDiabetes,WTMEC2YR
3409,0,70450.006502051
3567,0,62114.8027488631
5020,0,45508.5250845582
1556,0,113649.286711292
969,0,64933.1538684938
7810,0,270740.371801942
3189,1,20521.6059381824
5288,0,182443.741373503
2163,0,109028.612025016
535,0,231078.428849422
5434,1,176836.544071642
834,0,197704.928417786
1426,0,217665.468272573
1861,0,100289.037362182
4753,0,196474.714015281
