index,DoctorToldYouHaveDiabetes,WTMEC2YR
1558,0,373049.101439956
5434,1,176836.544071642
8139,1,103433.248183485
2613,0,104460.93163383
569,0,213910.433718455
1692,0,74480.8150764318
5963,0,155897.824093287
5924,0,49317.1503217329
