index,BloodCadmiumUgl,WTMEC2YR
2197,0.43,30835.6534537723
4174,0.87,135154.322203794
3738,0.32,150979.091301054
7538,2.74,41657.0208886589
2736,0.07,57155.9089432308
665,0.07,37751.5351487187
1394,0.22,44042.2151162109
8119,0.14,5720.08187715848
306,1.24,47926.3523561574
4351,0.56,92029.6014253463
2819,0.37,8351.46233976571
7571,0.93,93072.6615693225
5809,0.35,139598.139341172
5035,0.26,9185.04086937235
5850,0.07,5946.19541596727
2636,0.07,99434.1674296508
4633,0.07,45204.7939810146
