index,BloodMercuryTotalUgl,WTMEC2YR
5866,0.56,320792.726122231
944,1.74,30663.6187482159
2768,0.75,90713.2767341334
8111,0.63,99421.4931740693
8233,0.48,49536.0762937503
7395,0.72,31996.4535988932
1267,1.08,91837.2868125524
7940,4.03,99398.2546012838
8145,0.72,23979.8601299758
7269,0.45,87512.457112567
6421,1.33,102822.184903191
4460,0.69,42879.1846872496
567,0.58,124622.594935855
1417,0.79,142475.970042355
4636,1.02,66568.2739181378
5488,1.16,60451.9685501576
6265,4.25,310518.388487575
