index,BloodMercuryTotalUgl,WTMEC2YR
1297,0.97,58268.5657974819
6329,0.2,142001.400958086
4587,0.2,23854.6635869049
2646,2.79,10885.6432420747
2340,1.13,69169.0898593202
5636,0.42,53785.6354588542
1869,3.19,58269.3543752445
7628,0.33,48536.3716175745
7047,0.68,156305.081343801
