index,BloodCadmiumUgl,WTMEC2YR
306,1.24,47926.3523561574
7038,0.16,17309.6419745981
2736,0.07,57155.9089432308
1669,0.35,57787.5361604703
5591,0.84,51165.5915212813
2740,0.07,45289.9688484514
7666,0.35,8738.68595914469
