index,BloodMercuryTotalUgl,WTMEC2YR
2194,0.76,137734.386956601
4068,4.61,141181.255771335
2519,2.33,147557.280737994
2768,0.75,90713.2767341334
8145,0.72,23979.8601299758
5498,1.17,21002.9903263775
7047,0.68,156305.081343801
1368,4.31,113858.313032713
2173,0.2,24993.0928989279
