index,BloodMercuryTotalUgl,WTMEC2YR
7235,1.71,118365.248924027
745,1.02,379744.44769473
4213,2.9,179458.83807451
1368,4.31,113858.313032713
2448,0.41,79430.7796301913
8302,0.43,83354.7055594434
2194,0.76,137734.386956601
6670,0.44,34796.4884418699
7250,0.43,53178.881535384
4041,0.32,265329.632565462
5741,1.67,39920.4133173661
