index,BloodCadmiumUgl,WTMEC2YR
1826,0.07,34247.9088905661
4605,0.71,34079.4285722229
5809,0.35,139598.139341172
2620,3.01,46033.6287797881
7538,2.74,41657.0208886589
7064,0.07,59601.0049043875
917,0.82,34694.1082360624
3795,0.07,5994.97621691861
1741,0.32,15023.6628362537
