index,BloodMercuryTotalUgl,WTMEC2YR
2340,1.13,69169.0898593202
4041,0.32,265329.632565462
1735,1.8,10796.2242130082
974,0.29,32046.9578186673
8180,0.47,208037.731874754
5866,0.56,320792.726122231
4213,2.9,179458.83807451
2519,2.33,147557.280737994
745,1.02,379744.44769473
5955,0.47,50866.1320975286
