index,TakeMedicationForDepression,WTMEC2YR
2412,0.0,118993.998863267
3747,0.0,196043.290425687
2675,0.0,46465.6627542541
7400,0.0,302724.833363506
7905,0.0,43282.359256869
5524,0.0,170644.415057559
48,0.0,33269.9273689069
5867,0.0,46520.6891972126
