index,TakeMedicationForDepression,WTMEC2YR
6379,0.0,278720.986620934
4068,0.0,141181.255771335
1472,1.0,96526.6115810372
6072,0.0,101242.476754588
1720,0.0,43826.9903890006
4532,0.0,126314.982509823
1772,0.0,110792.560254817
