index,BloodManganeseUgl,WTMEC2YR
5041,8.27,106182.749252869
1727,11.31,143802.038141491
5463,7.14,42996.3199505155
7354,7.11,84038.3740839004
2211,9.92,53061.5173869783
1938,12.99,35234.0882013715
7396,9.3,31161.0482559291
