index,BloodManganeseUgl,WTMEC2YR
3100,9.87,65265.5084044746
7354,7.11,84038.3740839004
3505,6.45,54942.7392665328
325,8.42,35077.3723134094
8223,11.79,32982.320812414
5416,6.8,70857.0411331257
5041,8.27,106182.749252869
6640,9.25,37879.887162608
