index,BloodManganeseUgl,WTMEC2YR
4476,8.57,25006.6859910946
5041,8.27,106182.749252869
1932,7.19,151305.124969893
5416,6.8,70857.0411331257
1938,12.99,35234.0882013715
6640,9.25,37879.887162608
1727,11.31,143802.038141491
