index,BloodManganeseUgl,WTMEC2YR
1932,7.19,151305.124969893
3100,9.87,65265.5084044746
8166,7.73,9912.50603130148
7212,8.77,37234.9902552348
5332,5.27,60830.2333297191
4652,12.4,35897.0112687014
5463,7.14,42996.3199505155
53,11.41,23665.8554305637
