index,WeightKg,WTMEC2YR
4826,59.9,13912.2324487098
6505,79.9,52180.474562318
2649,57.2,36805.9542312398
7620,78.2,68122.0568085057
4219,56.2,33954.4081394409
5175,70.6,96775.6462840563
7147,54.9,44197.3030004672
