index,BloodManganeseUgl,WTMEC2YR
325,8.42,35077.3723134094
1727,11.31,143802.038141491
6695,8.24,23572.0178064348
1932,7.19,151305.124969893
5416,6.8,70857.0411331257
7354,7.11,84038.3740839004
5041,8.27,106182.749252869
