index,BloodManganeseUgl,WTMEC2YR
1932,7.19,151305.124969893
5463,7.14,42996.3199505155
3505,6.45,54942.7392665328
4461,10.04,20836.9353365053
5041,8.27,106182.749252869
1727,11.31,143802.038141491
5416,6.8,70857.0411331257
