index,WeightKg,WTMEC2YR
7231,52.7,178346.40475293
3434,66.5,151788.472407606
3568,64.2,182239.805595385
7078,65.4,118081.970705338
5245,81.3,42775.0318829669
1596,58.6,419762.836487576
6348,67.6,125026.318098926
2486,54.0,156022.484952848
