index,WeightKg,WTMEC2YR
6203,49.6,227915.567618983
5723,69.8,92057.5778930173
1596,58.6,419762.836487576
8162,53.5,71351.9584788363
3420,62.0,31144.8004769936
3526,67.3,149277.884114151
5722,57.5,12435.0071752221
2486,54.0,156022.484952848
2688,57.4,114805.424010237
717,59.5,33260.2222515757
