index,BloodManganeseUgl,WTMEC2YR
5416,6.8,70857.0411331257
325,8.42,35077.3723134094
5041,8.27,106182.749252869
3100,9.87,65265.5084044746
5519,5.9,20913.0906984031
5833,10.32,28975.4849602554
1932,7.19,151305.124969893
3505,6.45,54942.7392665328
