index,WeightKg,WTMEC2YR
6686,47.6,125625.841523287
4650,51.7,68916.2960161287
2595,54.5,11419.7222536948
3659,58.5,67499.8960188999
2783,51.2,51942.385284526
1301,49.2,169435.34266015
6610,58.6,74273.6274154273
