index,TakingInsulinNow,WTMEC2YR
3252,0.0,131802.295296985
2607,0.0,175079.053076806
1549,0.0,271806.566726651
8302,0.0,83354.7055594434
488,0.0,276067.658588646
7062,0.0,172915.577837413
1426,0.0,217665.468272573
129,0.0,190727.342267678
1261,0.0,272498.888663072
2935,0.0,61192.6619528257
7423,0.0,98240.4272540408
3998,0.0,4884.4606114256
4733,0.0,11624.7737977824
7391,0.0,123760.17006778
5609,0.0,120800.986808114
