index,TakingInsulinNow,WTMEC2YR
3309,0.0,83947.5173918593
3930,0.0,72833.3394880091
8210,0.0,185636.238129971
5760,0.0,53551.1141059303
6757,0.0,49629.7963666772
2497,0.0,221212.865413013
7384,0.0,47281.1358700804
4540,0.0,6658.24829237083
419,0.0,95674.8980763109
6714,0.0,32162.4648362381
4739,0.0,106964.94278441
1572,0.0,31059.5625199775
4995,0.0,61809.6966018788
7707,0.0,55350.9189723446
863,0.0,90351.3139636188
4208,0.0,22162.8042658831
