index,TakingInsulinNow,WTMEC2YR
2352,0.0,39771.87492237
5602,0.0,52041.2150926856
3678,0.0,51861.1420640278
3738,0.0,150979.091301054
894,0.0,151447.55169619
3167,0.0,25217.9507345126
1611,0.0,74791.1503403723
4154,0.0,188854.266624504
245,0.0,154316.654728094
2818,0.0,71240.2557958759
1477,1.0,20984.1810484105
627,0.0,61496.3178212653
254,0.0,95031.561744197
1759,0.0,199593.069619705
2583,0.0,21700.2097168523
2768,0.0,90713.2767341334
2278,0.0,363629.370525946
2685,0.0,173431.037273958
