index,TakingInsulinNow,WTMEC2YR
2861,0.0,144910.515020423
1896,0.0,25708.0618619038
5033,0.0,117784.461757979
5331,0.0,92440.1870574315
3154,0.0,67972.3284968019
2477,0.0,105032.384813012
