index,TakingInsulinNow,WTMEC2YR
1043,0.0,142038.870902811
135,0.0,137884.509474123
834,0.0,197704.928417786
7094,0.0,105127.753605778
5417,0.0,253959.910432275
6995,0.0,181552.148656495
6525,0.0,37736.8803728856
3817,0.0,44702.6656180885
