index,TakingInsulinNow,WTMEC2YR
5271,0.0,137734.386956601
3192,0.0,37354.5131771682
5956,0.0,68579.1689614099
951,0.0,134179.896212121
4194,0.0,46499.3761556547
640,0.0,146291.163212643
1471,0.0,12538.9063764992
3830,0.0,164921.144740659
6520,0.0,137240.780178089
