index,TakingInsulinNow,WTMEC2YR
2176,0.0,31203.3212235721
4581,0.0,66979.1039760121
1239,0.0,48210.31432416
4373,0.0,153934.213926753
1875,0.0,78643.3757346401
6287,0.0,30006.6287279147
295,0.0,40566.7844908824
