index,TakingInsulinNow,WTMEC2YR
3284,0.0,73457.0029905856
3082,0.0,64118.8221508512
1280,0.0,175736.550946505
1759,0.0,199593.069619705
3789,0.0,93213.7003912649
1479,0.0,10338.6077260073
7914,0.0,52282.6536350852
5330,0.0,104368.121846723
