index,TakingInsulinNow,WTMEC2YR
3079,0.0,56452.0843701169
4356,0.0,65509.8361944109
1209,0.0,16801.717789771
4252,0.0,52221.3056532371
5340,0.0,22280.6234015192
5618,0.0,29050.4467975849
7047,0.0,156305.081343801
3323,0.0,98715.097560867
