index,TakingInsulinNow,WTMEC2YR
1780,0.0,85517.1605263277
1224,0.0,48172.0076052152
7328,0.0,65389.9628315003
640,0.0,146291.163212643
190,0.0,50307.1515393566
3923,0.0,30005.7200907127
5491,0.0,121365.782548951
