index,TakingInsulinNow,WTMEC2YR
3909,0.0,111926.904050272
4333,0.0,213587.787815431
3012,1.0,61835.4696824814
2313,0.0,220018.334538068
6329,0.0,142001.400958086
5998,0.0,47700.0873345667
5900,0.0,100106.888745954
