index,TakingInsulinNow,WTMEC2YR
4289,0.0,46580.1082181118
7704,0.0,109810.264649176
3076,0.0,108737.5799299
3828,0.0,45504.8246840088
3191,0.0,59654.7260569256
1663,0.0,183981.376912143
2194,0.0,137734.386956601
3121,0.0,18508.7215718378
5331,0.0,92440.1870574315
