index,TakingInsulinNow,WTMEC2YR
713,0.0,30162.3564931658
2222,0.0,83585.8024656745
634,0.0,237630.139583614
2257,0.0,183186.215254314
5592,0.0,50331.9217701957
838,0.0,180878.018051287
3422,0.0,83792.9437067194
7310,0.0,85887.6663744877
3738,0.0,150979.091301054
