index,WeightKg,WTMEC2YR
1669,97.5,57787.5361604703
2636,129.6,99434.1674296508
5060,83.5,11676.6526219439
4351,109.7,92029.6014253463
4174,114.7,135154.322203794
2736,144.6,57155.9089432308
1826,64.0,34247.9088905661
7666,86.9,8738.68595914469
3738,108.0,150979.091301054
5809,96.7,139598.139341172
4633,111.7,45204.7939810146
1373,99.5,63253.2896326339
7571,83.0,93072.6615693225
1210,50.5,7590.27229777868
2741,198.7,9984.41213147759
936,63.8,7723.43496966954
