index,DoctorToldYouHaveDiabetes,WTMEC2YR
3788,1,239578.460386789
2447,0,114836.165449082
6186,0,288489.404981519
7850,0,37136.6916351159
2889,0,58734.1841344179
1576,0,33447.7681110609
4344,1,97057.4985731975
6155,0,27925.5997291454
2452,0,84870.6010229613
3835,0,95942.4514261342
5135,0,251699.870795621
735,0,49290.786105695
1261,0,272498.888663072
3521,0,306729.710255991
2032,0,26973.462417645
701,0,132837.618885183
