index,TakeMedicationForDepression,WTMEC2YR
3104,0.0,28695.3928061272
5674,0.0,30756.5402938152
5158,0.0,31753.7458522973
8157,0.0,24900.2375909496
3918,0.0,46216.3475383574
3050,0.0,62757.685836162
958,0.0,72178.6432570173
974,0.0,32046.9578186673
2629,0.0,108610.793474713
4276,0.0,77213.665834931
1547,0.0,30497.2830777565
5562,0.0,64760.9782811715
5867,0.0,46520.6891972126
