index,DoctorToldYouHaveDiabetes,WTMEC2YR
5135,0,251699.870795621
3788,1,239578.460386789
2189,0,109516.474990832
1261,0,272498.888663072
2889,0,58734.1841344179
2332,0,13605.9889055406
824,0,95111.4310572637
19,1,229129.236930365
8362,0,63661.9515734445
6203,0,227915.567618983
3094,0,110616.399477862
6707,0,23887.5256121524
5362,0,131784.670882851
7239,1,98047.7079251729
7153,0,69669.6428882833
