index,DoctorToldYouHaveDiabetes,WTMEC2YR
1160,0,127771.01075197
7009,0,207829.112758375
5106,1,170220.753982675
6539,0,39945.6724673128
2447,0,114836.165449082
2904,1,43363.5882254724
3526,0,149277.884114151
3326,0,137719.501162492
4225,0,63999.1817453194
1556,0,113649.286711292
4387,0,86501.2293488421
8316,0,92017.8016087908
4814,0,169187.246265028
640,0,146291.163212643
6629,0,419056.576211997
