index,DoctorToldYouHaveDiabetes,WTMEC2YR
701,0,132837.618885183
6186,0,288489.404981519
4368,0,110793.891779072
2107,0,25453.3694793998
5823,0,23860.5901628914
8316,0,92017.8016087908
5288,0,182443.741373503
6201,0,98477.9045071227
7850,0,37136.6916351159
7157,0,35895.0465759066
5316,0,44644.8511688001
2383,1,37454.6047889505
8246,0,80365.2296855102
8186,0,108370.335485934
7153,0,69669.6428882833
3619,0,44188.3556917652
