index,TakeMedicationForDepression,WTMEC2YR
2629,0.0,108610.793474713
1297,0.0,58268.5657974819
5085,0.0,65890.4840802133
7646,0.0,34700.1509663816
3918,0.0,46216.3475383574
3797,0.0,40425.4927025968
5158,0.0,31753.7458522973
4276,0.0,77213.665834931
6079,0.0,16476.9842236775
5562,0.0,64760.9782811715
6609,0.0,21077.9768992981
6223,0.0,32421.8208230372
1912,0.0,23572.0178064348
