index,TakeMedicationForDepression,WTMEC2YR
5867,0.0,46520.6891972126
2114,0.0,11701.0544068055
3924,0.0,53144.2874193858
3140,0.0,18032.5685666281
1582,0.0,27419.0467090216
5674,0.0,30756.5402938152
6079,0.0,16476.9842236775
2338,0.0,16747.2321927531
3918,0.0,46216.3475383574
5158,0.0,31753.7458522973
3797,0.0,40425.4927025968
7835,0.0,27727.8755000438
