index,TakeMedicationForDepression,WTMEC2YR
4276,0.0,77213.665834931
5158,0.0,31753.7458522973
1297,0.0,58268.5657974819
5085,0.0,65890.4840802133
4952,0.0,66537.5552226029
4517,0.0,25611.6952979607
3797,0.0,40425.4927025968
6223,0.0,32421.8208230372
1912,0.0,23572.0178064348
958,0.0,72178.6432570173
3050,0.0,62757.685836162
2629,0.0,108610.793474713
7759,1.0,12674.6118175912
