index,DoctorToldYouHaveDiabetes,WTMEC2YR
8297,0,96784.5419671157
1261,0,272498.888663072
1224,0,48172.0076052152
6629,0,419056.576211997
5362,0,131784.670882851
1572,0,31059.5625199775
7623,0,21730.5085414431
3526,0,149277.884114151
3020,0,103165.292032781
1237,0,124334.322749208
896,0,220143.511499145
5288,0,182443.741373503
3621,1,308134.405321506
357,1,167220.69884342
6573,0,27854.8955641214
4606,0,256727.440457377
