index,TakeMedicationForDepression,WTMEC2YR
5562,0.0,64760.9782811715
5674,0.0,30756.5402938152
7646,0.0,34700.1509663816
3924,0.0,53144.2874193858
1582,0.0,27419.0467090216
3797,0.0,40425.4927025968
958,0.0,72178.6432570173
1297,0.0,58268.5657974819
4276,0.0,77213.665834931
2177,0.0,20858.7597526442
4952,0.0,66537.5552226029
6637,0.0,23438.0468125674
