index,DoctorToldYouHaveDiabetes,WTMEC2YR
6186,0,288489.404981519
239,0,66978.9140489359
2560,1,335750.886789248
7157,0,35895.0465759066
1419,0,47352.3128281246
7282,0,158835.504417095
6629,0,419056.576211997
3621,1,308134.405321506
8362,0,63661.9515734445
19,1,229129.236930365
1794,0,38232.0987961462
4814,0,169187.246265028
5417,1,253959.910432275
4368,0,110793.891779072
357,1,167220.69884342
