index,TakeMedicationForDepression,WTMEC2YR
974,0.0,32046.9578186673
5085,0.0,65890.4840802133
3104,0.0,28695.3928061272
958,0.0,72178.6432570173
3113,0.0,29733.6800815454
2763,1.0,30933.969242785
3924,0.0,53144.2874193858
1547,0.0,30497.2830777565
5285,0.0,15847.4123757262
7646,0.0,34700.1509663816
6637,0.0,23438.0468125674
476,0.0,22680.5038146116
1168,0.0,14978.4152576992
