index,TakeMedicationForDepression,WTMEC2YR
1582,0.0,27419.0467090216
6223,0.0,32421.8208230372
4276,0.0,77213.665834931
958,0.0,72178.6432570173
5285,0.0,15847.4123757262
7646,0.0,34700.1509663816
1141,0.0,49541.4372541212
