index,DoctorToldYouHaveDiabetes,WTMEC2YR
1237,0,124334.322749208
896,0,220143.511499145
7239,1,98047.7079251729
7413,0,101571.617823069
447,0,47206.9649849021
6625,1,110963.928550483
1766,1,39902.9977978043
