index,DoctorToldYouHaveDiabetes,WTMEC2YR
6186,0,288489.404981519
5288,0,182443.741373503
6155,0,27925.5997291454
863,0,90351.3139636188
1160,0,127771.01075197
5135,0,251699.870795621
6072,1,101242.476754588
