index,DoctorToldYouHaveDiabetes,WTMEC2YR
2889,0,58734.1841344179
5417,1,253959.910432275
8082,0,142549.019577187
701,0,132837.618885183
2660,0,83616.1347684423
4562,1,48480.1557664953
6605,0,46999.354125963
6196,0,49610.5206109334
