index,DoctorToldYouHaveDiabetes,WTMEC2YR
3788,1,239578.460386789
1556,0,113649.286711292
1160,0,127771.01075197
8362,0,63661.9515734445
2341,0,133368.525340242
3509,0,89966.575544671
3550,1,76614.6063556271
