index,TakeMedicationForDepression,WTMEC2YR
3797,0.0,40425.4927025968
2629,0.0,108610.793474713
3050,0.0,62757.685836162
4276,0.0,77213.665834931
958,0.0,72178.6432570173
5562,0.0,64760.9782811715
