index,TakeMedicationForDepression,WTMEC2YR
8004,0.0,24754.3738977448
5867,0.0,46520.6891972126
5562,0.0,64760.9782811715
3924,0.0,53144.2874193858
6637,0.0,23438.0468125674
4952,0.0,66537.5552226029
