index,DoctorToldYouHaveDiabetes,WTMEC2YR
19,1,229129.236930365
896,0,220143.511499145
7361,1,104496.093647699
4041,0,265329.632565462
3476,0,37651.1916133489
8082,0,142549.019577187
3154,0,67972.3284968019
