index,TakeMedicationForDepression,WTMEC2YR
958,0.0,72178.6432570173
5867,0.0,46520.6891972126
7835,0.0,27727.8755000438
4952,0.0,66537.5552226029
4276,0.0,77213.665834931
5085,0.0,65890.4840802133
3924,0.0,53144.2874193858
