index,DoctorToldYouHaveDiabetes,WTMEC2YR
735,0,49290.786105695
5977,0,50221.5716433851
2373,0,123868.246903015
4810,0,34478.4625888166
4606,0,256727.440457377
6186,0,288489.404981519
896,0,220143.511499145
1261,0,272498.888663072
