index,DoctorToldYouHaveDiabetes,WTMEC2YR
3521,0,306729.710255991
7860,0,81276.4138826339
6629,0,419056.576211997
8297,0,96784.5419671157
2785,0,120263.863910751
3422,1,83792.9437067194
2189,0,109516.474990832
2253,1,87990.8679147109
