index,BloodCadmiumUgl,WTMEC2YR
545,0.16,144636.784292643
1843,1.04,93318.1539125971
2935,0.4,61192.6619528257
4277,0.52,85962.1577614505
288,0.12,36240.1752005771
2746,0.9,33105.2786793814
3293,1.17,117212.515513979
