index,BloodCadmiumUgl,WTMEC2YR
8054,0.24,192084.534630478
1426,0.23,217665.468272573
1843,1.04,93318.1539125971
7392,0.59,38152.6565991596
6784,0.31,236115.078498818
8027,0.37,15130.865938785
2635,0.33,21646.9649393994
2412,0.12,118993.998863267
