index,WaistCircumferenceCm,WTMEC2YR
75,76.4,36032.5524680973
357,116.6,167220.69884342
927,127.8,69056.7252398165
19,82.6,229129.236930365
6612,90.0,109731.692769787
7378,90.0,225011.218730725
3164,92.0,8588.97649984505
4394,111.0,47445.082839123
3293,92.0,117212.515513979
2640,87.0,54709.7314306869
6064,115.4,160432.980200403
7391,86.1,123760.17006778
8056,86.8,24083.6795195037
7423,106.5,98240.4272540408
2747,118.5,149819.910285894
7305,77.3,229165.613885539
3893,123.8,222099.095415998
