index,WaistCircumferenceCm,WTMEC2YR
4534,108.1,105067.582433531
2163,117.0,109028.612025016
1515,116.4,36499.1927374266
6230,108.9,268261.513478299
1669,114.7,57787.5361604703
1309,130.5,221220.827941338
6404,75.6,92029.6014253463
5710,102.5,152100.041311101
419,82.1,95674.8980763109
7146,92.5,126843.292431808
6263,103.2,84653.969803616
7571,100.9,93072.6615693225
5887,81.6,13274.5149141713
3830,95.2,164921.144740659
