index,WaistCircumferenceCm,WTMEC2YR
7658,102.4,75466.8956122624
6552,75.0,75215.4237681673
19,82.6,229129.236930365
4223,116.4,27906.1706196493
272,107.1,25742.4316785255
6290,94.7,68581.6294835021
1224,161.3,48172.0076052152
4485,117.0,128871.432404995
6087,85.3,196668.129246055
1795,103.7,56539.6129254386
7833,107.0,109627.916244769
6863,115.3,213902.49625407
8210,83.2,185636.238129971
4067,95.8,112605.822301529
