index,WaistCircumferenceCm,WTMEC2YR
3701,99.6,24626.6430905533
7996,104.0,40350.4719865472
5345,93.6,254660.520864796
5151,116.8,145519.612339116
5731,104.2,52903.6309574792
4041,98.1,265329.632565462
2520,77.0,37723.3402709481
1183,112.7,146482.39689477
1260,119.4,64142.8637557199
2055,117.1,143154.069456553
