index,WaistCircumferenceCm,WTMEC2YR
2028,102.5,140678.179648079
6711,107.2,29477.6930106483
3877,107.6,73397.6949421531
7299,106.2,54932.6570721653
3432,107.3,31105.1776354244
6381,100.4,47238.5714920086
4368,89.4,110793.891779072
