index,WaistCircumferenceCm,WTMEC2YR
4147,114.6,26985.1608203998
1558,109.0,373049.101439956
2944,85.5,164492.60199365
6201,97.0,98477.9045071227
533,137.9,48102.9518518529
4612,82.6,99848.137736484
5327,103.7,111349.571065096
1954,117.0,145376.500648366
7550,149.5,25470.9596976933
