index,WaistCircumferenceCm,WTMEC2YR
7883,107.0,75500.5094477248
221,110.5,259474.755590052
7231,73.6,178346.40475293
1220,145.4,19430.2302838138
5362,162.3,131784.670882851
5105,70.5,60312.8215324225
1261,100.6,272498.888663072
8174,75.7,179271.499190576
