index,WaistCircumferenceCm,WTMEC2YR
4067,95.8,112605.822301529
410,92.0,98092.6983288917
5609,77.7,120800.986808114
2410,92.3,79726.4131046728
2074,103.8,21154.2800795524
883,107.8,144629.713938186
3664,90.5,17595.0557101209
