index,BloodCadmiumUgl,WTMEC2YR
6342,0.07,115896.932518449
7400,0.21,302724.833363506
153,0.07,125047.391839698
129,0.42,190727.342267678
271,0.24,28239.3021044285
4662,0.21,85273.8165879544
211,0.07,124429.455375418
6404,0.51,92029.6014253463
4225,0.2,63999.1817453194
8174,0.47,179271.499190576
4532,0.38,126314.982509823
7270,0.12,126474.184331103
6887,0.2,110410.528826236
5603,0.27,125158.750383651
4635,0.35,135954.264094674
