index,BloodMercuryTotalUgl,WTMEC2YR
2287,1.49,11860.4158953712
7671,0.2,77338.1587014857
597,0.2,109985.385795053
1628,3.29,35564.7797110539
5603,0.2,125158.750383651
966,0.4,37869.6656773812
1902,0.45,79701.21053835
1648,1.67,22700.3871214509
