index,BloodCadmiumUgl,WTMEC2YR
7102,0.46,11077.6473004775
6601,0.07,54410.3839019413
7282,0.18,158835.504417095
5603,0.27,125158.750383651
7645,0.1,37663.0349519361
1109,1.34,90967.3796258704
2410,0.31,79726.4131046728
