index,BloodMercuryTotalUgl,WTMEC2YR
7208,6.18,11868.7999781555
1902,0.45,79701.21053835
5546,0.2,26273.8696520871
966,0.4,37869.6656773812
1648,1.67,22700.3871214509
6518,0.54,34730.5920427559
4570,0.54,30650.3322217631
597,0.2,109985.385795053
7726,0.2,58286.5765373617
