index,BloodCadmiumUgl,WTMEC2YR
6266,0.47,54682.7641727933
7679,0.22,93317.1475429101
5589,2.15,47188.8904067242
8170,0.2,13545.6659716345
3629,1.33,165607.375842006
5223,0.16,22591.7112651829
2407,0.2,42053.4323575675
1224,0.25,48172.0076052152
1221,0.47,24855.464928595
