index,BloodMercuryTotalUgl,WTMEC2YR
7780,0.2,16488.8470745133
6518,0.54,34730.5920427559
1902,0.45,79701.21053835
8153,1.23,138654.855751892
5343,0.4,30681.0205287227
7750,0.46,21069.098669057
5732,0.28,46847.9223078435
5603,0.2,125158.750383651
