index,BloodMercuryTotalUgl,WTMEC2YR
5603,0.2,125158.750383651
1628,3.29,35564.7797110539
786,0.52,13588.4310716239
8153,1.23,138654.855751892
1076,1.37,44385.273749512
7726,0.2,58286.5765373617
5389,0.2,15638.6289775029
7671,0.2,77338.1587014857
