index,WaistCircumferenceCm,WTMEC2YR
5720,140.9,255038.380989282
3788,91.3,239578.460386789
1269,101.8,84299.9549239246
8080,93.3,26959.4857966802
2584,104.0,181999.676459589
6170,102.0,66732.8285984723
450,126.7,252445.411711235
1766,108.4,39902.9977978043
1674,111.5,39274.3217243237
7571,100.9,93072.6615693225
7369,87.4,36636.6753573719
573,121.8,337044.246949881
8137,120.5,53307.5229079912
1906,100.8,197224.657199677
4188,79.4,34938.7934713902
5434,114.1,176836.544071642
