index,EverToldYouHadHeartAttack,WTMEC2YR
4051,0.0,219248.044843692
5811,0.0,130915.673529241
896,0.0,220143.511499145
6060,1.0,33288.4452951842
4403,0.0,123871.22022007
347,0.0,195848.960094735
