index,EverToldYouHadHeartAttack,WTMEC2YR
5160,0.0,40352.9521729972
4699,0.0,407800.803407575
3796,0.0,92913.1780297043
6340,0.0,160725.956027591
1301,0.0,169435.34266015
129,0.0,190727.342267678
7293,0.0,12045.0826774525
5434,0.0,176836.544071642
