index,BloodMercuryTotalUgl,WTMEC2YR
5137,0.39,33134.4814280855
6901,0.2,17084.5699141489
4261,1.48,13981.7489093665
1960,0.46,30510.5525828713
206,0.2,29350.9691081493
6354,0.69,50394.2966911037
2326,4.27,7365.40892380169
2708,0.2,47895.1537719943
