index,WeightKg,WTMEC2YR
450,99.1,252445.411711235
1105,66.8,10173.0135051961
8288,158.6,26827.0003369595
6354,77.7,50394.2966911037
3071,76.0,108780.330229893
6562,70.1,162895.797149377
4832,75.7,81145.3624763354
1618,98.8,99298.3835163364
2356,62.1,68039.3241261455
761,83.6,157436.218301964
1932,78.8,151305.124969893
7563,82.6,34066.1566567589
2783,51.2,51942.385284526
8346,83.7,15112.0424987248
8024,61.5,24869.955984035
698,84.7,138200.69609644
