index,WeightKg,WTMEC2YR
1076,65.2,44385.273749512
1380,84.2,54484.5889343214
2391,61.0,15649.7598587717
1932,78.8,151305.124969893
2769,131.3,27804.2532636092
1692,97.2,74480.8150764318
2430,99.7,46326.6817491255
6612,69.9,109731.692769787
