index,BloodManganeseUgl,WTMEC2YR
3884,13.07,71302.9841618051
5903,4.49,41535.1211896088
5832,9.9,40105.862703562
6965,9.67,67943.0604115963
2392,6.56,73026.1708821077
2804,9.77,41086.187059834
6247,12.37,43860.6655419532
7571,9.89,93072.6615693225
5080,8.21,60961.623482179
6072,8.91,101242.476754588
5250,6.76,21330.0780168978
3459,9.6,60482.0408601191
4434,3.7,21867.2305373883
6840,3.19,46395.9563508233
