index,BloodManganeseUgl,WTMEC2YR
1475,5.95,20781.4650384493
6467,13.3,151132.153271412
5698,12.7,41832.6876556029
3025,10.95,25867.7736441886
6965,9.67,67943.0604115963
2804,9.77,41086.187059834
1161,4.39,42096.4408111257
8139,10.34,103433.248183485
5603,10.0,125158.750383651
4855,10.21,109691.147805208
6651,3.79,29154.3466881829
2491,6.78,10206.8992140651
5916,6.99,45824.1053315667
5080,8.21,60961.623482179
5424,5.23,71078.6551974057
1236,9.83,32650.3002910157
