index,BloodManganeseUgl,WTMEC2YR
1424,9.55,189007.85930351
3012,7.03,61835.4696824814
3884,13.07,71302.9841618051
4483,6.79,33612.8511662752
7823,8.65,25332.0716863834
6210,9.6,33221.7021094102
6625,9.02,110963.928550483
5603,10.0,125158.750383651
7270,5.93,126474.184331103
80,9.04,149491.377588386
3459,9.6,60482.0408601191
2596,7.28,39304.6464072963
5424,5.23,71078.6551974057
1669,6.8,57787.5361604703
