index,TakeMedicationForDepression,WTMEC2YR
73,1.0,43102.5624077064
6444,0.0,17056.9295750947
7574,0.0,24661.1541391171
831,1.0,52103.4560518576
2943,0.0,103875.25737014
294,1.0,66432.1829552821
1650,0.0,75823.2953275086
5049,1.0,35520.3727717859
6824,0.0,34706.8566339495
1132,1.0,26231.8131290454
