index,TakeMedicationForDepression,WTMEC2YR
8270,1.0,61763.1798695936
5284,1.0,77270.997960153
5923,0.0,127791.919413601
3344,0.0,145905.676839955
2142,0.0,200294.735191465
5780,0.0,31643.418332961
5058,0.0,62405.1023901247
