index,TakeMedicationForDepression,WTMEC2YR
4368,0.0,110793.891779072
1109,0.0,90967.3796258704
5322,0.0,158002.053973426
5964,0.0,156240.057335583
3337,0.0,142823.509105085
1650,0.0,75823.2953275086
1477,0.0,20984.1810484105
4054,0.0,23407.1135409145
