index,TakeMedicationForDepression,WTMEC2YR
2142,0.0,200294.735191465
7689,0.0,111609.790302581
2602,0.0,34730.5920427559
7539,0.0,162308.482121441
1091,0.0,62568.658214422
4403,0.0,123871.22022007
8301,0.0,31959.2346412488
