index,TakeMedicationForDepression,WTMEC2YR
1301,1.0,169435.34266015
2185,1.0,10894.7685856712
8320,0.0,117354.999333292
8057,0.0,261074.049697366
4710,0.0,416873.538378507
3289,0.0,88937.1678854062
2607,0.0,175079.053076806
6784,0.0,236115.078498818
