index,TakeMedicationForDepression,WTMEC2YR
7009,1.0,207829.112758375
1649,0.0,35813.7119554355
8057,0.0,261074.049697366
7075,0.0,64119.2579991607
1715,0.0,172750.291185162
1932,1.0,151305.124969893
1465,1.0,239893.12382842
4586,1.0,23020.9697614744
