index,BloodManganeseUgl,WTMEC2YR
7270,5.93,126474.184331103
604,7.21,249636.771221841
1424,9.55,189007.85930351
6625,9.02,110963.928550483
5916,6.99,45824.1053315667
5897,6.47,18095.1300689585
3668,6.02,122013.968424775
