index,EverToldYouHadCancerOrMalignancy,WTMEC2YR
1472,1.0,96526.6115810372
2210,0.0,27482.648315857
3550,0.0,76614.6063556271
8139,0.0,103433.248183485
4803,0.0,19124.580308032
842,0.0,51137.3379889734
1024,0.0,66507.8410675663
