index,BloodMercuryTotalUgl,WTMEC2YR
648,0.48,55655.8070712545
2230,0.55,34170.1468410432
7482,0.2,46728.2918336801
7006,0.35,36152.9458987638
6098,0.76,66897.6679402158
5151,0.85,145519.612339116
2544,0.45,63753.0108596143
1861,0.2,100289.037362182
3827,0.74,39663.9574285492
208,0.39,125800.888013629
5591,0.28,51165.5915212813
1695,0.81,70721.9483499681
7401,0.81,60731.1438614204
