index,BloodMercuryTotalUgl,WTMEC2YR
3835,0.39,95942.4514261342
4013,0.55,92243.2705512622
6836,0.36,51148.7930987336
208,0.39,125800.888013629
3129,0.2,41326.1112848636
4960,0.97,61036.8352395488
1163,3.74,38279.7725910864
6105,0.28,62243.9903132519
