index,CoveredByHealthInsurance,WTMEC2YR
2804,1.0,41086.187059834
930,1.0,72154.6507071293
1161,1.0,42096.4408111257
2835,1.0,16813.1197408757
6210,1.0,33221.7021094102
5903,1.0,41535.1211896088
1091,1.0,62568.658214422
3550,1.0,76614.6063556271
