index,DoctorToldYouHaveDiabetes,WTMEC2YR
3498,0,39096.4600126547
1606,0,110610.031490507
6374,0,166329.586364755
6832,0,176978.890602464
2890,0,109182.191199003
2523,0,24186.2718639289
5929,0,144132.246530481
1248,0,80666.8649325279
4915,0,43702.6362399893
2832,0,18617.5446736951
8174,0,179271.499190576
133,0,72835.9395657335
8059,0,23879.2056567677
8055,0,118521.430603195
