index,WeightKg,WTMEC2YR
4823,77.1,282808.747077932
2551,56.3,109756.75970328
7207,58.6,98607.9808135274
4650,51.7,68916.2960161287
4606,73.9,256727.440457377
648,65.3,55655.8070712545
3469,61.1,72883.2690090547
2527,82.5,61809.6966018788
3869,57.5,168066.641320737
4914,80.8,44699.182128448
5774,49.8,35830.7954971109
3082,48.4,64118.8221508512
4158,50.7,74417.9312328694
1460,60.1,300980.757197945
686,67.7,306375.581076064
7726,45.4,58286.5765373617
