index,BloodMercuryTotalUgl,WTMEC2YR
1740,0.28,122298.046092623
5545,0.97,294522.533492548
4823,0.68,282808.747077932
1237,0.2,124334.322749208
6575,1.95,65465.2329413708
2021,5.74,26626.1698306857
6668,0.8,197924.026946561
