index,BloodMercuryTotalUgl,WTMEC2YR
135,0.47,137884.509474123
3444,0.2,19194.646502057
5545,0.97,294522.533492548
5020,0.2,45508.5250845582
208,0.39,125800.888013629
3312,0.2,94087.0934374869
2432,0.46,21312.7389797106
6348,0.69,125026.318098926
