index,WeightKg,WTMEC2YR
3469,61.1,72883.2690090547
902,55.6,33201.9763894991
4373,49.1,153934.213926753
790,58.7,63027.5510543883
5894,64.4,47243.4519595567
551,53.7,118245.911658417
2198,61.1,125860.868622171
3492,63.1,312634.31996995
