index,WeightKg,WTMEC2YR
5377,71.4,78125.7303559698
2524,63.5,56084.3581839438
5500,66.6,28342.7613263653
2745,64.7,32330.7187895826
790,58.7,63027.5510543883
686,67.7,306375.581076064
2718,74.3,77398.3634740178
2991,66.1,83451.3491432387
4674,72.0,115343.096171992
296,60.8,55761.5772812423
407,44.7,21341.3288720541
