index,WeightKg,WTMEC2YR
4968,63.5,25571.8953929912
6756,49.8,82749.6526894326
4132,58.1,112660.512717485
3492,63.1,312634.31996995
2527,82.5,61809.6966018788
5807,69.0,83194.6611469297
6087,74.5,196668.129246055
5598,49.7,39458.5320391045
1767,58.6,58553.494182833
