index,BloodMercuryTotalUgl,WTMEC2YR
3584,0.69,76373.9766678607
7706,0.6,156305.081343801
2678,0.5,15989.640717357
1080,0.47,34106.3671926591
1237,0.2,124334.322749208
6668,0.8,197924.026946561
3835,0.39,95942.4514261342
2716,0.61,145642.029030677
