index,BloodMercuryTotalUgl,WTMEC2YR
4387,0.41,86501.2293488421
7354,0.63,84038.3740839004
4013,0.55,92243.2705512622
6479,0.48,26780.2451718634
1253,0.51,33024.9685559854
5807,0.34,83194.6611469297
