index,BloodMercuryTotalUgl,WTMEC2YR
7812,0.91,64172.7906131665
1695,0.81,70721.9483499681
5807,0.34,83194.6611469297
5591,0.28,51165.5915212813
135,0.47,137884.509474123
7397,0.29,44623.9203939719
