index,BloodCadmiumUgl,WTMEC2YR
1301,2.18,169435.34266015
1681,0.73,88092.722321012
2147,1.27,20635.8467326305
58,0.14,75727.2715898599
901,1.99,213676.041604305
4112,3.25,87666.6369156147
6126,1.19,34532.3119039471
4699,0.37,407800.803407575
3812,4.09,95237.1089077765
5483,0.77,84725.3473127015
