index,TakeMedicationForDepression,WTMEC2YR
3050,0.0,62757.685836162
3594,0.0,35826.3322825042
7835,0.0,27727.8755000438
1582,0.0,27419.0467090216
1912,0.0,23572.0178064348
8157,0.0,24900.2375909496
2114,0.0,11701.0544068055
5158,0.0,31753.7458522973
3797,0.0,40425.4927025968
1297,0.0,58268.5657974819
2338,0.0,16747.2321927531
1547,0.0,30497.2830777565
1168,0.0,14978.4152576992
