index,WeightKg,WTMEC2YR
7151,98.2,62910.6199221599
4356,129.4,65509.8361944109
205,107.7,155035.582452211
8139,98.4,103433.248183485
3707,62.1,30217.4775669844
4268,58.5,141528.193131576
7028,48.0,24850.6847769197
1279,51.5,26218.1019337745
5443,61.1,18591.4924689518
2862,103.7,121356.123347592
6637,89.0,23438.0468125674
5006,117.8,26065.6697469482
4011,65.3,113643.612373712
1556,95.2,113649.286711292
1417,88.8,142475.970042355
