index,WeightKg,WTMEC2YR
2603,78.8,36534.0744799592
7678,108.3,23056.3277734246
5866,83.1,320792.726122231
4174,114.7,135154.322203794
5263,76.6,281295.984028268
5588,92.5,170077.084138516
6527,95.8,159258.30526373
4710,47.5,416873.538378507
4699,70.8,407800.803407575
2089,149.7,30942.834198698
