index,WeightKg,WTMEC2YR
7302,70.2,41552.9933188561
6340,93.7,160725.956027591
5231,124.2,33134.4814280855
2633,103.1,22394.5888164114
7287,71.8,66919.6603129886
6562,70.1,162895.797149377
887,96.4,97289.0672070798
838,66.2,180878.018051287
