index,WeightKg,WTMEC2YR
2440,81.6,33325.9524256287
4936,61.8,30671.700559799
4760,91.7,59653.7583305176
2654,81.8,44272.9595021089
8169,85.4,39712.4031774316
1527,100.1,70245.5005293764
3875,89.3,25513.194721991
