index,WeightKg,WTMEC2YR
545,99.0,144636.784292643
6840,112.6,46395.9563508233
8105,91.0,25235.4919164411
7198,74.5,174017.587362904
3822,72.3,284008.386336762
4485,110.5,128871.432404995
798,60.7,112979.113574068
8089,69.2,131495.301572173
