index,WeightKg,WTMEC2YR
2302,83.5,102225.120135552
8153,98.2,138654.855751892
7314,71.4,251900.62631846
52,73.1,212848.251290738
1832,88.9,24081.1911520528
1460,60.1,300980.757197945
4276,79.1,77213.665834931
