index,WeightKg,WTMEC2YR
817,75.0,78281.8750170408
4720,83.4,89218.8921123399
4915,126.4,43702.6362399893
3383,74.1,34429.0129387237
2943,92.0,103875.25737014
6963,65.2,20910.6145175715
7315,67.0,111812.852459262
