index,WeightKg,WTMEC2YR
4519,53.2,30392.5598743363
6437,110.1,28774.3987151276
2934,56.1,202666.607385467
135,67.9,137884.509474123
4705,86.4,66507.8410675663
2903,105.6,102514.879614189
4605,106.0,34079.4285722229
1649,82.5,35813.7119554355
