index,WeightKg,WTMEC2YR
450,99.1,252445.411711235
5506,59.1,17898.0741412027
4577,78.0,154923.393857915
1357,101.0,10996.1457551276
7794,56.3,31949.0198196563
129,94.6,190727.342267678
3668,114.9,122013.968424775
6668,47.2,197924.026946561
