index,CoveredByHealthInsurance,WTMEC2YR
5033,1.0,117784.461757979
6105,0.0,62243.9903132519
3492,1.0,312634.31996995
8365,1.0,39426.2999475659
1309,1.0,221220.827941338
3010,1.0,124173.47167798
5710,1.0,152100.041311101
567,1.0,124622.594935855
6186,1.0,288489.404981519
84,1.0,34146.6944942787
11,1.0,9250.90467224568
8095,1.0,163857.514702973
3631,1.0,54757.2984538102
7000,1.0,100556.31219906
6976,1.0,152367.631364916
5693,1.0,33009.2495545716
867,1.0,181104.408586445
