index,CoveredByHealthInsurance,WTMEC2YR
1208,1.0,94148.8489561925
6562,1.0,162895.797149377
1843,1.0,93318.1539125971
3752,1.0,161213.584692293
673,1.0,46684.2680325729
8066,1.0,272498.888663072
6354,1.0,50394.2966911037
