index,BloodCadmiumUgl,WTMEC2YR
4225,0.2,63999.1817453194
1429,1.83,74577.2069754017
2826,0.13,93220.9583049731
5143,0.83,81444.1499133945
7813,0.17,189073.832972442
7526,0.77,105081.123610655
4942,0.17,197924.026946561
