index,BloodCadmiumUgl,WTMEC2YR
3007,0.42,52033.4622694743
6334,0.6,79818.1025669878
486,0.14,49629.7963666772
6487,0.31,16817.609789251
694,0.29,26821.1115731996
3016,0.46,32861.9142424838
5483,0.77,84725.3473127015
