index,EverToldYouHadCancerOrMalignancy,WTMEC2YR
6823,0.0,38983.9384863637
6959,0.0,98796.6867217
2042,0.0,52892.236672477
8095,1.0,163857.514702973
2903,0.0,102514.879614189
9,0.0,166841.660681132
4219,0.0,33954.4081394409
3409,0.0,70450.006502051
2718,0.0,77398.3634740178
1782,1.0,21575.3289237806
1840,0.0,14254.9918094389
4551,0.0,33155.243339731
6639,0.0,16816.1983580307
5770,0.0,101321.217965211
6271,0.0,49571.8928142366
4062,0.0,248771.632648273
7563,0.0,34066.1566567589
