index,EverToldYouHadCancerOrMalignancy,WTMEC2YR
1842,0.0,63549.2072445451
4481,0.0,28174.0522111574
7203,0.0,33716.9610784375
6880,0.0,61372.6255273763
6863,0.0,213902.49625407
5900,0.0,100106.888745954
8057,1.0,261074.049697366
6538,0.0,143271.638072563
